CustomerID;LOAN;MORTDUE;VALUE;REASON;JOB;YOJ;DEROG;DELINQ;CLAGE;NINQ;CLNO;DEBTINC
A0001;1100;25860;39025;HomeImp;Other;10.5;0;0;94.366666667;1;9;
A0002;1300;70053;68400;HomeImp;Other;7;0;2;121.83333333;0;14;
A0003;1500;13500;16700;HomeImp;Other;4;0;0;149.46666667;1;10;
A0004;1500;;;;;;;;;;;
A0006;1700;30548;40320;HomeImp;Other;9;0;0;101.46600191;1;8;37.113613558
A0007;1800;48649;57037;HomeImp;Other;5;3;2;77.1;1;17;
A0009;2000;32700;46740;HomeImp;Other;3;0;2;216.93333333;1;12;
A0010;2000;;62250;HomeImp;Sales;16;0;0;115.8;0;13;
A0011;2000;22608;;;;18;;;;;;
A0012;2000;20627;29800;HomeImp;Office;11;0;1;122.53333333;1;9;
A0013;2000;45000;55000;HomeImp;Other;3;0;0;86.066666667;2;25;
A0014;2000;64536;87400;;Mgr;2.5;0;0;147.13333333;0;24;
A0015;2100;71000;83850;HomeImp;Other;8;0;1;123;0;16;
A0016;2200;24280;34687;HomeImp;Other;;0;1;300.86666667;0;8;
A0018;2200;23030;;;;19;;;;;;3.7113122995
A0020;2300;102370;120953;HomeImp;Office;2;0;0;90.992533467;0;13;31.588503178
A0021;2300;37626;46200;HomeImp;Other;3;0;1;122.26666667;1;14;
A0022;2400;50000;73395;HomeImp;ProfExe;5;1;0;;1;0;
A0023;2400;28000;40800;HomeImp;Mgr;12;0;0;67.2;2;22;
A0024;2400;18000;;HomeImp;Mgr;22;;2;121.73333333;0;10;
A0027;2400;98449;117195;HomeImp;Office;4;0;0;93.811774855;0;13;29.681827045
A0028;2500;15000;20200;HomeImp;;18;0;0;136.06666667;1;19;
A0029;2500;25116;36350;HomeImp;Other;10;1;2;276.96666667;0;9;
A0030;2500;7229;44516;HomeImp;Self;;0;0;208;0;12;
A0031;2500;71408;78600;HomeImp;ProfExe;8;0;0;255.73333333;0;12;
A0032;2800;50795;63100;HomeImp;Self;26;2;15;145.63333333;3;45;
A0033;2800;4000;60850;HomeImp;Other;16;4;0;112.63333333;2;9;
A0034;2900;78600;113000;DebtCon;ProfExe;6;1;0;165.33333333;2;26;
A0035;2900;103949;112505;HomeImp;Office;1;0;0;96.10232967;0;13;30.051136286
A0036;2900;104373;120702;HomeImp;Office;2;0;0;101.54029753;0;13;29.915859028
A0037;2900;7750;67996;HomeImp;Other;16;3;0;122.20466276;2;8;36.211347998
A0038;2900;61962;70915;DebtCon;Mgr;2;0;0;282.80165924;3;37;49.20639579
A0039;3000;104570;121729;HomeImp;Office;2;0;0;85.884371895;0;14;32.059783267
A0040;3000;7000;20300;HomeImp;Other;3;0;0;50.8;5;9;
A0042;3000;;33000;HomeImp;Other;1;0;1;23.3;1;2;
A0043;3000;119826;193500;HomeImp;Other;8;0;0;130.03335846;0;27;
A0044;3000;20000;29750;DebtCon;Other;2;0;0;187.06666667;0;12;
A0045;3000;;14500;HomeImp;Other;3;0;0;9.3;14;2;
A0047;3000;47000;82700;HomeImp;ProfExe;10;0;1;262.16666667;5;26;
A0048;3000;34542;45900;HomeImp;Mgr;8.5;0;2;62.366666667;0;10;
A0050;3000;47000;56400;HomeImp;Office;21;0;0;201.86666667;0;20;
A0051;3100;39589;36100;HomeImp;Other;1.5;0;0;153.16666667;1;14;
A0052;3100;;70400;;;;;;;;;
A0053;3200;67848;74566;HomeImp;Mgr;10;;1;206.42660206;0;25;40.115677278
A0054;3200;48603;61000;HomeImp;ProfExe;28;0;4;122.03333333;1;25;
A0055;3200;27200;40834;HomeImp;Other;;0;0;298.13156403;0;7;35.553538789
A0057;3200;74864;87266;HomeImp;ProfExe;7;0;0;250.63126922;0;12;42.909997351
A0058;3200;23159;;HomeImp;Mgr;20;;2;117.80574784;0;9;0.5244992154
A0059;3300;126541;134527;HomeImp;Sales;9;1;0;139;0;36;
A0060;3300;130518;164317;DebtCon;Other;9;0;6;192.28914897;0;33;35.73055919
A0061;3400;37000;52000;HomeImp;Office;2;0;1;183.29991561;0;6;
A0063;3500;19400;20494;HomeImp;Other;5;0;0;95.933333333;0;9;
A0064;3600;61584;61800;HomeImp;ProfExe;10;;;;;;
A0065;3600;41900;52490;HomeImp;Mgr;3;0;0;72.033333333;2;4;
A0066;3600;83700;111800;HomeImp;ProfExe;6;0;0;192.73333333;1;28;
A0067;3600;61327;76484;HomeImp;Mgr;9;;2;202.51077515;0;25;41.516389699
A0068;3600;100693;114743;HomeImp;Office;6;0;0;88.470452135;0;14;29.393543382
A0069;3600;48507;61000;DebtCon;Office;13;1;4;97.4;0;17;
A0072;3800;19135;97692;HomeImp;Mgr;1.6;1;6;252.63333333;1;25;
A0074;3800;;73189;;;;;;;;;22.253949156
A0075;3800;11543;46045;HomeImp;Self;;0;0;204.64799167;0;11;42.173165882
A0076;3900;29896;45960;HomeImp;Other;11;0;0;146.12324219;0;14;24.478881191
A0077;3900;14500;22092;HomeImp;Other;3.5;0;1;150.3;5;8;
A0078;3900;52825;63000;DebtCon;ProfExe;8;0;4;171.66666667;1;31;
A0079;3900;102143;118742;HomeImp;Office;2;0;0;85.277365579;0;13;29.343921089
A0081;4000;105164;112774;HomeImp;Office;1;0;0;94.724874167;0;13;29.390928055
A0082;4000;54543;61777;HomeImp;Office;21;0;0;205.58668003;0;19;21.806563464
A0083;4000;;80609;HomeImp;Other;1.5;0;2;126.53333333;3;12;
A0085;4000;17000;52012;HomeImp;ProfExe;22;3;1;85.333333333;1;9;
A0086;4000;29562;37200;DebtCon;Other;6;0;0;92.133333333;1;26;
A0087;4000;41700;76725;HomeImp;Other;0.5;0;3;136.13333333;0;15;
A0088;4000;58000;69440;HomeImp;Other;3.5;0;1;168.66666667;0;18;
A0089;4000;5700;18000;DebtCon;Other;;0;0;12.2;0;17;
A0090;4000;45000;58350;HomeImp;Mgr;3.5;0;0;162;3;16;
A0091;4000;7000;16020;HomeImp;Other;18;0;1;85.8;2;23;
A0092;4000;66000;79050;HomeImp;Other;1.8;2;0;279;1;6;
A0093;4000;;45760;HomeImp;;0;0;0;;0;0;
A0095;4000;64240;63990;HomeImp;Sales;5;2;0;160.3;1;23;
A0096;4000;74000;93000;HomeImp;ProfExe;2.6;1;3;186.63333333;;9;
A0097;4000;55000;59000;DebtCon;Other;12;2;0;146.1;0;22;
A0098;4000;67625;80698;HomeImp;Mgr;11;;1;212.34930388;0;25;39.128717628
A0099;4000;67533;71865;HomeImp;Mgr;10;;2;227.79298841;0;25;39.166328703
A0100;4100;;19132;HomeImp;Other;0;0;0;100.77465221;0;19;33.840919904
A0102;4100;57992;63797;DebtCon;ProfExe;7;0;4;165.50503695;1;31;22.27817437
A0103;4200;56544;59218;HomeImp;Office;19;0;0;211.00259912;1;20;19.027704425
A0104;4200;34800;50225;HomeImp;Other;2;1;0;93.5;1;5;
A0106;4200;44000;55085;DebtCon;;6;;1;75.433333333;;16;
A0107;4200;66272;82953;HomeImp;Other;3;0;0;110.27866259;0;15;43.450587911
A0108;4200;50216;58541;HomeImp;Office;19;0;0;209.87130224;0;19;20.20803267
A0109;4300;71206;78698;DebtCon;Sales;3;0;0;129.93286902;0;31;34.181376516
A0111;4300;72021;80027;HomeImp;Other;2;2;0;263.97030029;0;5;36.432093937
A0113;4400;;60250;;;;;;;;;
A0114;4400;53091;64074;DebtCon;Office;14;1;3;89.86105825;0;17;39.158084834
A0115;4500;66127;79087;HomeImp;Other;4;1;0;81.349065098;0;15;40.70530876
A0116;4500;;77182;;;;;;;;;25.227252904
A0117;4500;39000;66000;HomeImp;Other;1;0;0;170.36666667;1;19;
A0118;4500;71082;79247;HomeImp;Other;4;0;0;118.76041007;0;14;41.421110521
A0119;4500;;49044;HomeImp;;0;0;0;;0;0;11.652738796
A0120;4500;57000;;HomeImp;Other;5;;;222.6;1;13;
A0121;4500;34184;46000;HomeImp;Mgr;3.5;0;1;122.6;2;22;
A0122;4500;66517;87000;DebtCon;ProfExe;10;0;4;125.8;0;34;
A0123;4500;45500;50000;HomeImp;Other;6;0;0;86.166666667;0;18;
A0124;4500;118000;146870;HomeImp;ProfExe;4.5;2;0;203.86666667;1;20;
A0127;4700;71855;88566;HomeImp;Other;2;2;0;283.95953809;0;5;36.475473283
A0128;4700;53918;59511;DebtCon;;6;;0;54.13647743;;15;34.416507811
A0129;4700;49100;58238;HomeImp;ProfExe;0.1;0;0;61.8;2;17;
A0130;4700;88026;115506;HomeImp;ProfExe;6;0;0;182.24833156;0;27;29.20902258
A0131;4700;26900;45000;HomeImp;ProfExe;9;1;2;90.466666667;1;16;
A0132;4800;67317;97191;;Mgr;3;0;0;137.31972481;0;23;34.275293777
A0133;4800;56067;63102;DebtCon;ProfExe;9;0;3;160.14631128;1;30;21.583760121
A0134;4800;80482;88342;HomeImp;ProfExe;7;0;0;275.03239483;0;11;43.717635112
A0135;4900;58688;63348;DebtCon;ProfExe;9;0;3;179.16257471;2;31;22.544392837
A0136;4900;65873;90408;;Mgr;2;0;0;141.85899895;0;23;37.76961861
A0137;4900;25597;23031;HomeImp;Other;5;0;0;101.74676644;0;8;33.243156978
A0138;4900;67794;84630;HomeImp;Other;4;0;0;112.57341888;0;15;41.673996362
A0139;4900;44000;59745;HomeImp;Other;10;0;0;81.5;3;13;
A0140;4900;;28437.5;HomeImp;;;;;;;;
A0141;4900;170986;245300;DebtCon;Sales;;0;0;131.93333333;0;22;
A0142;4900;65576;65774;HomeImp;Other;6;1;2;61.64250608;1;14;40.590910018
A0143;4900;57461;68494;DebtCon;ProfExe;8;0;4;183.63561323;0;30;22.795423552
A0144;4900;;69706;;;;;;;;;33.705587738
A0145;5000;;34846;HomeImp;;;;;;;;33.354652626
A0146;5000;47479;61690;DebtCon;;5;;0;65.032969007;;16;36.699414922
A0147;5000;66839;87168;HomeImp;Other;4;0;0;122.59722258;0;15;40.616779346
A0149;5000;90059;113714;HomeImp;ProfExe;7;0;0;193.63644686;0;28;25.897316482
A0150;5000;22320;34900;HomeImp;Other;10;0;0;65.7;1;5;
A0151;5000;40000;70500;HomeImp;Mgr;0.4;0;0;61.766666667;2;8;
A0152;5000;100882;102700;HomeImp;Mgr;5;0;1;58.866666667;0;16;
A0153;5000;31000;47350;HomeImp;ProfExe;12;;;;;;
A0154;5000;63125;126500;HomeImp;Office;3;0;0;100.3;0;14;
A0155;5000;100000;129693.5;HomeImp;Mgr;13;;;;;;
A0156;5000;;132000;HomeImp;Other;17.5;0;2;121.9;0;14;
A0157;5000;;9100;HomeImp;Other;1;0;0;54.733333333;2;8;
A0159;5000;;71277;HomeImp;Other;10;0;0;72.433333333;1;12;
A0160;5000;123000;157500;HomeImp;Mgr;9;;;;;;
A0162;5000;;52000;HomeImp;Other;;0;1;285.33333333;0;6;
A0164;5000;6000;38575;HomeImp;Self;7;0;1;335.03333333;3;42;
A0167;5000;73126;87500;DebtCon;Other;1;0;0;125.96666667;2;10;
A0168;5000;72517;86250;DebtCon;Mgr;19;0;1;300.36666667;1;24;
A0169;5000;26037;35000;HomeImp;ProfExe;12;0;0;182.63333333;0;13;
A0170;5000;39000;50340;HomeImp;Office;10;;;179.83333333;;19;
A0171;5000;;26550;DebtCon;Other;1.7;0;0;276.96666667;1;14;
A0173;5000;;36375;HomeImp;Other;3;0;0;266.8;1;26;
A0174;5000;74225;89640;DebtCon;ProfExe;0.3;;;;;;
A0175;5000;;65400;HomeImp;Office;1.5;0;0;51.766666667;0;4;
A0176;5000;;37500;HomeImp;Other;;0;3;107.13333333;10;5;
A0177;5000;78565;98500;DebtCon;ProfExe;24;0;0;51.766666667;3;14;
A0178;5000;59900;80800;DebtCon;ProfExe;15;0;0;219.13333333;1;18;
A0179;5000;10171;26809;HomeImp;Office;13;3;6;228.3;0;24;
A0182;5000;68000;75616;DebtCon;ProfExe;0.1;0;0;131.86666667;0;30;
A0183;5000;71571;85100;DebtCon;ProfExe;1.4;0;1;82.133333333;0;13;
A0184;5000;28000;36810;DebtCon;Other;2;1;0;222.2;1;6;
A0185;5000;40000;32480;HomeImp;Other;8;3;2;163.36666667;1;16;
A0186;5000;81748;;DebtCon;ProfExe;14;1;2;144.06666667;2;17;
A0187;5000;44674;59375;HomeImp;Office;10;;;178.6925087;;19;26.448197463
A0188;5000;61999;75021.3;HomeImp;Other;5;0;0;97.1;0;23;
A0189;5000;80153;97275;DebtCon;Other;1;0;0;120.67506316;2;10;37.512708409
A0190;5000;68739;93435;;Mgr;3;0;0;148.72040469;0;23;36.669278612
A0191;5000;51209;55320;DebtCon;;5;;1;69.107465597;;15;35.025072968
A0193;5000;;46281;HomeImp;Other;2;0;0;257.6522064;0;26;40.952588884
A0194;5000;66435;82819;HomeImp;Other;2;0;0;125.13062556;0;14;42.183538672
A0195;5100;179725;251962;DebtCon;Sales;;0;0;127.49881344;0;22;40.308259362
A0196;5100;85583;115341;HomeImp;ProfExe;7;0;0;177.95825512;1;28;26.257970132
A0197;5100;72891;80691;HomeImp;Other;1;1;0;273.88170516;0;6;39.852146515
A0198;5100;30755;46735;HomeImp;Other;10;0;0;69;0;17;
A0199;5100;;26715;DebtCon;Other;1;0;0;258.78929762;0;14;26.722343337
A0200;5100;87258;121382;HomeImp;ProfExe;6;0;0;181.66304016;0;28;25.444759149
A0201;5100;;28291;DebtCon;Other;2;0;0;277.94456081;1;14;23.644691283
A0202;5100;9900;30451;HomeImp;Other;11;0;0;21.2;0;2;
A0203;5100;93000;116875;HomeImp;Other;10;;;417.63333333;2;50;
A0204;5100;15500;34000;DebtCon;Other;0;1;2;86.233333333;2;13;
A0205;5100;129319;141875;HomeImp;Sales;7;1;0;157.85980209;0;36;25.650741224
A0206;5100;66834;87361;HomeImp;Other;0;2;0;290.03410799;0;6;38.766985071
A0207;5100;73882;96031;DebtCon;Other;0;0;0;125.78740011;1;10;34.446079222
A0208;5100;74071;97064;DebtCon;Other;0;0;0;121.0759726;2;9;36.401729548
A0209;5100;62702;79784;HomeImp;Other;2;0;0;108.07259081;0;15;43.290139816
A0210;5200;;36425;DebtCon;Other;2;0;0;266.81346457;1;14;23.797401058
A0212;5200;43039;53521;HomeImp;Office;11;;;184.29668729;;19;24.414763177
A0213;5200;19000;26000;DebtCon;Other;0;1;0;17.2;10;7;
A0214;5200;;9500;DebtCon;Other;1;0;1;81.1;1;2;
A0215;5200;91250;110000;HomeImp;Office;24;0;0;123.76666667;1;12;
A0216;5200;16324;45187;HomeImp;Self;;0;0;221.11808171;0;11;42.712093844
A0217;5200;40564;39527;HomeImp;Other;0;0;0;157.77103572;1;13;72.670433313
A0218;5300;73698;84427;DebtCon;;4;;;;;;19.131201179
A0219;5300;66987;65111;HomeImp;Sales;4;1;0;175.32870382;1;22;40.442570389
A0220;5300;26908;36078;HomeImp;Other;;0;0;302.35870946;0;8;39.196985402
A0221;5300;;49396;HomeImp;;0;0;0;;0;0;12.043670576
A0222;5300;44993;50673;HomeImp;Office;7;;;184.74276716;;18;27.906122726
A0223;5300;51000;64000;HomeImp;Mgr;10;1;0;98.333333333;0;12;
A0224;5300;75958;91703;DebtCon;Other;0;0;0;124.1821788;1;10;34.599060194
A0225;5300;97132;117343;HomeImp;Office;22;0;0;109.93390789;1;11;35.8385427
A0226;5300;60826;80826;HomeImp;Mgr;10;;1;212.89174607;0;25;38.591494028
A0227;5300;83552;96809;DebtCon;ProfExe;0;;;;;;28.423961906
A0229;5300;50934;62957;HomeImp;Office;21;0;0;197.24195728;0;20;19.350505633
A0230;5400;53429;64505;DebtCon;;5;;0;69.542430107;;16;36.480236299
A0231;5400;;65474;HomeImp;Office;1;0;0;40.709849004;0;4;37.848771035
A0232;5400;47844;52040;HomeImp;Office;8;;;189.03430464;;18;24.701136262
A0234;5400;59720;63450;HomeImp;ProfExe;5;0;1;199.9;1;20;
A0235;5400;86922;119846;HomeImp;ProfExe;5;0;0;185.07634726;1;28;26.354889295
A0236;5400;68625;82304;DebtCon;Sales;2;0;0;136.63294416;0;30;32.05002349
A0237;5400;65814;85848;HomeImp;Other;4;0;0;122.9402886;0;15;44.092325682
A0238;5400;;75254;;;;;;;;;23.163742947
A0239;5400;78300;88000;HomeImp;ProfExe;8;0;0;102.5;3;19;
A0241;5500;70481;82446;HomeImp;Other;8;0;1;116.59197688;0;24;37.612682724
A0242;5500;;35402;HomeImp;;;;;;;;35.272073735
A0243;5500;87765;101053;DebtCon;ProfExe;22;0;0;55.558049044;2;13;31.375542416
A0244;5500;52897;65054;HomeImp;Office;20;0;0;189.29531847;0;19;20.654128896
A0245;5500;24700;35675;DebtCon;Other;1;0;3;153.93333333;3;27;
A0246;5500;;43132;HomeImp;Other;;;;;;;
A0247;5500;43486;81600;DebtCon;;4;0;0;216.13333333;4;30;
A0248;5500;21359;30000;DebtCon;Other;7;3;2;130.8;3;14;
A0249;5500;;13770;HomeImp;Mgr;5;0;1;167.36666667;1;8;
A0251;5500;87438;116679;HomeImp;ProfExe;6;0;0;186.42441602;1;27;28.417530896
A0253;5500;72147;69918;HomeImp;Sales;4;2;0;158.5344979;0;23;43.404430238
A0254;5500;40584;46645;HomeImp;Other;4;0;1;136.32063746;0;13;34.494708965
A0255;5500;;12972;HomeImp;Other;1;0;1;82.294266354;0;2;36.986744097
A0256;5500;37368;48502;HomeImp;Mgr;9;0;2;48.995845002;0;10;33.126483967
A0258;5500;71644;72696;HomeImp;Sales;4;2;0;150.86584513;0;22;40.442567785
A0259;5500;85845;122205;DebtCon;ProfExe;5;0;0;172.21327665;1;26;32.676640875
A0260;5600;53793;66379;HomeImp;Office;22;0;0;206.09913412;0;19;18.369540527
A0261;5600;69435;83489;DebtCon;ProfExe;14;0;0;200.41843402;1;17;22.841092848
A0263;5600;76407;77485;HomeImp;Other;9;0;0;91.683770634;0;24;37.773350976
A0264;5600;5000;66700;HomeImp;Other;31;1;1;204.06666667;0;11;
A0265;5600;55160;86800;HomeImp;Other;3;1;1;148.13333333;1;14;
A0266;5600;41439;53893;HomeImp;Office;8;;;181.32298993;;19;24.651395744
A0269;5700;;74685;;;;;;;;;24.274865275
A0270;5700;49514;58249;HomeImp;Office;21;0;0;212.53911509;0;21;21.258026878
A0271;5700;76948;85753;HomeImp;Other;7;0;0;128.47645151;0;25;37.85968784
A0272;5700;28127;36524;HomeImp;ProfExe;10;0;0;181.28295679;0;13;24.339533569
A0273;5700;;68591;HomeImp;Office;0;0;0;69.645660473;0;4;41.185039558
A0275;5700;49806;82242;DebtCon;;3;0;0;210.34747857;3;30;31.243408701
A0276;5700;70000;84579;DebtCon;Sales;0.1;0;0;95.9;1;17;
A0277;5700;58400;75000;HomeImp;ProfExe;4;0;0;177.5;2;26;
A0278;5700;80437;109647;HomeImp;ProfExe;9.5;0;0;104.4;0;14;
A0281;5700;71556;79538;HomeImp;Other;2;0;0;92.643084556;0;15;41.21001247
A0282;5700;;39052;HomeImp;Other;3;0;0;272.22062826;0;25;39.896104618
A0283;5700;74172;79846;DebtCon;ProfExe;0;0;0;157.00977472;0;28;47.415228659
A0284;5700;28116;33450;DebtCon;Other;0;1;0;15.396587392;9;7;30.017013296
A0288;5800;;41119;HomeImp;Other;2;0;0;261.40521864;0;26;42.191941556
A0289;5800;75000;90543;DebtCon;Mgr;18;0;0;300.4872058;1;23;38.940575356
A0290;5800;79296;86885;DebtCon;Mgr;19;0;1;307.9748816;1;23;39.959108765
A0291;5800;27791;46833;DebtCon;Mgr;3;0;0;83.289062746;1;13;30.187805389
A0292;5800;172595;250155;DebtCon;Sales;;0;0;126.40098356;0;21;43.20775979
A0293;5800;;34704;HomeImp;;;;;;;;34.174055545
A0294;5800;;73804;HomeImp;Office;1;0;0;71.766557161;0;4;41.287423388
A0296;5900;;28000;DebtCon;Self;1;2;1;36.766666667;1;8;
A0297;5900;70973;77989;HomeImp;Other;7;0;0;120.37941429;0;24;41.442500462
A0298;5900;;33100;HomeImp;Other;;0;0;238.6;1;2;
A0301;5900;25972;41856;DebtCon;Other;2;0;2;157.96001139;3;27;40.628278175
A0302;5900;74187;78976;HomeImp;Other;9;0;1;118.44249103;0;24;40.110407425
A0303;5900;;66903;;;;;;;;;32.782926828
A0305;6000;;69492;;;;;;;;;32.977197226
A0306;6000;95232;115977;HomeImp;Office;22;0;0;149.0229081;1;12;37.954336913
A0307;6000;47625;85925;HomeImp;Office;0.1;2;1;154.13333333;4;26;
A0308;6000;24600;30500;HomeImp;Other;4.5;0;1;116.1;8;34;
A0309;6000;65000;94355;;Other;26;1;3;69.3;1;34;
A0310;6000;;;HomeImp;Office;13;;2;122.76666667;;23;
A0311;6000;33600;;HomeImp;Other;2;0;0;140.93333333;1;20;
A0312;6000;42000;58305;DebtCon;Other;19;0;0;90;2;13;
A0313;6000;32446;54904;HomeImp;Other;2;0;0;51.733333333;1;9;
A0314;6000;9660;35900;DebtCon;Other;8;0;1;136.3;3;6;
A0316;6000;16878;25850;;Mgr;1;0;1;218.6;5;34;
A0317;6000;72951;80000;HomeImp;Other;22.8;0;0;343.9;1;47;
A0318;6000;43000;57460;HomeImp;Other;1.6;1;;101.5;;13;
A0319;6000;53500;64790;DebtCon;Other;0.1;0;2;105.4;3;18;
A0320;6000;69876;94394.07;HomeImp;Other;0;0;1;179.56666667;0;32;
A0321;6000;51000;86125;HomeImp;ProfExe;6;0;0;222.16666667;2;24;
A0322;6000;53227;68700;HomeImp;Mgr;3;0;2;122.73333333;0;23;
A0323;6000;;43300;HomeImp;Other;;;;100.93333333;;9;
A0325;6000;40000;54600;HomeImp;ProfExe;4;0;4;101.4;0;19;
A0326;6000;18793;27750;HomeImp;Mgr;6;0;3;119.7;0;8;
A0327;6000;179397;200000;DebtCon;ProfExe;5;6;0;90.3;6;29;
A0328;6000;;95500;HomeImp;Mgr;6;1;2;129.9;1;22;
A0330;6000;;53190;HomeImp;;0;0;0;;0;0;15.174415003
A0332;6000;129731;154113;HomeImp;ProfExe;12;0;0;213.53333333;0;19;
A0333;6100;48500;62500;DebtCon;Mgr;7;;4;111.3;2;11;
A0334;6100;;47400;;;;;;;;;
A0335;6100;91704;114799;HomeImp;Office;22;0;0;129.25008957;1;12;36.746766237
A0336;6100;47604;54966;HomeImp;Other;5;0;0;70.69532973;0;18;24.76674453
A0337;6100;;35250;HomeImp;Other;;;;303;;12;
A0338;6100;62751;95617;HomeImp;Other;1;0;0;138.64686318;1;13;31.757270694
A0340;6100;68743;65321;HomeImp;Sales;3;1;0;153.0667831;0;22;40.15052706
A0341;6100;79636;87276;HomeImp;Other;20;0;0;350.43613755;0;47;28.848276581
A0342;6100;;46830;HomeImp;;0;0;1;;0;0;13.306013076
A0343;6100;78753;95433;DebtCon;ProfExe;0;;;;;;28.925117417
A0344;6100;77265;97944;DebtCon;ProfExe;0;;;;;;28.876463055
A0345;6200;75657;84368;DebtCon;Sales;4;0;0;122.24494502;0;30;32.552543335
A0346;6200;171582;245730;DebtCon;Sales;;0;0;135.10893025;0;22;39.783818126
A0347;6200;;33909;HomeImp;;;;;;;;34.517404516
A0348;6200;46601;59486;HomeImp;Other;5;0;0;84.63211066;0;18;25.35001036
A0350;6200;45356;82054;DebtCon;;2;0;0;201.33448747;4;29;29.661710162
A0351;6200;;41657;HomeImp;Other;;;;293.95872355;;11;30.197630728
A0352;6200;;;DebtCon;Self;3;;;80.5;2;17;
A0354;6200;42100;57385;DebtCon;Other;8.5;0;1;164.8;1;28;
A0355;6200;70793;71552;HomeImp;Sales;3;2;0;162.94515692;0;23;40.315396587
A0356;6200;73881;98550;HomeImp;Other;0;0;1;182.8787798;0;31;37.19944569
A0357;6200;45787;64854;DebtCon;;4;;1;63.117023228;;16;36.538747338
A0359;6200;;51732;;;;;;;;;12.324707091
A0360;6200;133882;155222;HomeImp;ProfExe;9;0;0;212.53764322;0;19;20.616783656
A0361;6200;75623;89634;HomeImp;Other;24;0;0;324.68682941;0;47;28.285532103
A0363;6300;99469;116260;HomeImp;Office;23;0;0;124.74559549;1;12;35.642270107
A0364;6300;55000;69000;DebtCon;ProfExe;13;0;0;130.06666667;0;20;
A0365;6300;;72890;HomeImp;Office;1;0;0;41.250113587;0;3;39.198068218
A0366;6300;44226;57779;DebtCon;;7;;0;63.626413251;;16;33.111829109
A0367;6300;;39050;HomeImp;Other;;;;294.47804756;;12;31.447750409
A0368;6300;78724;80355;HomeImp;Other;24;0;0;335.07414261;1;46;31.177261304
A0369;6300;59793;98314;DebtCon;Self;2.2;0;0;120.73333333;0;8;
A0370;6300;65875;76000;DebtCon;Mgr;0.8;2;0;84;1;12;
A0371;6300;45582;89005;DebtCon;;2;0;0;209.35804693;4;30;29.595955514
A0372;6300;92659;117352;HomeImp;ProfExe;6;0;0;199.01192718;0;27;26.520049519
A0373;6300;58052;70091;DebtCon;ProfExe;9;0;4;153.78043854;1;30;21.719595981
A0375;6300;79667;96988;DebtCon;ProfExe;1;;;;;;29.835960721
A0376;6300;12476;32559;HomeImp;Office;12;3;6;227.12990511;0;23;23.31951678
A0377;6300;69357;73726;HomeImp;Sales;3;2;0;163.28393319;1;22;42.407814245
A0378;6300;26655;29792;DebtCon;Other;1;1;0;12.759267447;10;6;28.36185178
A0379;6400;25144;45200;HomeImp;Other;25;0;2;128;4;17;
A0380;6400;99131;125652;HomeImp;Other;8;;;419.3751538;1;50;42.244927573
A0382;6400;47251;58157;HomeImp;Other;0;0;;104.79246836;;13;36.416886965
A0385;6400;17491;63614;HomeImp;Office;23;0;0;325.29930871;0;12;40.244404369
A0386;6400;65215;74332;HomeImp;Mgr;9;;1;213.8321032;0;24;40.64461955
A0387;6400;62746;75016;DebtCon;ProfExe;12;0;0;133.10154783;0;20;40.188123128
A0388;6400;76732;78084;HomeImp;Other;8;0;0;109.19302137;0;26;37.964554318
A0389;6400;70035;78635;DebtCon;Sales;3;0;0;147.07716353;0;31;31.206129763
A0391;6400;51436;91284;DebtCon;;4;0;0;209.64289843;2;30;31.971971208
A0392;6400;44968;62747;HomeImp;Other;0;1;;101.39144532;;12;36.602947343
A0393;6400;9113;46351;HomeImp;Self;;0;0;202.25079583;0;11;45.114319388
A0395;6400;57887;74776;HomeImp;Mgr;3;0;1;126.32864372;0;22;28.756345434
A0397;6500;;37448;HomeImp;Other;;;;333.23089989;;11;29.011980578
A0398;6500;60054;70434;HomeImp;Other;1;0;0;127.06270157;2;21;37.800352933
A0399;6500;80739;97630;DebtCon;ProfExe;1;;;;;;30.531264536
A0400;6500;63144;76754;HomeImp;Mgr;2;0;2;129.0777116;0;23;29.055433128
A0403;6500;51724;87770;DebtCon;;4;0;0;209.32631158;4;29;30.343448604
A0404;6500;13600;;HomeImp;Other;14;2;5;115.36666667;1;16;
A0405;6500;48000;61000;DebtCon;Other;1;1;0;97.299756098;6;38;
A0406;6500;65000;80400;DebtCon;Other;15;0;0;224.86666667;0;13;
A0407;6500;22789;35836;HomeImp;Office;1;0;0;110.56666667;2;30;
A0409;6500;55000;88300;HomeImp;Office;29;0;0;234.4;1;17;
A0411;6500;70300;107500;DebtCon;Office;1;0;0;242.46666667;1;38;
A0412;6500;96314;105800;HomeImp;ProfExe;27;0;0;475.8;2;40;
A0414;6500;;70886;;;;;;;;;23.47088075
A0415;6500;183860;208910;DebtCon;ProfExe;4;6;0;86.452226941;6;29;69.8005248
A0418;6600;74376;84855;DebtCon;;3;;;;;;20.028353505
A0419;6600;;48800;HomeImp;;0;0;0;;0;0;12.219436152
A0420;6600;68733;81973;HomeImp;Other;5;0;0;96.977667199;0;14;42.211046784
A0421;6600;40926;50486;HomeImp;Office;10;;;179.80086812;;19;27.532376107
A0422;6600;95450;112630;HomeImp;Office;23;0;0;122.81558408;0;12;36.773458722
A0423;6600;;46516;HomeImp;;0;0;0;;0;0;14.845990728
A0424;6600;98415;126636;HomeImp;Other;11;;;423.20962409;2;49;40.957090317
A0425;6700;;55396;;;;;;;;;15.703991562
A0426;6700;55113;56486;HomeImp;Other;4;0;0;84.417030462;0;17;23.642853829
A0427;6700;60301;70543;HomeImp;ProfExe;5;0;0;195.78086332;0;19;32.397593406
A0429;6700;49367;59609;HomeImp;Other;6;0;0;99.303700784;0;17;25.231366381
A0430;6700;58741;68225;DebtCon;ProfExe;9;0;3;173.5744163;1;31;23.587013228
A0432;6700;;81239;HomeImp;Other;19;;;;;;40.894931701
A0433;6700;69773;83014;HomeImp;Other;0;1;0;263.17343429;0;5;37.70699649
A0434;6700;51855;58084;HomeImp;Office;21;0;0;193.75474567;0;19;19.549571698
A0437;6700;66587;70710;DebtCon;ProfExe;9;1;0;43.923382631;1;24;39.738576265
A0440;6700;134616;155034;HomeImp;ProfExe;13;1;0;215.42240638;0;19;19.493871984
A0441;6800;136951;160306;HomeImp;ProfExe;11;0;0;219.7356734;1;18;20.885093499
A0442;6800;138691;160063;HomeImp;ProfExe;12;0;0;208.42084303;0;19;19.33336736
A0443;6800;49809;65074;DebtCon;Mgr;7;;4;116.6327333;3;10;39.215028911
A0444;6800;78292;86959;DebtCon;;3;;;;;;18.927211638
A0445;6800;139578;154602;HomeImp;ProfExe;12;0;0;201.96083432;0;18;22.325828788
A0446;6800;57439;74816;HomeImp;Mgr;2;0;2;126.30323511;0;22;27.118653527
A0447;6800;76074;88178;HomeImp;Other;22;0;0;341.46505556;0;46;27.523246143
A0449;6800;45150;57150;DebtCon;Office;4;0;1;94.333333333;3;12;
A0450;6800;56155;57912;HomeImp;Office;21;0;0;206.30632134;0;20;21.798513082
A0451;6800;;27410;HomeImp;Mgr;6;1;0;2.0333333333;1;5;
A0452;6800;178559;247611;DebtCon;Sales;;0;0;127.23414105;0;22;42.083901678
A0453;6800;;72310;HomeImp;Office;1;0;0;48.818836477;0;3;40.787393229
A0454;6800;71666;99913;HomeImp;Other;0;0;1;196.46499893;0;31;35.761604731
A0455;6800;75964;88754;DebtCon;Mgr;19;0;1;298.70048215;0;23;39.107501643
A0456;6900;75880;113612;DebtCon;Office;1;0;0;230.80558812;1;38;17.965883444
A0457;6900;70717;87466;HomeImp;Other;2;0;0;112.58906066;0;15;41.428089899
A0458;6900;53776;51952;HomeImp;Other;5;0;0;87.900118337;0;17;22.286997477
A0459;6900;53328;58088;DebtCon;Sales;2;0;0;101.5319079;0;21;35.764058362
A0460;6900;5816;;HomeImp;Mgr;23;0;2;67.8;1;18;
A0462;6900;37055;83000;HomeImp;Sales;1;0;0;122.26666667;2;43;
A0463;6900;97662;110046;HomeImp;Office;24;0;0;111.12339734;0;11;37.253150854
A0464;6900;49000;68280;DebtCon;Other;1;0;0;61.9;8;22;
A0466;6900;50387;68443;DebtCon;Mgr;7;;3;105.82732904;2;10;40.717668846
A0467;6900;49932;66042;HomeImp;Office;20;0;0;204.48458275;0;19;21.855494126
A0468;6900;51384;84689;DebtCon;;4;0;0;224.2470369;3;29;30.526150723
A0470;7000;98779;124827;HomeImp;Other;9;;;421.541928;1;49;40.828872934
A0473;7000;;47462;HomeImp;Other;;;;102.6573271;;9;36.094071425
A0474;7000;78284;98214;HomeImp;Other;0;0;1;171.83838617;0;31;36.247963031
A0475;7000;58128;93740;HomeImp;ProfExe;5;0;0;213.36302767;2;24;34.475301929
A0476;7000;81335;81018;HomeImp;Other;22;0;0;341.61057605;1;47;27.767299768
A0477;7000;52287;87972;HomeImp;ProfExe;7;0;0;211.28441317;1;24;33.461402248
A0478;7000;58339;72432;HomeImp;Mgr;10;;1;197.33839792;0;24;39.843087337
A0479;7000;46238;66842;DebtCon;Office;4;0;0;90.380409083;3;11;36.30952679
A0481;7000;19894;32500;DebtCon;Other;4;0;0;134.7;1;16;
A0482;7000;27290;63500;HomeImp;Office;6;;;;;;
A0483;7000;18000;46520;HomeImp;Office;17;0;1;183.1;0;23;
A0484;7000;66000;86300;DebtCon;Other;3;1;1;242.43333333;0;8;
A0486;7000;120000;175450;DebtCon;Other;8;0;0;219.16666667;1;20;
A0488;7000;7000;31200;DebtCon;Other;5;0;0;265.06666667;0;12;
A0489;7000;29000;49000;DebtCon;Other;11;0;0;234.4;1;32;
A0490;7000;5768;26600;;;;;;;;;
A0491;7000;56636;76353;HomeImp;Other;15;0;0;229.3;1;36;
A0492;7000;55000;63000;HomeImp;Other;5;0;0;84.733333333;3;20;
A0493;7000;46225;59000;DebtCon;Other;16;0;4;219.13333333;0;37;
A0494;7000;53194;81150;HomeImp;ProfExe;14;7;0;183.63333333;2;28;
A0495;7000;83000;97635;HomeImp;Other;5.6;3;0;141;0;10;
A0496;7000;138841;160000;DebtCon;Mgr;11;8;0;86.2;2;36;
A0497;7000;38800;53500;HomeImp;ProfExe;15;0;0;96.366666667;0;18;
A0498;7000;25000;49840;DebtCon;Office;0.6;0;0;139;0;13;
A0499;7000;18000;25000;DebtCon;Other;6.5;1;0;205.96666667;1;19;
A0500;7000;74500;81600;HomeImp;ProfExe;2;2;0;340.9;0;29;
A0501;7000;64300;119500;HomeImp;Other;1;1;0;54.833333333;0;8;
A0502;7000;64255;68389;HomeImp;Other;4;0;0;80.152430908;2;19;40.561860543
A0503;7000;;96783;HomeImp;Other;20;;;;;;40.730315337
A0504;7000;129959;161301;HomeImp;ProfExe;11;0;0;209.98629953;0;18;21.917952264
A0505;7000;58114;93391;HomeImp;ProfExe;6;0;0;200.07775507;1;24;31.736511786
A0506;7000;16047;67750;HomeImp;Office;21;0;0;315.32145267;0;12;38.693655802
A0507;7100;39000;55000;;Other;12;0;1;192.76666667;2;31;
A0508;7100;54000;74800;DebtCon;Mgr;7.5;1;1;71;4;18;
A0509;7100;;74753;HomeImp;Office;2;0;0;48.854644654;0;4;41.302546904
A0510;7100;98490;114457;HomeImp;Office;23;0;0;116.10008714;0;11;35.601894251
A0511;7100;54700;68500;DebtCon;;19;0;0;155.2;1;12;
A0512;7100;;40185;HomeImp;Other;3;0;0;272.9226847;1;25;41.916899529
A0513;7100;25896;33580;DebtCon;Other;1;0;0;29.856365166;9;7;28.271474159
A0514;7100;120176;180104;DebtCon;Other;8;0;0;221.60732419;0;18;32.674358967
A0515;7100;58639;72412;DebtCon;ProfExe;14;0;0;120.03346455;0;20;43.678746661
A0516;7100;57863;70969;DebtCon;Other;0;0;0;65.872044812;7;21;26.829490191
A0517;7100;64850;76985;HomeImp;Other;0;0;0;108.21718977;0;7;36.337557557
A0518;7100;53273;54378;HomeImp;Other;5;0;0;84.837249966;0;17;22.861199646
A0519;7200;54600;65000;DebtCon;Other;14;2;1;98.433333333;11;9;
A0520;7200;62329;78007;DebtCon;ProfExe;8;0;0;55.35880309;1;23;38.640277109
A0521;7200;57912;84806;HomeImp;Other;15;0;0;241.51424984;0;35;35.062675655
A0522;7200;98691;115750;HomeImp;Office;22;0;0;118.00014232;0;11;37.72035861
A0523;7200;79946;113807;DebtCon;Office;1;0;0;238.45882498;0;37;18.617288691
A0524;7200;36264;48240;DebtCon;Other;15;0;0;82.166666667;0;12;
A0525;7200;46000;67000;DebtCon;Other;24;0;0;142;1;14;
A0527;7200;;38061;HomeImp;Other;;;;299.75272612;;12;31.880033183
A0528;7200;15637;39660;HomeImp;Self;6;0;1;354.23976343;3;42;33.624133446
A0530;7200;71667;117325;DebtCon;Office;0;0;1;241.05607809;1;38;18.510551331
A0531;7200;;76723;HomeImp;Other;10;0;0;70.193890188;0;11;41.250706258
A0532;7200;71509;86484;DebtCon;;4;;;;;;20.099049784
A0533;7200;22832;31666;DebtCon;Other;0;0;0;38.003266851;9;7;28.295681117
A0534;7300;58671;87975;HomeImp;Mgr;3;0;0;74.066666667;1;16;
A0535;7300;60890;75785;DebtCon;Other;6;0;1;45.966666667;0;13;
A0536;7300;28500;42050;HomeImp;Other;3;;;;;;
A0538;7300;131000;197500;DebtCon;ProfExe;1.5;0;0;68.033333333;2;23;
A0539;7300;55456;86766;HomeImp;ProfExe;6;0;0;240.05677145;2;23;31.724698502
A0540;7300;60973;79443;HomeImp;Other;14;0;0;239.62029765;1;36;36.727136357
A0541;7300;93428;118184;HomeImp;Other;10;;;411.95205053;1;50;40.39647435
A0542;7300;49064;64225;DebtCon;Mgr;6;;4;106.37599933;1;10;40.051915231
A0545;7400;75311;89905;DebtCon;ProfExe;0;;;;;;27.201999612
A0546;7400;2063;100448;HomeImp;Other;;0;0;96.133333333;0;14;
A0548;7400;138033;163162;HomeImp;ProfExe;11;0;0;224.84704249;0;19;21.057574023
A0549;7400;88288;119677;HomeImp;ProfExe;5;0;0;194.37214004;1;27;26.646083641
A0550;7400;75547;93839;DebtCon;ProfExe;0;;;;;;28.161831853
A0551;7400;48924;86612;DebtCon;;4;0;0;207.76841442;4;30;29.937917829
A0552;7400;73985;114849;DebtCon;Office;0;0;0;238.58630343;1;38;18.421369855
A0554;7400;51974;59323;HomeImp;Other;4;0;0;83.34671188;0;18;23.397634628
A0555;7400;56596;72861;HomeImp;Mgr;3;0;1;141.96214925;0;23;28.300245637
A0557;7400;65032;83184;HomeImp;Other;15;0;0;230.42025592;1;35;35.415112916
A0558;7400;72739;91425;DebtCon;ProfExe;3.5;0;0;128.83333333;0;26;
A0559;7400;82412;91326;DebtCon;Mgr;19;0;1;316.94708254;1;24;37.908750185
A0561;7500;45864;57799;DebtCon;;7;;0;65.57119786;;16;33.865745347
A0562;7500;57340;80000;DebtCon;ProfExe;4;0;5;86.233333333;3;14;
A0563;7500;47518;60252;DebtCon;Other;16;0;3;220.62498387;0;37;26.711536473
A0564;7500;63573;80601;HomeImp;Other;4;0;0;111.43518985;0;14;41.773446616
A0565;7500;32070;36811;DebtCon;Other;1;1;0;228.03600011;0;6;30.162214113
A0567;7500;;49804;;;;;;;;;12.391235037
A0568;7500;72097;69408;HomeImp;Sales;4;1;0;155.39196223;1;23;41.600983364
A0569;7500;84479;104571;DebtCon;ProfExe;23;0;0;47.832851338;3;14;33.075010372
A0571;7500;11358;36892;DebtCon;Other;5;0;0;286.9228238;0;11;23.06292573
A0572;7500;59000;72000;HomeImp;Office;5;0;3;295.86666667;0;19;
A0574;7500;35945;49750;HomeImp;Other;3;0;0;122.06666667;0;23;
A0575;7500;18400;29375;DebtCon;Other;6;1;0;147.1;0;9;
A0577;7500;33600;50125;DebtCon;Other;2;0;0;146.93333333;0;18;
A0578;7500;57800;109600;DebtCon;Mgr;4;0;1;124.13333333;1;18;
A0580;7500;80440;72920;HomeImp;Mgr;8;0;1;201.5;0;24;
A0581;7500;60000;87830;HomeImp;Other;5;0;0;153.26666667;2;16;
A0583;7500;40936;50900;DebtCon;;10;1;0;115.6;1;26;
A0584;7500;;26850;HomeImp;Office;20;0;0;185.63333333;1;16;
A0585;7500;49100;85650;HomeImp;Other;18;0;0;178.33466667;0;29;
A0587;7500;39600;42000;DebtCon;Self;1;0;0;47.7;1;15;
A0588;7500;42077;91676;HomeImp;Office;5.5;1;4;344.9;1;30;
A0589;7500;42721;67000;DebtCon;Other;15;1;3;126.76666667;2;23;
A0590;7500;;;HomeImp;Other;20;;;157.32842275;0;20;
A0591;7500;12115;35910;HomeImp;Office;13;3;6;234.90075082;0;24;24.662276673
A0592;7500;67778;83368;DebtCon;ProfExe;15;0;0;227.29208976;0;17;24.091770363
A0593;7500;60192;76475;DebtCon;ProfExe;8;0;0;60.503625209;2;24;39.280512379
A0594;7500;57213;92458;HomeImp;Office;28;0;0;243.15711917;1;16;23.992353351
A0595;7500;50000;80000;HomeImp;Other;9;;5;299.56666667;2;18;
A0596;7600;133475;203936;DebtCon;ProfExe;1;0;0;87.452870081;2;23;37.005967843
A0597;7600;77518;83727;DebtCon;;4;;;;;;22.655140286
A0598;7600;48829;62357;DebtCon;Office;3;0;1;92.941357816;2;12;35.672273609
A0599;7600;58622;77726;HomeImp;Other;15;0;0;249.63376067;2;36;34.882066439
A0600;7600;;28593;HomeImp;Office;20;0;0;180.16893732;0;16;35.583403169
A0601;7600;49926;58588;DebtCon;;5;;1;64.660106948;;16;35.051896774
A0602;7600;80900;99525;DebtCon;ProfExe;2;0;0;135.64019635;0;26;34.777089425
A0603;7600;;40341;HomeImp;Other;3;0;0;265.02047536;1;25;43.300105312
A0604;7700;14776;32287;;;;;;;;;34.880462318
A0605;7700;32243;36369;HomeImp;ProfExe;12;0;0;180.41578673;0;13;21.72081838
A0606;7700;53377;86018;HomeImp;Other;16;0;0;187.19401123;0;28;24.217658483
A0607;7700;56622;70136;DebtCon;Mgr;7;;4;120.7645092;1;11;38.132345766
A0608;7700;35100;45000;DebtCon;Office;10;0;0;206.96666667;1;23;
A0610;7700;70451;81862;DebtCon;Sales;3;0;0;141.26867109;0;31;31.68194302
A0611;7700;20887;26958;DebtCon;Other;0;0;0;17.460749903;10;6;30.233504742
A0612;7700;14589;33100;DebtCon;Other;3;0;7;122.06666667;0;22;
A0613;7700;76056;83643;HomeImp;Other;22;0;0;353.19562851;0;47;28.544528867
A0614;7700;;68131;HomeImp;Office;1;0;0;56.609906288;0;3;40.499820445
A0615;7700;51045;91068;HomeImp;Other;20;0;0;179.24093557;0;28;27.23109397
A0616;7800;44000;57500;DebtCon;Other;11;0;0;95.366666667;0;23;
A0617;7800;;11702;HomeImp;Other;0;0;0;44.629591574;2;7;21.271785371
A0619;7800;42802;52422;HomeImp;Office;8;;;193.0814529;;18;26.495879292
A0620;7800;58364;66688;DebtCon;Other;3;0;2;114.51215796;3;18;37.929273869
A0621;7800;64503;85608;HomeImp;Other;12;0;0;235.4853772;0;35;34.423248847
A0622;7800;69662;80498;HomeImp;Other;4;0;0;100.42833098;0;14;42.807341953
A0624;7800;48200;59000;DebtCon;Other;23;0;0;274.96666667;3;29;
A0625;7800;55000;62800;HomeImp;Other;6;0;0;123.03333333;0;34;
A0626;7800;38506;50309;DebtCon;Other;11;0;0;231.0011955;0;32;35.906115846
A0627;7800;55394;63567;DebtCon;Other;23;0;0;262.01435765;2;29;38.983938486
A0628;7800;;30320;DebtCon;Other;2;0;0;295.11342067;0;13;23.245673006
A0629;7800;109000;123500;DebtCon;Self;6;0;1;174.46666667;0;19;
A0630;7800;53243;95065;HomeImp;ProfExe;7;0;0;220.80244426;2;24;31.827626823
A0631;7900;67222;75189;HomeImp;Other;4;0;0;95.676872691;0;23;36.97971203
A0633;7900;44690;45841;DebtCon;Office;10;0;0;185.62159231;0;22;32.285724089
A0634;7900;126919;166566;HomeImp;Mgr;10;;;;;;
A0636;7900;;31602;HomeImp;Office;20;0;0;192.1211081;0;15;35.586051528
A0637;7900;;67081;HomeImp;Office;1;0;0;59.081541425;0;4;41.077878217
A0638;7900;;71519;HomeImp;Office;0;0;0;55.873860215;0;4;38.375091295
A0639;7900;77221;95316;DebtCon;ProfExe;4;0;0;116.30949336;0;25;35.429796579
A0640;7900;;35422;HomeImp;Office;19;0;0;184.39002923;0;15;37.836714873
A0641;7900;42400;53000;DebtCon;Other;2;0;1;95.366666667;0;20;
A0642;7900;55383;70020;DebtCon;Other;12;2;0;80.778941503;10;8;44.858977324
A0643;7900;;37125;HomeImp;Other;;;;285.11101511;;12;29.413549764
A0644;7900;78532;122952;HomeImp;Office;29;0;0;332.64504738;1;37;35.311552628
A0645;7900;;75462;;;;;;;;;23.345021675
A0646;7900;41935;53543;DebtCon;Office;8;0;0;203.54460997;1;22;31.491686795
A0647;8000;53000;65960;HomeImp;Other;7.5;0;0;132.56666667;0;17;
A0649;8000;45557;56235;DebtCon;;7;;1;84.691134882;;16;36.503160752
A0650;8000;61565;87624;DebtCon;ProfExe;14;0;0;203.9971364;0;17;23.562565007
A0651;8000;82547;105361;DebtCon;ProfExe;24;0;0;52.59326412;2;13;32.160922592
A0652;8000;70546;81272;DebtCon;Sales;4;0;0;119.06692204;0;31;33.361586301
A0653;8000;177683;251771;DebtCon;Sales;;0;0;138.51160087;0;22;39.735448824
A0654;8000;75690;96517;DebtCon;ProfExe;1;;;;;;27.336157387
A0655;8000;49685;81020;HomeImp;Other;2;0;3;129.3624659;0;15;47.000975215
A0656;8000;28000;41950;DebtCon;Office;2;0;0;103.4;1;20;
A0657;8000;47823;63000;DebtCon;Other;5;0;0;53.666666667;2;18;
A0658;8000;61000;90450;HomeImp;Other;4;2;1;139.86666667;0;9;
A0659;8000;58000;73750;DebtCon;Mgr;22;0;4;221.43333333;1;20;
A0660;8000;33000;38500;HomeImp;Other;2;0;0;;0;0;
A0661;8000;33689.3;48000;DebtCon;Other;3;0;0;103.73333333;0;13;
A0662;8000;47306;68350;HomeImp;Other;9;0;0;82.633333333;0;20;
A0663;8000;45000;56100;HomeImp;Other;9.9;0;0;92.3;3;34;
A0664;8000;69341;86900;DebtCon;Office;15;0;1;89.266666667;0;9;
A0665;8000;70917;83500;DebtCon;Mgr;8;0;0;107.5;0;23;
A0666;8000;;34226;HomeImp;Other;;;1;75.366666667;1;10;
A0667;8000;78720;86800;DebtCon;Other;0.1;4;0;;0;4;
A0668;8000;38758;46466.26;HomeImp;Mgr;21;1;1;229.3;1;18;
A0669;8000;79200;116500;HomeImp;Other;8;;;;;;
A0670;8000;63700;79754;DebtCon;;3.8;0;0;208;0;16;
A0671;8000;41000;54000;DebtCon;Mgr;4;0;0;189.7;1;22;
A0672;8000;76600;96000;DebtCon;Mgr;2;0;0;73.033333333;2;24;
A0673;8000;65000;93600;DebtCon;Other;16;;;140.06666667;4;16;
A0675;8000;37871;;HomeImp;ProfExe;15;6;2;179.63333333;0;30;
A0676;8000;4500;;DebtCon;Other;1;3;2;102.43333333;6;15;
A0677;8000;63152;;DebtCon;Other;9;1;1;132.9;1;26;
A0678;8000;21944;31352;DebtCon;Other;0;1;1;33.433333333;9;3;
A0680;8000;36000;115800;DebtCon;Other;;0;0;168.23333333;3;30;
A0681;8000;32100;36739;HomeImp;Other;4;0;0;79.458845053;2;8;31.276715679
A0682;8000;47154;65458;DebtCon;Office;2;0;0;99.993789825;3;12;38.873711304
A0684;8000;84282;121045;HomeImp;Office;28;0;0;330.17485564;1;37;35.362686394
A0686;8000;80817;89515;DebtCon;Other;0;3;0;;0;4;29.638901419
A0687;8000;;49000;HomeImp;Other;11;1;0;310.4;2;13;
A0690;8000;;68572;HomeImp;Office;1;0;0;53.935137714;0;4;37.703911499
A0691;8100;43553;88242;DebtCon;;2;0;0;207.94046872;4;30;31.329651718
A0693;8100;48781;50434;HomeImp;Other;5;0;0;75.635047684;0;18;24.545192137
A0694;8100;84822;123854;HomeImp;Office;31;0;0;340.7444307;2;38;36.205114552
A0695;8100;53863;74705;DebtCon;Other;0;0;0;66.294570391;8;21;26.046469422
A0696;8100;78977;91995;DebtCon;Mgr;19;0;0;296.74709479;1;23;38.820940293
A0697;8100;81322;97823;DebtCon;ProfExe;3;0;0;118.46850599;0;25;32.716777591
A0698;8100;46380;58745;HomeImp;Other;7;0;0;78.360087635;0;18;22.375341167
A0699;8100;66546;84943;DebtCon;;3;0;0;225.6909893;0;15;30.398005095
A0702;8100;19772;39431;DebtCon;Other;0;0;1;82.335287775;1;12;20.342467722
A0703;8100;13179;32981;;;;;;;;;31.742249284
A0704;8100;69047;82113;DebtCon;Sales;3;0;0;121.41114886;0;30;35.073918357
A0705;8100;26886;36527;HomeImp;ProfExe;12;0;0;188.41982641;0;13;24.865567185
A0706;8100;;56386;HomeImp;Other;11;1;0;294.60276683;2;12;32.385956174
A0707;8100;28523;39816;DebtCon;Other;5;0;0;130.64393328;0;16;37.393526416
A0708;8100;28187;32584;DebtCon;Other;0;1;0;27.048834712;10;7;29.287956831
A0709;8100;50373;65865;DebtCon;Office;5;0;0;99.598169948;2;11;38.910150834
A0710;8200;10909;37286;DebtCon;Other;3;0;0;268.25460165;0;12;22.232952814
A0712;8200;;50061;HomeImp;Other;10;0;0;296.9016386;1;13;33.632136517
A0713;8200;101230;120087;HomeImp;Other;9;;;419.27296549;1;49;40.558271494
A0714;8200;62603;86782;DebtCon;ProfExe;15;0;0;219.56581251;0;18;24.63662135
A0715;8200;117314;132770;DebtCon;Self;4;0;1;176.33454149;0;19;34.55205243
A0716;8200;64006;80409;HomeImp;Other;15;0;0;235.36324945;0;36;35.636720346
A0717;8200;;49362;;;;;;;;;11.769692151
A0718;8200;171456;246758;DebtCon;Sales;;0;0;138.15481817;0;21;40.337860758
A0719;8200;72986;87621;DebtCon;Office;14;0;1;86.545727017;0;9;24.697430423
A0720;8200;172497;249071;DebtCon;Sales;;0;0;114.98197436;0;21;41.098025151
A0721;8200;51730;59025;DebtCon;Other;16;0;3;220.81329019;0;37;24.380092654
A0722;8200;58536;66546;DebtCon;Other;1;0;2;118.39735837;2;17;34.71164955
A0723;8200;68013;77008;DebtCon;ProfExe;8;0;0;49.146922298;1;23;40.792589704
A0724;8200;47700;60000;DebtCon;Other;0.1;0;0;;0;0;
A0725;8200;76268;89166;HomeImp;Other;23;0;0;341.8553472;1;46;29.869576644
A0726;8200;;38648;HomeImp;Other;;;;302.53018223;;10;30.445375631
A0727;8200;120837;176244;DebtCon;Other;8;0;0;196.72416054;0;20;34.745743152
A0728;8200;61821;64832;HomeImp;Other;5;0;0;123.28602489;0;34;35.875343986
A0729;8200;66254;74994;DebtCon;ProfExe;7;0;0;60.384862517;1;24;39.72610514
A0732;8200;87979;94854;HomeImp;ProfExe;10;0;0;108.47902378;3;19;41.270682597
A0733;8200;80989;105080;DebtCon;Mgr;1;0;0;81.354795297;1;24;38.4757705
A0734;8200;135929;200275;DebtCon;ProfExe;0;0;0;69.617174882;1;23;37.805432649
A0735;8200;75870;97922;DebtCon;ProfExe;0;;;;;;27.276364919
A0736;8200;48515;59240;DebtCon;Other;17;0;4;214.14450966;0;36;27.459144234
A0737;8200;79751;125413;HomeImp;Other;7;;;;;;41.985557292
A0738;8200;;33540;HomeImp;Office;21;0;0;178.68792754;0;15;36.601698856
A0740;8300;82000;111000;DebtCon;Other;6;2;2;214.1;2;12;
A0741;8300;57503;72704;DebtCon;;18;0;0;156.59370755;0;11;33.337118756
A0742;8300;61213;65798;HomeImp;Other;6;0;0;86.296515758;2;20;41.426872232
A0744;8300;14601;66143;HomeImp;Office;24;0;0;320.23488221;1;12;40.015070568
A0745;8300;51783;57839;DebtCon;Other;3;0;0;96.176673144;0;20;36.210351332
A0746;8300;47000;78320;HomeImp;Other;18;0;0;195.83333333;1;17;
A0748;8300;;47244;HomeImp;Other;6;;;;;;
A0751;8300;67715;86945;DebtCon;ProfExe;14;0;0;221.47492481;0;17;25.194297211
A0752;8300;44783;63424;HomeImp;Other;2;0;;97.900836205;;12;36.587869801
A0753;8300;45842;50006;DebtCon;Other;16;0;0;90.653070126;0;12;31.360821946
A0754;8300;101150;115215;HomeImp;Office;23;0;0;130.25632943;0;12;36.50599948
A0757;8300;54039;89301;HomeImp;Other;18;0;0;173.19132242;0;28;26.266815752
A0758;8300;71922;117151;DebtCon;Office;2;0;0;246.93475819;1;37;18.156826624
A0759;8300;10000;63775;HomeImp;Other;0;0;0;200.86666667;0;14;
A0760;8400;75912;95329;DebtCon;Mgr;18;0;1;294.16422462;0;24;38.641804544
A0761;8400;39677;54707;DebtCon;Office;10;0;0;203.24296532;1;23;31.217709755
A0762;8400;53841;64284;DebtCon;Other;15;0;3;206.35456436;0;36;26.054853712
A0763;8400;39991;58511;HomeImp;Office;10;;;176.99611174;;19;24.298636083
A0764;8400;82597;83858;HomeImp;Other;25;0;0;350.56813617;1;47;28.91075714
A0765;8400;82972;121796;HomeImp;Other;7;;;;;;41.445623568
A0766;8400;17479;66894;HomeImp;Office;23;0;0;326.34280468;1;13;40.588576066
A0768;8400;43589;49950;DebtCon;Office;9;0;0;202.70454037;0;23;33.592318942
A0769;8400;62583;77481;DebtCon;Office;6;0;0;98.672705089;2;15;26.308380329
A0770;8400;41656;51846;HomeImp;Office;10;;;190.01750256;;19;25.768965033
A0771;8400;77144;91532;DebtCon;Mgr;19;0;1;311.75718243;1;24;40.912736994
A0772;8400;80490;93028;DebtCon;ProfExe;0;;;;;;29.473761481
A0773;8400;60995;78444;HomeImp;Mgr;4;0;1;123.7385166;0;23;26.932707601
A0774;8400;31800;72000;DebtCon;Self;;0;2;187.26666667;1;21;
A0775;8400;43900;55000;DebtCon;Office;1;0;0;169.43333333;1;21;
A0776;8400;44800;56000;DebtCon;Other;0;1;5;314.5;4;42;
A0777;8400;30146;39326;HomeImp;ProfExe;11;0;0;183.09274953;0;12;23.097201883
A0778;8400;84666;123613;HomeImp;Other;8;;;;;;39.658320047
A0779;8400;;39106;HomeImp;Other;;;1;80.075339194;0;10;35.683502202
A0780;8400;35240;54314;DebtCon;Office;8;0;0;210.58001479;1;22;32.571867291
A0781;8400;57103;78079;DebtCon;Other;0;0;0;56.30976479;8;21;23.521188257
A0782;8400;78089;90660;DebtCon;Mgr;9;0;0;118.63539467;0;22;27.09304112
A0783;8400;77916;93589;DebtCon;ProfExe;0;;;;;;27.873870625
A0784;8400;48032;95213;HomeImp;Office;5;1;4;326.67959049;0;30;38.191681736
A0786;8400;85136;125912;HomeImp;Other;9;;;;;;40.715178041
A0788;8400;32000;49000;HomeImp;Mgr;12.6;0;3;41.3;2;18;
A0789;8400;37256;45956;DebtCon;Other;1;0;0;214.44323;1;6;31.24524851
A0790;8500;83157;202962;HomeImp;Self;14;0;0;13.68276401;;8;21.297339233
A0791;8500;;42980;HomeImp;Other;;;1;76.010752573;0;9;37.659668201
A0792;8500;73752;87931;DebtCon;Mgr;21;1;1;291.62037844;0;24;39.003140628
A0793;8500;41210;45175;DebtCon;Office;9;0;0;209.49409472;1;22;29.96408198
A0794;8500;;32907;HomeImp;Office;18;0;0;169.94538773;1;15;35.312710478
A0796;8500;54000;62533;DebtCon;Other;4;0;1;313.46666667;0;10;
A0797;8500;55100;66900;DebtCon;ProfExe;15;0;0;229.26666667;4;32;
A0798;8500;48961;73550;HomeImp;Other;11;6;1;145.1;4;11;
A0799;8500;18240;40200;HomeImp;Other;1;0;1;306.4;0;12;
A0800;8500;64665;72376;HomeImp;Other;4;0;0;70.934880772;3;20;40.309041225
A0801;8500;50031;57276;DebtCon;Office;0;0;0;171.21281473;0;21;35.158702571
A0802;8500;61607;81126;HomeImp;Other;16;0;0;222.21119026;1;35;34.729698093
A0803;8500;49266;64461;DebtCon;Other;22;0;0;264.40802314;3;29;37.976757922
A0805;8500;;27873;HomeImp;Office;21;0;0;190.06187015;0;15;38.375406098
A0806;8500;78346;82226;HomeImp;Other;22;0;0;320.34954262;1;47;30.199399523
A0807;8500;47777;78979;HomeImp;Other;18;0;0;202.95427654;1;16;34.828647504
A0810;8500;29383;45900;DebtCon;ProfExe;8;0;0;122.13333333;0;22;
A0811;8500;20959;62956;HomeImp;Office;20;0;0;315.70739138;1;13;41.077590657
A0812;8500;6424;32365;;;;;;;;;33.904464501
A0813;8500;58327;75044;HomeImp;Mgr;2;0;2;123.36535633;0;22;28.111813831
A0814;8500;79484;87893;DebtCon;Other;1;0;0;123.61880309;1;10;35.759083852
A0815;8500;73208;88588;DebtCon;Mgr;10;0;0;114.55258227;0;23;30.082488981
A0816;8600;38646;54073;DebtCon;Other;14;0;0;89.555852767;0;11;32.530256646
A0817;8600;;54905;HomeImp;Other;8;0;0;308.65011743;2;13;32.553976104
A0819;8600;42380;60733;DebtCon;Mgr;3;0;0;199.29314197;0;22;28.434342078
A0822;8600;;25000;HomeImp;Other;0;6;0;64.866666667;2;27;
A0823;8600;78579;93697;DebtCon;Other;0;0;0;115.19332144;1;10;33.837202699
A0824;8600;172418;251426;DebtCon;Sales;;0;0;120.57263313;0;22;40.925910594
A0826;8600;41126;55500;DebtCon;Other;6;0;0;73.033333333;1;11;
A0827;8600;57727;70828;HomeImp;Other;5;0;0;87.845310974;3;19;41.75352499
A0828;8600;22960;80874;HomeImp;ProfExe;20;0;0;238.70268339;0;11;25.887319897
A0829;8600;75464;84263;HomeImp;Other;21;0;0;352.65827116;0;47;28.196714905
A0830;8600;;51703;;;;;;;;;12.10514386
A0831;8600;42226;50386;HomeImp;Mgr;21;1;0;223.32646239;0;17;34.927866116
A0832;8600;45960;57473;DebtCon;Mgr;4;0;0;189.76806013;0;22;26.754411554
A0833;8600;76703;100862;HomeImp;Other;0;0;1;174.55712019;0;31;34.386230664
A0834;8600;44992;66403;DebtCon;Other;8;0;0;172.55155504;1;27;43.875610821
A0835;8600;14762;66271;HomeImp;Office;25;0;0;318.14927755;1;13;42.276634205
A0836;8600;61468;72143;DebtCon;;19;0;0;163.29885985;0;11;31.925766549
A0838;8600;124810;176581;DebtCon;Other;8;0;0;213.30288482;1;19;32.876458514
A0839;8700;46489;63573;DebtCon;Mgr;4;0;0;196.24907;1;21;28.787922854
A0840;8700;57254;86883;HomeImp;Other;16;0;0;172.16656274;0;28;25.043436747
A0841;8700;54283;58563;DebtCon;Office;3;0;1;91.446465165;3;11;38.590366936
A0842;8700;58007;73069;DebtCon;ProfExe;14;0;0;240.43728186;3;31;37.897480893
A0843;8700;54768;87268;HomeImp;Other;18;0;0;187.58057031;0;28;26.367134137
A0844;8700;87415;201689;HomeImp;Self;13;0;0;13.924759121;;7;20.253863892
A0846;8700;62600;77600;DebtCon;Other;0.5;1;0;351.03333333;3;13;
A0847;8700;60237;69891;DebtCon;Other;3;0;0;321.2748292;0;9;32.280313622
A0848;8700;77377;97070;DebtCon;Mgr;3;0;0;68.854877174;2;24;38.217725784
A0850;8700;53504;66888;DebtCon;Mgr;7;;3;112.17512076;2;10;39.318772261
A0851;8700;78817;115527;DebtCon;Office;1;0;0;221.55154133;1;37;16.378412953
A0852;8700;57141;70244;HomeImp;Other;8;0;0;106.85542816;0;19;31.891314262
A0853;8700;79062;98038;DebtCon;ProfExe;4;0;0;139.26403364;0;26;33.578035539
A0854;8700;;32855;HomeImp;;;;;;;;35.937902683
A0856;8700;43759;50070;HomeImp;Mgr;19;1;1;218.9062534;0;17;34.058146802
A0857;8700;93759;119459;HomeImp;Office;24;0;0;138.09123004;1;12;38.729710894
A0858;8700;76008;95976;DebtCon;ProfExe;0;;;;;;30.022245155
A0859;8700;50711;87898;DebtCon;;4;0;0;209.5214385;4;30;32.743007077
A0860;8700;62400;81315;DebtCon;Office;6;0;0;98.028870439;2;14;26.620897734
A0861;8700;77930;80164;HomeImp;Other;20;0;0;350.52840986;1;47;29.6623601
A0863;8700;51033;58513;DebtCon;Office;2;0;0;181.8697515;0;20;37.879278335
A0864;8700;68186;82518;HomeImp;Other;1;0;0;105.10225507;0;7;36.44893885
A0865;8700;52388;64332;HomeImp;Other;1;0;;91.112060841;;12;36.874927508
A0867;8700;76510;108130;DebtCon;Office;2;0;0;252.84392821;1;37;17.414859614
A0869;8800;108608;;DebtCon;Mgr;0;0;6;253.47175859;4;23;
A0870;8800;2800;18361;HomeImp;Other;2;3;1;107.76666667;4;3;
A0871;8800;51740;60852;DebtCon;Other;23;0;0;277.58958861;3;29;39.885483806
A0873;8800;67200;80300;HomeImp;Other;10;4;1;135.86666667;1;33;
A0874;8800;26607;39710;HomeImp;Office;0;0;0;104.69282515;1;30;38.326728213
A0875;8800;78953;93018;DebtCon;Mgr;7;0;0;110.72312997;0;22;28.289429173
A0876;8800;33395;51057;DebtCon;Office;2;0;0;80.822479691;1;20;16.883031014
A0877;8800;32169;37533;DebtCon;Other;3;0;0;74.449294767;3;19;25.34174093
A0878;8800;56963;70607;HomeImp;Other;4;0;0;99.76441458;3;19;40.345260733
A0879;8800;50000;68000;DebtCon;Other;19;0;0;108.9;0;16;
A0880;8800;74562;89695;HomeImp;Other;24;0;0;338.77674581;1;47;28.439716511
A0881;8800;101717;122299;HomeImp;Other;11;;;402.74048173;1;49;38.421427581
A0882;8800;;74928;;;;;;;;;23.988913066
A0883;8800;;32221;DebtCon;Other;0;0;0;276.84193488;0;14;24.198678371
A0884;8800;73765;93917;DebtCon;Other;15;;;128.85330185;4;15;24.491198608
A0885;8800;55990;89673;HomeImp;Other;18;0;0;184.62596594;0;29;27.701649739
A0886;8900;80334;87448;DebtCon;Mgr;18;0;0;279.87655021;0;23;38.513997448
A0887;8900;33208;75000;DebtCon;Mgr;22;0;3;166.2;1;33;
A0888;8900;75441;116950;HomeImp;Office;26;0;0;322.73119571;2;37;33.788523674
A0889;8900;111493;133191;DebtCon;Self;6;0;0;159.43269808;0;19;34.3711489
A0890;8900;63342;78275;DebtCon;;19;0;0;162.19648426;1;11;32.612662762
A0891;8900;58503;74706;HomeImp;Other;6;0;0;243.93599625;1;16;36.793237169
A0892;8900;62733;77741;DebtCon;Mgr;8;0;0;68.890096166;3;17;37.773300594
A0893;8900;58839;81223;DebtCon;Office;4;0;0;102.24646959;2;15;26.206409952
A0895;8900;64343;84013;DebtCon;Other;4;0;0;39.221719253;0;12;35.788437459
A0896;8900;133847;157399;HomeImp;ProfExe;17;0;2;70.884144094;0;12;34.702330738
A0897;8900;147801;157335;HomeImp;Other;4;0;0;85.574865756;4;21;34.756560384
A0898;8900;;42309;HomeImp;Other;;;1;56.937096348;0;10;37.35952991
A0899;8900;;49147;HomeImp;Other;;;;110.50958053;;8;37.108142059
A0900;8900;72581;90585;DebtCon;Office;18;1;1;207.96666667;0;30;
A0901;8900;77261;96434;DebtCon;ProfExe;3;0;0;144.03700388;0;26;33.908465844
A0904;9000;50170;64309;DebtCon;Mgr;7;;3;120.43122609;2;11;39.975489828
A0905;9000;81248;92503;DebtCon;Other;0;0;0;121.1996495;2;10;37.390239889
A0906;9000;90969;108606;HomeImp;Mgr;5;5;2;113.25750907;5;28;27.34759661
A0907;9000;79259;84322;HomeImp;Other;22;0;0;359.33227239;1;47;29.671390341
A0908;9000;56162;75526;HomeImp;Other;6;0;0;127.7869696;0;15;35.734056816
A0911;9000;52311;68994;DebtCon;Office;0;0;1;137.78400363;0;9;28.454712858
A0912;9000;8221;38290;DebtCon;Other;4;0;0;266.38379937;0;12;23.703067187
A0913;9000;56930;67557;DebtCon;Other;0;0;1;118.69951614;2;18;36.686882044
A0915;9000;41153;51841;DebtCon;Office;10;0;0;210.28268954;0;23;32.424293056
A0916;9000;31170;50725;DebtCon;Other;16;0;0;93.066666667;0;18;
A0918;9000;76964;90500;DebtCon;Other;3;0;0;101.4;2;32;
A0919;9000;64917;102270;DebtCon;Other;10;0;0;213.03333333;0;21;
A0920;9000;;63684;HomeImp;Other;;0;0;358.06666667;0;7;
A0921;9000;47350.86;105000;DebtCon;ProfExe;6;0;1;227.26666667;0;10;
A0923;9000;96884;110108;DebtCon;Other;18;0;2;194.8;2;16;
A0924;9000;82700;121000;DebtCon;Office;9;0;0;131.9;1;22;
A0926;9000;43881;56000;DebtCon;Other;5;0;3;73.033333333;3;28;
A0927;9000;31896;46195;HomeImp;Other;25;0;2;122.38915525;3;16;36.681652146
A0928;9000;56226;67466;HomeImp;Other;7;0;0;126.74508707;0;16;33.987846976
A0929;9000;32539;65440;HomeImp;Office;5;;;;;;42.368944329
A0930;9000;131108;199295;DebtCon;ProfExe;1;0;0;61.000985499;1;22;35.930610888
A0931;9000;55367;79819;DebtCon;Office;5;0;0;101.28118497;1;15;27.189212901
A0934;9000;53177;56782;HomeImp;Other;9;0;0;106.50053701;3;33;40.084175502
A0936;9100;80719;86782;HomeImp;Other;23;0;0;333.01158975;1;47;30.39545792
A0937;9100;50606;58822;DebtCon;Other;11;0;0;89.644833421;0;22;36.302409222
A0938;9100;17218;36721;DebtCon;Other;8;0;1;115.75209332;3;5;37.479410286
A0939;9100;43249;52946;HomeImp;Mgr;20;1;1;228.39633986;1;18;35.181840743
A0940;9100;48797;67761;DebtCon;Mgr;7;;3;116.97915477;3;11;37.79737881
A0941;9100;;11550;HomeImp;Other;;0;0;51.933333333;1;3;
A0942;9100;78369;92000;DebtCon;Sales;0.2;0;0;180.83333333;3;35;
A0945;9100;62976;77829;HomeImp;Mgr;0;0;2;131.19349603;0;23;26.090418913
A0946;9100;46406;56134;HomeImp;Other;9;0;0;93.853460687;3;34;39.466330333
A0947;9100;;74450;;;;;;;;;23.942516508
A0948;9100;53764;56429;HomeImp;Other;9;0;0;92.078978775;3;33;40.58208394
A0949;9100;78210;86558;DebtCon;Mgr;8;0;0;92.111504281;0;23;28.167074697
A0950;9100;59430;76897;HomeImp;Other;5;0;1;246.09510911;1;16;37.470923376
A0951;9100;47756;84022;HomeImp;Other;18;0;0;206.79736096;1;17;32.391146387
A0952;9200;71994;95525;DebtCon;Other;16;;;126.81643919;3;16;25.621930492
A0953;9200;92395;114494;HomeImp;Office;24;0;0;130.3767882;1;11;39.112150358
A0954;9200;55643;75267;HomeImp;Other;2;0;1;224.88223202;2;15;35.629354389
A0955;9200;19756;26140;DebtCon;Other;0;1;0;0.4867114508;9;7;27.075256643
A0956;9200;46707;60000;DebtCon;Mgr;4;0;0;192.8;2;17;
A0957;9200;64900;78000;DebtCon;Mgr;10;0;0;122.76666667;2;24;
A0959;9200;72859;88183;DebtCon;Mgr;8;0;0;105.65520523;0;23;29.007207774
A0960;9200;52531;66491;DebtCon;Mgr;11;0;0;122.22853426;1;19;32.657628893
A0961;9200;57375;69040;DebtCon;Other;0;0;1;116.41879645;2;18;36.625629459
A0962;9200;48130;62358;DebtCon;Other;15;0;4;219.65713104;0;36;27.617063425
A0963;9200;69657;89082;DebtCon;;3;0;0;217.32115468;0;16;28.749890366
A0964;9300;79724;105493;DebtCon;Mgr;2;0;0;63.43088731;2;23;39.38611808
A0965;9300;73252;100537;DebtCon;ProfExe;2;0;0;99.774527119;0;26;34.514635071
A0966;9300;30204;57036;;Other;30;0;0;235.49281298;0;19;23.137840556
A0967;9300;75425;109040;DebtCon;Office;2;0;0;235.9462106;0;38;17.875259065
A0968;9300;;57650;HomeImp;Other;11;1;0;308.3394397;2;13;31.553835409
A0969;9300;63566;70551;DebtCon;ProfExe;14;0;0;138.33735213;0;19;42.48370297
A0970;9300;;45906;HomeImp;Other;;;;92.821714236;;9;36.141276164
A0971;9300;79133;100033;DebtCon;Other;3;0;0;102.16302743;2;31;40.794635454
A0972;9300;46466;57182;DebtCon;Other;2;0;0;100.05186621;0;20;38.444317985
A0974;9300;;36793;HomeImp;Other;;;;304.52018936;;11;30.738813764
A0978;9300;78000;97700;DebtCon;Mgr;12;0;2;88.5;4;29;
A0979;9300;24000;37125;DebtCon;Office;3.5;1;1;148.03333333;2;19;
A0980;9300;21138;30700;DebtCon;Other;3;;;;;;
A0982;9300;;55350;HomeImp;Other;9;0;0;308.34033176;2;13;33.635525403
A0983;9300;81986;94513;DebtCon;Other;2;3;0;;0;4;31.89390379
A0984;9300;54088;66961;DebtCon;Other;22;0;0;278.1604735;3;28;40.82354171
A0985;9300;38115;60493;DebtCon;Other;14;0;0;91.932632264;0;18;29.633608474
A0986;9300;53772;71497;HomeImp;Mgr;2;0;2;136.08002985;0;23;29.686670844
A0987;9300;;44108;HomeImp;Other;;;;290.81807399;;12;29.743599964
A0988;9300;21979;39880;DebtCon;Other;3;;;;;;38.844089335
A0989;9300;106449;120066;DebtCon;Other;18;0;1;189.91991824;1;15;37.086455086
A0990;9400;52371;55764;DebtCon;Office;1;0;0;177.70280043;0;20;37.35868805
A0991;9400;49484;59137;DebtCon;Other;10;0;0;102.27267659;0;22;37.269131082
A0992;9400;;50575;HomeImp;Other;;;;99.06951832;;8;35.9078154
A0993;9400;57105;67061;HomeImp;Other;6;0;0;129.50848379;0;34;35.734592764
A0994;9400;52024;89107;HomeImp;Office;0;1;0;148.84473761;3;26;36.080031774
A0997;9400;81596;116738;HomeImp;Office;28;0;0;338.62903535;1;38;34.169513676
A0998;9400;76989;88788;HomeImp;Other;24;0;0;350.6390057;0;46;30.061371367
A0999;9400;57000;70000;DebtCon;Other;4;0;0;179.56666667;2;17;
A1000;9400;26700;40150;HomeImp;Other;9;0;0;80.166666667;0;4;
A1001;9400;;30455;HomeImp;Office;18;0;0;194.61421604;0;16;39.000064863
A1002;9400;61185;65302;DebtCon;Other;1;0;2;117.17100444;2;18;35.611943876
A1003;9400;109991;125146;DebtCon;Self;7;0;1;171.67981114;0;18;34.813468594
A1005;9400;61213;70800;HomeImp;Other;5;0;0;75.862659733;3;20;39.403812388
A1008;9400;86539;95010;DebtCon;Other;0;4;0;;0;3;29.815323588
A1013;9400;92340;125451;DebtCon;Office;7;0;0;129.11372481;1;22;36.349974603
A1016;9400;56675;66976;HomeImp;Other;6;0;0;128.07164796;0;33;35.033371132
A1017;9400;103973;119817;DebtCon;Other;18;0;2;182.6166394;2;16;37.337977192
A1018;9500;50400;63000;DebtCon;Other;1;0;0;91.266666667;8;22;
A1019;9500;36114;45654;DebtCon;Office;0;0;0;83.333291772;0;9;25.343478449
A1020;9500;115186;131800;DebtCon;Self;7;0;0;177.05003605;0;19;33.43055804
A1021;9500;41541;57280;DebtCon;Other;6;0;0;69.229369351;1;10;29.160127076
A1022;9500;28750;42408;HomeImp;Office;0;0;0;115.5749709;1;30;39.050394794
A1023;9500;47019;59413;DebtCon;Other;4;0;0;78.02555168;0;11;31.418132394
A1024;9500;131394;162449;HomeImp;ProfExe;10;0;0;222.0095049;0;18;19.551242992
A1025;9500;55862;62965;DebtCon;Other;15;0;4;223.10391402;0;36;26.141178049
A1026;9500;70000;85000;DebtCon;ProfExe;9;0;1;175.56666667;1;12;
A1027;9500;35019;52710;DebtCon;Other;12;0;0;241.58177936;0;31;38.208667839
A1030;9500;42699;57680;DebtCon;;10;0;0;114.4929085;1;26;25.07515295
A1031;9500;43210;59692;HomeImp;Other;1;1;;103.08948312;;13;38.704985068
A1032;9500;58185;64576;DebtCon;Mgr;6;;4;127.8552645;1;11;38.298309125
A1033;9500;54612;68759;HomeImp;Other;9;0;0;89.102838608;0;19;31.353906936
A1034;9500;79479;88772;DebtCon;ProfExe;8;0;0;189.58907467;0;12;37.95298991
A1036;9600;62405;69459;DebtCon;Other;0;0;2;86.431831744;2;18;36.260331272
A1037;9600;45158;55455;DebtCon;Other;15;0;0;82.71313688;0;12;30.931517996
A1038;9600;64758;63646;HomeImp;Other;5;0;0;120.64455858;0;34;35.98492935
A1039;9600;53277;60843;DebtCon;Office;0;0;0;180.28406155;0;21;37.950787581
A1040;9600;84333;201281;HomeImp;Self;14;0;0;13.213057261;;7;17.825630936
A1041;9600;70589;99384;HomeImp;Other;0;0;1;176.4674623;0;31;34.234789575
A1043;9600;;68324;HomeImp;Other;;0;0;356.45017827;0;6;36.554268317
A1044;9600;73000;99600;HomeImp;ProfExe;4.5;0;1;93.333333333;1;34;
A1046;9600;56224;60260;DebtCon;Other;15;0;3;219.7420453;0;36;25.439463543
A1047;9600;46683;61773;DebtCon;Office;1;0;0;171.05844903;1;20;38.005289312
A1048;9600;;56900;;;;;;;;;14.435238785
A1049;9600;24680;43500;DebtCon;Other;18;0;3;114.66666667;0;19;
A1051;9600;45240;60136;DebtCon;Other;2;0;1;83.066750905;0;19;38.454300022
A1052;9600;77359;101365;HomeImp;Other;1;0;0;182.80351445;0;31;33.481910133
A1053;9600;44553;48626;HomeImp;Mgr;20;0;1;226.45215948;0;18;35.555922893
A1054;9700;75566;92066;DebtCon;Office;14;0;0;94.987922191;0;8;25.161183475
A1055;9700;29094;51990;;Other;30;0;0;246.19523933;0;19;20.743364711
A1056;9700;45907;57507;DebtCon;Other;6;0;0;81.229448637;0;11;29.037574223
A1057;9700;53527;58605;DebtCon;Office;4;0;0;75.584542581;3;12;36.709538909
A1058;9700;98232;117321;DebtCon;Other;19;0;2;194.42471787;2;15;36.95089224
A1059;9700;;64644;HomeImp;Other;;0;0;368.07092408;0;6;36.573169598
A1061;9700;84933;122520;DebtCon;Office;10;0;0;141.43307599;1;23;36.795013963
A1063;9700;108000;210000;HomeImp;ProfExe;2.3;0;0;124.83333333;1;15;
A1065;9700;59100;74986;HomeImp;Office;14;0;0;244.53333333;1;32;
A1067;9700;73085;92000;DebtCon;Other;8;0;3;173.5;0;34;
A1068;9700;39141;48905;DebtCon;Other;13;0;0;89.83593974;0;11;32.4314097
A1071;9700;63488;74374;DebtCon;Office;5;0;0;106.58945227;2;15;26.896012771
A1072;9700;8852;60599;HomeImp;Other;7;2;1;359.1044913;1;21;16.87198276
A1074;9700;;54385;HomeImp;Other;10;0;0;314.73283271;1;13;34.170403536
A1075;9700;77394;86917;DebtCon;Office;16;0;1;81.461400461;0;9;27.705856544
A1076;9700;47000;82000;HomeImp;Other;;1;2;96.633333333;;8;
A1077;9800;54564;62109;DebtCon;Mgr;10;0;0;124.02162504;0;19;32.565686372
A1078;9800;15021;31900;DebtCon;Other;6;0;0;276.73420174;0;11;22.291249185
A1079;9800;136154;203815;DebtCon;ProfExe;1;0;0;70.853327642;2;23;35.8789883
A1080;9800;79405;111563;DebtCon;Office;0;0;0;240.94299363;1;38;19.332810029
A1081;9800;58936;78078;DebtCon;;19;0;0;152.14012571;0;11;32.188760518
A1082;9800;74962;108730;HomeImp;ProfExe;4;0;1;76.392416053;1;33;37.32134756
A1083;9800;36500;54000;HomeImp;Other;17;0;1;105.66666667;5;19;
A1084;9800;81199;206201;HomeImp;Self;12;0;0;2.8207855775;;7;21.28386768
A1085;9800;49287;69831;DebtCon;Mgr;2;0;0;182.99480622;2;16;29.713466905
A1086;9800;62826;65912;HomeImp;Other;6;0;0;132.75248959;0;34;37.588199542
A1087;9800;49298;73426;HomeImp;Office;9;3;1;242.38901624;1;29;34.690361253
A1088;9800;69919;100267;DebtCon;Other;16;;;130.8860074;3;15;26.835043413
A1089;9800;32550;52554;DebtCon;Other;12;0;0;229.51274114;1;32;37.923088094
A1090;9800;54681;74097;DebtCon;Other;2;0;1;106.88889374;3;18;36.618660862
A1093;9800;78022;103466;DebtCon;Mgr;1;0;0;83.835338491;2;24;37.434615355
A1094;9800;;45197;HomeImp;Other;;;;316.5253028;;11;29.646665996
A1095;9800;52973;65481;HomeImp;Other;10;0;0;101.47266767;2;33;36.878297002
A1096;9800;55330;78154;HomeImp;Mgr;2;0;1;122.70553687;0;23;28.896101856
A1097;9800;54861;71138;HomeImp;Other;4;0;0;258.33461797;2;16;36.035712866
A1098;9800;56188;90143;HomeImp;Other;17;0;0;171.41365835;0;29;25.621650412
A1099;9800;79767;93525;DebtCon;Other;0;4;0;;0;4;31.290118994
A1100;9800;63891;72980;DebtCon;ProfExe;7;0;0;32.41493353;2;24;39.37186986
A1101;9800;47126;57365;DebtCon;Other;0;0;1;91.141218712;0;19;38.657640295
A1102;9800;55539;73560;DebtCon;Office;4;0;0;85.900936244;1;14;26.331619061
A1104;9900;60488;75507;HomeImp;Other;3;0;0;239.43363997;1;17;38.473075274
A1105;9900;35448;58056;DebtCon;Other;11;0;0;229.5228444;1;31;37.297432095
A1107;9900;72674;89909;DebtCon;Office;15;0;1;90.957899517;0;8;27.35463407
A1108;9900;88236;104953;DebtCon;ProfExe;1;0;0;51.648705242;0;2;28.622632092
A1109;9900;73804;97413;DebtCon;ProfExe;5;0;0;107.33302454;0;25;33.524879599
A1110;9900;28432;36605;HomeImp;Office;0;0;0;111.53162529;1;29;37.588195648
A1111;9900;52800;66000;HomeImp;Other;29;1;3;188.93333333;1;24;
A1113;9900;21400;36600;DebtCon;Self;2;0;0;154.2;2;26;
A1114;9900;8673;37244;DebtCon;Other;4;0;0;256.68058385;0;12;24.496286322
A1115;9900;117003;219783;HomeImp;ProfExe;1;0;0;130.76638619;0;14;25.622610897
A1116;9900;71371;84865;DebtCon;Mgr;0;2;0;94.805235749;0;12;38.211305102
A1117;9900;55231;78708;DebtCon;Office;4;0;0;85.801476116;2;15;24.594992574
A1118;9900;47367;114837;DebtCon;ProfExe;4;0;0;210.43553362;0;10;25.042108535
A1119;9900;108155;219936;HomeImp;ProfExe;2;0;0;126.93937738;1;15;27.992051659
A1120;9900;74009;108371;DebtCon;Office;1;0;0;246.09476485;0;36;17.257117147
A1121;9900;82697;100689;DebtCon;ProfExe;3;0;0;133.36579062;0;26;33.591716314
A1122;9900;47865;88105;HomeImp;Other;18;0;0;203.02399137;0;17;34.553305392
A1123;9900;84920;201713;HomeImp;Self;13;0;0;3.0443841399;;8;21.05764132
A1125;9900;26427;87134;HomeImp;ProfExe;20;0;0;244.36524652;0;11;25.003965494
A1126;9900;23767;39293;DebtCon;Other;5;1;0;145.76577376;0;9;24.605128805
A1127;9900;31244;44138;HomeImp;Mgr;14;0;0;60.634469798;1;9;31.688134282
A1128;9900;55342;72357;DebtCon;Mgr;7;;3;111.99885488;1;11;39.870340357
A1129;9900;59206;75690;HomeImp;Office;6;0;2;288.39505854;1;19;30.776027864
A1130;9900;83821;124527;HomeImp;Office;30;0;0;319.65197133;1;37;35.769425427
A1131;10000;63218;76500;DebtCon;Office;5;2;3;183.66666667;3;30;
A1133;10000;34350;54146;DebtCon;Other;3;0;0;144.42288892;0;18;31.539013395
A1134;10000;75976;91000;DebtCon;Other;10.5;0;0;171.46666667;5;22;
A1135;10000;68807;76581;HomeImp;Office;14;0;0;237.6478941;0;32;42.335573512
A1136;10000;;56475;HomeImp;Other;9;2;0;309.26449746;2;12;34.487188041
A1137;10000;84580;118924;HomeImp;Office;31;0;0;341.94497562;2;37;35.248897631
A1138;10000;;49266;;;;;;;;;15.597290225
A1139;10000;59828;72489;DebtCon;;18;0;0;157.24366245;1;11;31.626821934
A1140;10000;22000;41250;HomeImp;Mgr;5;0;0;97.966666667;0;21;
A1141;10000;86000;111000;DebtCon;Other;6.5;0;1;91.966666667;3;17;
A1142;10000;26197;46600;HomeImp;ProfExe;9;0;0;165.96666667;2;9;
A1143;10000;;25010;HomeImp;Self;5;0;3;326.13333333;4;17;
A1146;10000;186000;225750;HomeImp;ProfExe;2;0;0;75.866666667;;5;
A1147;10000;28000;73250;HomeImp;Other;2;0;0;28.966666667;4;12;
A1148;10000;57238;101500;DebtCon;ProfExe;10;0;0;106.83333333;0;36;
A1149;10000;31253;65450;DebtCon;Other;21;0;0;172.03333333;0;16;
A1150;10000;27000;54300;HomeImp;Other;0.3;0;1;91.133333333;0;6;
A1151;10000;53297;74925;HomeImp;Other;14;0;1;88.533333333;2;15;
A1152;10000;7718;77750;DebtCon;Other;8;0;0;261.8;0;14;
A1153;10000;63005;78500;DebtCon;Other;3;;;171.76666667;;35;
A1154;10000;87579;105000;DebtCon;Other;13;0;0;209.96666667;3;16;
A1155;10000;;42497;HomeImp;Mgr;6;;;165.43333333;;9;
A1156;10000;32000;59000;DebtCon;Office;24;0;1;232.33333333;1;29;
A1158;10000;71000;97875;HomeImp;ProfExe;8;0;0;165.71489362;0;34;
A1159;10000;66000;89145;DebtCon;Office;9;0;0;215.03333333;3;29;
A1161;10000;124000;192000;HomeImp;Office;0;0;1;346.96666667;0;16;
A1162;10000;80000;107900;HomeImp;ProfExe;12;0;2;176.53333333;0;28;
A1164;10000;;23400;HomeImp;;28;0;0;206.96666667;1;5;
A1165;10000;57068;72000;;Other;12;0;0;257.7;0;27;
A1166;10000;22068;49600;HomeImp;Other;0.9;0;0;247.56666667;0;11;
A1168;10000;147234;175300;HomeImp;Office;6;0;0;192.76666667;1;56;
A1169;10000;48041;76050;HomeImp;Other;3;0;2;185.7;0;13;
A1170;10000;78000;97400;HomeImp;ProfExe;1;0;0;72.033333333;1;20;
A1171;10000;64320;102375;DebtCon;Office;10;0;0;148.16666667;1;13;
A1172;10000;96000;112200;;Office;16;1;0;258.73333333;0;16;
A1173;10000;88777.5;112014;DebtCon;ProfExe;13;0;0;182.63333333;2;18;
A1174;10000;10000;68250;DebtCon;ProfExe;20;0;2;398.8;1;12;
A1175;10000;42300;;DebtCon;Mgr;11;1;0;31.4;3;5;
A1176;10000;5200;53095;HomeImp;Other;5;3;3;234.33333333;3;17;
A1177;10000;19225.53;35500;HomeImp;Office;5;0;2;186;1;10;
A1178;10000;62000;80000;DebtCon;Other;5;;1;97.4;4;30;
A1179;10000;41741;56000;DebtCon;Office;3;0;0;20.233333333;2;6;
A1182;10000;59929;;DebtCon;Other;5;;;;;;
A1183;10000;99600;125500;DebtCon;Office;8;0;0;80.1;3;21;
A1184;10000;122800;151500;HomeImp;ProfExe;2;0;0;205.96666667;1;23;
A1185;10000;49000;70000;HomeImp;Other;;0;3;190.73333333;1;12;
A1186;10000;48840;58740;HomeImp;Other;15;2;2;194.8;0;39;
A1187;10000;13161;37700;DebtCon;Other;;3;0;79.1;2;9;
A1188;10000;84000;132965;DebtCon;Sales;30;0;0;325.63333333;1;24;
A1190;10000;65000;80000;DebtCon;Other;2;0;0;26.366666667;3;2;
A1191;10000;76700;97800;DebtCon;Other;25;;10;205.23333333;3;26;
A1192;10000;59543;86800;DebtCon;Other;9;3;1;152.13333333;2;51;
A1193;10000;52410;54500;;Mgr;1;9;4;132.9;4;29;
A1196;10000;69727;90312;HomeImp;Office;4.5;5;1;122.83333333;;17;
A1198;10000;;79500;DebtCon;ProfExe;19;0;0;285.1;2;7;
A1199;10000;;;;Other;15;2;2;108.93333333;3;31;
A1201;10000;66399;78000;;ProfExe;0.9;0;0;112.6;0;15;
A1202;10000;90700;123370;DebtCon;ProfExe;15;2;0;90.3;1;4;
A1203;10000;34900;48000;HomeImp;Other;3;0;0;288.16666667;1;3;
A1204;10000;127319;194992;HomeImp;Office;1;0;1;337.6899717;0;16;41.447505948
A1205;10000;48769;65328;DebtCon;Office;4;0;1;104.69524068;3;12;39.049359218
A1206;10000;133879;157446;HomeImp;ProfExe;6;0;1;421.36287218;1;42;30.606998702
A1207;10000;36000;68800;DebtCon;Other;13;0;0;118.66666667;6;15;
A1208;10000;64375;72418;DebtCon;ProfExe;14;0;0;207.61730644;3;31;38.867949083
A1209;10000;114643;130127;DebtCon;Self;5;0;1;160.6678931;0;19;33.920044393
A1210;10000;;69502;;;;;;;;;25.77278284
A1211;10000;41949;51684;DebtCon;Other;15;0;0;84.123450947;0;12;31.267318776
A1212;10100;114590;215784;HomeImp;ProfExe;2;0;0;123.16918276;0;14;27.84508378
A1213;10100;45493;54605;HomeImp;Mgr;21;0;1;234.59177844;0;18;36.594664037
A1214;10100;87942;106000;DebtCon;Other;13;0;0;219.38527843;2;16;40.75164798
A1216;10100;66393;85605;DebtCon;Office;6;1;1;203.69956292;3;29;37.669305127
A1217;10100;;25300;DebtCon;Other;;1;0;122.3;1;5;
A1218;10100;68240;84067;DebtCon;Sales;8;0;0;131.40418009;0;35;28.443810481
A1219;10100;81263;98536;DebtCon;Mgr;1;0;0;73.160447708;1;23;38.331255722
A1220;10100;137299;200339;DebtCon;ProfExe;0;0;0;66.357590464;2;23;35.2377013
A1221;10100;47426;68820;DebtCon;Other;16;0;4;220.7609123;0;36;24.01951269
A1222;10100;57881;69554;HomeImp;Other;29;0;3;189.92452243;1;24;34.61045543
A1223;10100;60200;74000;DebtCon;Other;4;;4;128.86666667;5;24;
A1224;10100;68820;78830;DebtCon;Other;2;;;170.7224523;;34;29.206752832
A1225;10100;73174;91101;DebtCon;Office;14;0;0;77.117090664;0;8;25.042596687
A1226;10100;54873;73085;HomeImp;Other;5;0;1;252.25289259;1;16;38.727417297
A1227;10100;49683;55728;DebtCon;Other;0;0;0;91.095794879;0;20;37.133107539
A1228;10100;72136;89437;DebtCon;;5;0;0;205.73712524;0;15;30.798763531
A1229;10100;55559;89231;HomeImp;Other;16;1;0;175.55557129;0;29;26.900320998
A1230;10100;126358;180305;DebtCon;Other;8;0;0;199.35052965;1;20;32.033628789
A1232;10100;63283;82912;HomeImp;Other;0;0;0;99.816258251;1;7;38.370539706
A1233;10100;55738;73266;DebtCon;Office;5;0;0;85.635235028;1;14;24.534325065
A1234;10100;93085;110069;DebtCon;Other;13;0;0;206.799179;3;16;40.569897059
A1235;10100;154005;175684;HomeImp;Office;4;0;0;189.36630726;0;56;33.971221884
A1237;10200;44000;57000;DebtCon;Other;0;1;0;191.73333333;2;13;
A1238;10200;9078;35261;;;;;;;;;33.666454504
A1239;10200;102281;114277;;Office;15;0;0;263.2869775;0;16;36.827785946
A1240;10200;70882;98154;DebtCon;Other;16;;;153.11813626;3;15;25.119955899
A1241;10200;69116;105228;HomeImp;ProfExe;12;0;8;122.84395119;0;36;36.122885906
A1242;10200;82630;99250;DebtCon;Other;1;0;0;107.52855981;1;32;40.280974865
A1244;10200;51108;68673;DebtCon;Mgr;6;;;116.67936716;;23;42.775643911
A1245;10200;59907;71580;DebtCon;ProfExe;14;0;0;237.94813719;2;32;36.400946661
A1246;10200;84196;91642;DebtCon;Other;1;0;0;104.83507193;1;32;38.376112633
A1248;10200;77571;102732;HomeImp;ProfExe;6;0;0;100.62966346;0;34;37.361513569
A1249;10200;60180;72370;DebtCon;Mgr;5;;;125.29486665;;23;42.504613543
A1251;10200;54900;79000;DebtCon;Office;14;0;0;113.63333333;0;24;
A1252;10200;8907;59814;HomeImp;Other;7;2;0;364.43094738;1;22;16.064245381
A1253;10200;46140;56206;DebtCon;;8;1;0;115.78062817;1;25;22.313705147
A1255;10200;73157;83858;DebtCon;;3;0;0;193.5089634;0;16;29.087994721
A1256;10200;78628;92090;DebtCon;Other;10;1;0;164.31789635;6;21;38.721321606
A1257;10200;38223;60728;DebtCon;Mgr;;;;;;;35.347853825
A1258;10200;61179;69591;DebtCon;;18;0;0;148.70447764;1;11;34.472204606
A1259;10200;34522;43076;HomeImp;Other;9;0;0;92.907548338;0;3;36.845356693
A1260;10200;29581;39992;DebtCon;Self;3;0;0;149.87462567;2;26;43.197242061
A1261;10200;16322;86505;DebtCon;Other;8;0;0;259.16381964;0;14;21.253498139
A1262;10200;57142;72664;DebtCon;;19;0;0;158.18580391;1;12;32.49748842
A1263;10200;80969;100937;DebtCon;Other;9;0;0;168.74982105;4;21;39.698429807
A1264;10200;86400;113698;HomeImp;ProfExe;11;0;1;181.54292704;0;27;35.031650879
A1265;10200;65803;85155;HomeImp;Other;15;0;0;218.48175459;0;36;36.182192009
A1266;10200;79257;105912;HomeImp;ProfExe;3;0;0;95.35537249;0;33;39.391365195
A1268;10300;61000;75000;DebtCon;Office;12;0;0;251.53333333;4;37;
A1269;10300;70147;122124;HomeImp;Other;1;0;0;58.895685895;0;7;57.995018623
A1270;10300;54925;84078;HomeImp;Other;2;0;1;189.69527288;0;13;29.133697408
A1271;10300;51787;86200;HomeImp;Other;17;0;0;203.73276258;0;16;34.435246045
A1273;10300;;69085;HomeImp;Other;;0;0;380.27804051;0;7;36.739820219
A1274;10300;46609;63812;DebtCon;Other;1;0;0;184.78841632;2;13;29.140031372
A1275;10300;58572;75946;DebtCon;Office;5;0;0;85.010052857;2;14;27.769438937
A1276;10300;;50548;HomeImp;Mgr;5;;;165.55319924;;9;23.886330813
A1277;10300;50714;56088;DebtCon;Office;1;0;0;163.08914819;1;21;37.973055369
A1278;10300;65382;73817;DebtCon;Other;1;0;0;190.64814501;1;17;34.192891589
A1280;10300;75483;99345;DebtCon;ProfExe;3;0;0;133.79051006;0;25;34.887236085
A1281;10300;45275;62724;HomeImp;Other;11;0;1;109.32463871;3;34;37.291824994
A1282;10300;57676;71027;DebtCon;;19;0;0;157.51963708;1;11;33.992366066
A1283;10300;59340;84708;HomeImp;Other;13;0;0;222.36488939;1;36;34.925984254
A1284;10300;82889;97189;DebtCon;Mgr;2;0;0;82.507446213;2;24;39.53698719
A1285;10300;56127;72294;HomeImp;Other;28;1;3;184.34575081;0;24;34.634235614
A1288;10300;39893;55000;DebtCon;Other;1.5;0;1;99.433333333;2;32;
A1289;10300;;51053;HomeImp;Other;10;1;0;306.99220543;2;12;34.483878415
A1290;10300;44941;60694;DebtCon;Other;2;0;0;85.681205116;0;20;39.53639781
A1291;10400;63505;75811;DebtCon;Other;3;0;0;182.0920717;2;17;33.690785641
A1292;10400;66044;83531;HomeImp;Office;12;0;0;241.51415322;0;31;45.569842652
A1293;10400;62442;73197;DebtCon;ProfExe;8;0;0;47.610677633;1;24;38.88482776
A1294;10400;63626;79477;;Other;12;0;0;260.79726222;0;27;27.942866028
A1295;10400;56610;86831;HomeImp;Other;19;0;0;190.08482952;0;28;24.602658554
A1296;10400;21235;40116;DebtCon;Other;3;;;;;;36.905414314
A1297;10400;64904;76767;DebtCon;Office;11;0;0;245.01801188;4;37;41.423844135
A1298;10400;64336;77564;DebtCon;Office;4;2;3;188.78007609;2;30;39.699980465
A1299;10400;37233;52320;DebtCon;Other;15;0;0;88.677328625;0;11;31.056436786
A1300;10400;57816;82047;HomeImp;Other;3;0;1;176.65689456;0;12;30.674205288
A1301;10400;51200;76125;DebtCon;Other;12;0;0;132.36666667;0;16;
A1304;10400;42714;72322;DebtCon;Other;12;0;0;105.07480159;6;15;41.262353472
A1305;10400;45710;55299;DebtCon;Office;0;0;0;166.37415023;0;20;34.536411741
A1306;10400;11426;69294;DebtCon;ProfExe;20;0;1;396.92626454;1;11;20.291988939
A1307;10500;;53907;HomeImp;Other;10;0;0;308.21326219;2;13;34.408948419
A1309;10500;64295;73594;DebtCon;;19;0;0;157.24655028;0;11;33.556312248
A1310;10500;154434;179486;HomeImp;Office;5;0;0;182.35389999;1;55;34.983459334
A1311;10500;64331;65040;HomeImp;Other;4;0;0;66.541057817;1;20;42.332124341
A1312;10500;;73388;HomeImp;Other;;0;0;367.23086382;0;7;36.842174626
A1313;10500;13694;87580;DebtCon;Other;8;0;0;258.55492784;0;14;20.260198049
A1315;10500;88829;114962;DebtCon;Other;13;0;0;206.21222804;3;15;37.864946214
A1317;10500;41467;58329;DebtCon;Mgr;2;0;0;187.71348615;0;22;27.86112392
A1318;10500;57880;66802;DebtCon;Other;2;0;0;94.598425262;8;21;45.464765837
A1319;10500;63130;71387;DebtCon;Other;3;0;2;305.55692802;0;10;32.177916696
A1320;10500;57372;67960;DebtCon;ProfExe;1.5;0;0;158.26666667;2;35;
A1321;10500;;18600;HomeImp;Other;24;;;;;;
A1324;10500;30922;57682;;Other;30;0;0;241.46041263;0;19;23.237035018
A1325;10500;69656;88198;DebtCon;Office;15;0;0;97.319406172;0;8;27.322396546
A1326;10500;89000;268000;HomeImp;ProfExe;;4;;120.8;2;15;
A1327;10500;42003;53754;DebtCon;Other;16;0;0;84.551104187;0;12;32.342959321
A1328;10500;76729;102287;HomeImp;ProfExe;5;0;0;89.062698773;1;33;38.447658863
A1329;10500;74814;98132;HomeImp;ProfExe;8;0;0;164.3308981;0;34;32.375149102
A1330;10500;55267;65160;DebtCon;Other;1;0;0;108.27542318;8;22;47.079285365
A1331;10500;47483;53877;DebtCon;;9;0;0;117.05239472;0;26;21.446281709
A1332;10500;34044;55784;DebtCon;Other;10;0;0;245.1308598;1;32;36.350329432
A1333;10500;12630;32220;;;;;;;;;34.345859886
A1334;10500;27180;86978;HomeImp;ProfExe;22;0;0;230.72115441;0;10;25.753010226
A1335;10600;47701;66500;DebtCon;Other;10;0;0;103.01428965;0;23;37.310006097
A1336;10600;37742;64334;DebtCon;Mgr;;;;;;;37.541257884
A1337;10600;80386;106526;HomeImp;ProfExe;1;0;0;64.066735538;1;19;34.104697064
A1338;10600;31216;44716;DebtCon;Other;8;;1;149.19464754;6;29;37.88226039
A1339;10600;82894;124359;HomeImp;Other;7;;;;;;40.325885318
A1340;10600;54344;92742;HomeImp;Other;19;0;0;171.20507901;0;28;24.553206166
A1341;10600;39061;50225;DebtCon;Other;15;0;0;77.114285108;0;12;32.587465652
A1342;10600;61294;82646;DebtCon;ProfExe;5;0;4;87.859169291;2;13;36.395148149
A1343;10600;46589;64559;HomeImp;Other;8;0;0;85.230876487;2;33;40.451392536
A1344;10600;28264;86546;HomeImp;ProfExe;20;0;0;244.14050903;0;11;24.20235008
A1345;10600;44696;57686;DebtCon;Office;0;0;0;170.34097406;0;20;37.792555026
A1346;10600;61513;73143;DebtCon;ProfExe;2;0;0;164.56765548;2;34;43.204953133
A1348;10600;81151;200459;HomeImp;Self;14;0;0;9.5341427099;;7;21.223213992
A1349;10600;62909;81411;HomeImp;Other;15;0;0;238.31447075;1;35;34.680381648
A1350;10600;53200;71000;DebtCon;ProfExe;2;0;0;224.23333333;5;39;
A1351;10600;22000;35200;DebtCon;Mgr;13;0;0;90.333333333;5;14;
A1352;10600;56814;66692;DebtCon;Mgr;10;0;0;107.37405519;1;18;32.625687041
A1353;10600;136820;201820;DebtCon;ProfExe;2;0;0;68.353056056;1;22;38.0722099
A1354;10600;50662;62491;DebtCon;Other;0;0;0;197.70926699;1;13;26.251888349
A1356;10600;66590;77465;HomeImp;Other;1;1;0;110.77162319;0;6;39.735785258
A1357;10600;46972;80147;HomeImp;Office;12;3;0;244.23353012;2;29;32.656531297
A1358;10600;63245;82041;DebtCon;Office;3;1;3;184.5725782;3;29;38.219034312
A1359;10600;73844;107640;HomeImp;ProfExe;3;0;0;92.979490511;0;34;37.319289307
A1360;10600;120137;137090;DebtCon;ProfExe;17;;1;173.6904615;0;33;30.958905738
A1361;10600;80397;203341;HomeImp;Self;14;0;0;11.963733283;;7;18.732089739
A1362;10600;83217;101359;DebtCon;Mgr;1;0;0;54.746622005;2;24;40.76038718
A1365;10600;48018;68963;DebtCon;Mgr;2;0;0;186.7575926;1;16;30.655744344
A1368;10600;58701;67967;DebtCon;Mgr;10;0;0;116.53228926;1;19;31.540218257
A1370;10700;56197;79272;HomeImp;Other;18;0;0;218.98166217;1;16;34.015359605
A1371;10700;126751;184554;DebtCon;Other;8;0;0;225.87035215;0;19;34.13705457
A1372;10700;48322;64383;DebtCon;Other;0;1;0;185.25673471;2;12;28.030801551
A1373;10700;83650;203720;HomeImp;Self;11;0;0;13.588693962;;8;19.587710546
A1374;10700;124330;176350;DebtCon;Other;8;0;0;222.63433925;1;19;33.964777335
A1375;10700;55341;78062;HomeImp;Other;3;0;1;192.59685455;0;12;28.828649308
A1377;10700;73996;92766;DebtCon;Office;15;0;1;102.14742858;0;9;25.3840627
A1378;10700;59588;69166;HomeImp;Other;6;0;0;133.90650517;0;17;36.180857581
A1380;10700;122000;148000;DebtCon;ProfExe;0.7;0;0;165.33333333;7;29;
A1381;10700;34000;49756;HomeImp;Other;0.9;1;0;230.3;8;8;
A1382;10700;67523;85560;DebtCon;Sales;5;0;0;126.84293494;0;35;26.001665333
A1383;10700;41144;59375;DebtCon;Other;2;0;0;73.6;1;18;
A1384;10700;50210;64838;HomeImp;Other;9;0;0;95.039168276;2;34;40.396233444
A1385;10700;54091;67661;HomeImp;Other;27;0;2;188.53398908;0;24;38.589372345
A1386;10700;147477;181050;HomeImp;Office;6;0;0;190.02108492;1;55;34.698162391
A1387;10700;115118;124198;DebtCon;Self;6;1;0;174.34182326;0;19;31.75799058
A1388;10700;110789;126781;DebtCon;Self;6;0;1;178.6374675;0;19;31.888936384
A1389;10700;51224;70399;DebtCon;Mgr;5;;;110.67744165;;23;42.939294407
A1390;10700;67065;96171;DebtCon;Office;9;0;0;205.00760033;3;28;41.587201191
A1393;10800;64305;107374;DebtCon;ProfExe;9;0;0;97.861325762;0;36;36.996385659
A1395;10800;32870;61572;DebtCon;Mgr;;;;;;;38.490246959
A1396;10800;35602;73077;DebtCon;Self;;0;1;179.89655998;1;20;53.584883008
A1397;10800;11950;46780;HomeImp;Office;24;0;0;268.9;0;20;
A1399;10800;49254;80527;HomeImp;Other;2;0;2;202.53743039;0;13;29.551583139
A1400;10800;44355;57742;HomeImp;Other;20;0;1;129.73199214;0;22;38.042767861
A1401;10800;125732;184667;DebtCon;Other;7;0;0;212.22346879;0;19;33.920789966
A1403;10800;80203;98731;DebtCon;Other;4;0;0;113.42514573;2;31;41.474073805
A1404;10800;64181;70996;DebtCon;Other;4;0;0;171.75957905;2;17;33.227793593
A1405;10800;57892;78900;DebtCon;ProfExe;15;0;3;329.16666667;1;14;
A1407;10800;75000;87400;HomeImp;Other;7;1;0;101.46666667;2;19;
A1408;10800;52600;66700;DebtCon;ProfExe;2;0;0;110.56666667;5;26;
A1409;10800;75378;86060;DebtCon;Mgr;6;0;0;102.66507078;0;23;30.09500969
A1412;10800;56477;94980;HomeImp;Other;17;0;0;179.91736263;0;28;25.210739655
A1413;10800;78898;86567;DebtCon;ProfExe;9;0;0;179.83082878;0;12;40.291951983
A1414;10800;59469;69834;DebtCon;Other;3;0;0;308.75917568;0;9;34.095785093
A1415;10800;61791;78361;DebtCon;Office;5;0;0;94.518067782;2;15;28.088524645
A1416;10800;24182;39750;DebtCon;ProfExe;2;0;0;176.83333333;0;36;
A1419;10800;49953;75322;DebtCon;Other;0;0;0;58.892731331;8;21;23.875946186
A1421;10800;13365;66979;HomeImp;Other;9;2;1;346.9796514;1;22;16.48162968
A1422;10800;89139;122571;HomeImp;Other;8;;;;;;40.780527152
A1424;10800;61767;72668;DebtCon;ProfExe;15;0;0;228.98545319;3;32;37.91433471
A1425;10900;86754;110000;DebtCon;ProfExe;13;0;2;103.43333333;0;19;
A1426;10900;57494;66704;DebtCon;Mgr;6;;;115.31274905;;24;39.510985743
A1427;10900;;76207;;;;;;;;;22.392611597
A1428;10900;49406;83074;HomeImp;Other;1;0;1;191.81512308;0;13;30.124555686
A1429;10900;22513;52355;HomeImp;Other;1;0;0;248.58340866;0;10;39.204625006
A1430;10900;;16365;HomeImp;Other;;0;0;59.548702675;1;2;24.195903631
A1432;10900;17282;70783;DebtCon;ProfExe;19;0;1;404.9043933;0;11;23.610124369
A1434;10900;25061;35792;DebtCon;Other;3;;;;;;37.10471224
A1436;10900;59029;76120;DebtCon;Other;2;0;0;231.73414438;0;10;36.025683828
A1437;10900;116030;125179;DebtCon;Self;6;0;0;177.08584488;0;19;33.849092539
A1438;10900;45028;61014;DebtCon;Other;10;0;0;72.494660925;0;23;35.667645974
A1439;10900;49352;56529;DebtCon;Other;7;0;1;78.833617625;2;23;36.174955236
A1440;11000;14046;34777;DebtCon;Other;5;0;0;256.63415201;0;11;22.447943315
A1441;11000;88252;112567;DebtCon;Other;11;0;0;224.71557646;2;15;39.526852362
A1443;11000;60513;110485;DebtCon;Mgr;3;1;1;126.77192888;1;17;40.031393322
A1444;11000;76958;88607;DebtCon;ProfExe;9;0;0;175.41182666;0;12;39.216775179
A1445;11000;21738;86586;HomeImp;ProfExe;20;0;0;241.06079106;0;10;25.21859995
A1447;11000;89275;108653;DebtCon;Other;15;0;0;206.90348089;2;15;37.743047077
A1448;11000;57554;68222;DebtCon;ProfExe;14;0;0;215.43179389;3;32;36.569347898
A1449;11000;21780;85505;HomeImp;ProfExe;19;0;0;240.68258102;0;10;24.404335112
A1450;11000;63314;69285;DebtCon;ProfExe;15;0;0;244.01777452;3;32;36.542570221
A1451;11000;48538;63805;DebtCon;Other;9;0;0;88.606023456;0;22;38.026151095
A1452;11000;50716;61492;DebtCon;Other;3;0;1;90.230329762;0;20;38.255862022
A1453;11000;77517;86214;HomeImp;ProfExe;2;2;0;352.37913787;0;28;28.030214206
A1454;11000;56795;70014;DebtCon;Other;3;0;1;319.79577127;0;10;33.596170858
A1455;11000;45000;63775;DebtCon;Other;14;0;0;173.16666667;0;18;
A1456;11000;49000;66922;DebtCon;Other;11;0;2;91;3;32;
A1457;11000;108095;137000;DebtCon;ProfExe;3;0;0;277;1;46;
A1459;11000;74596;98000;HomeImp;ProfExe;6;0;0;108.53333333;1;27;
A1460;11000;85149;106820;HomeImp;Mgr;10;0;0;240.43333333;0;25;
A1463;11000;54100;70438;DebtCon;Self;2;3;1;115.6;1;25;
A1464;11000;66400;81500;DebtCon;Other;9.5;0;0;215.06666667;0;65;
A1465;11000;63975;235000;HomeImp;ProfExe;4;5;0;123.76666667;1;17;
A1466;11000;53700;68000;DebtCon;Mgr;6;0;0;101.5;0;13;
A1467;11000;62227;81250;DebtCon;Office;9;0;5;123.76666667;3;34;
A1469;11000;122751;140000;DebtCon;Other;5;0;0;116.7;2;30;
A1470;11000;85474;118125;HomeImp;Office;2.5;2;0;132.93333333;1;9;
A1471;11000;131949;165096;HomeImp;ProfExe;5;0;0;440.42125368;0;42;26.904766453
A1472;11000;116361;143318;DebtCon;ProfExe;15;;1;181.07079325;1;32;30.032845485
A1474;11000;85758;108661;HomeImp;Mgr;11;0;0;255.28741537;0;24;29.434867143
A1475;11000;60123;74887;HomeImp;Other;3;0;1;242.24976115;2;16;37.680169764
A1476;11000;43614;60831;DebtCon;Other;3;0;2;84.444746145;0;20;36.673648152
A1477;11000;83639;98081;DebtCon;Other;10;0;0;155.37122034;4;22;42.539685706
A1481;11000;85008;73223;HomeImp;Mgr;7;0;2;197.12004536;0;23;41.441052018
A1482;11000;106762;123138;DebtCon;;2;0;0;131.01191573;0;25;32.80374334
A1483;11000;92521;110704;DebtCon;Other;13;0;0;208.89848526;2;16;39.250433285
A1484;11000;49000;68000;HomeImp;Other;2;2;3;9.1;3;15;
A1486;11000;48893;113223;DebtCon;ProfExe;7;0;1;237.09808129;0;9;22.003376409
A1488;11100;59232;71157;DebtCon;Mgr;5;;;108.21716051;;24;40.091831822
A1489;11100;;50262;HomeImp;Mgr;5;;;175.75688747;;8;22.956863758
A1490;11100;52028;77316;HomeImp;Other;;0;2;194.48489733;1;12;30.797674365
A1491;11100;79226;88112;DebtCon;ProfExe;10;0;1;179.64827359;1;12;40.670904725
A1492;11100;72402;86584;DebtCon;Mgr;8;0;0;102.97207872;0;22;29.655713203
A1493;11100;17430;68499;DebtCon;ProfExe;20;0;2;403.96540093;1;12;21.758642612
A1494;11100;;26400;HomeImp;Other;8;0;0;;2;0;
A1495;11100;82849;113913;HomeImp;ProfExe;10;0;1;167.36102992;0;27;35.763333479
A1496;11100;27861;47737;HomeImp;Other;8;0;0;89.492116658;0;4;34.050949362
A1497;11100;82329;100139;HomeImp;ProfExe;5;0;0;108.53256364;0;26;26.099258701
A1498;11100;80922;95105;DebtCon;Other;3;0;0;90.881292261;2;31;38.120810575
A1499;11100;;67005;HomeImp;Other;;0;0;364.37597582;0;7;36.674734318
A1500;11100;68784;85464;;ProfExe;2;0;0;117.9983043;0;14;36.044251755
A1501;11100;52029;71376;HomeImp;Other;4;0;1;250.25216481;2;16;38.483648445
A1502;11100;61856;77275;HomeImp;Other;4;0;1;243.71377409;1;16;36.564119563
A1504;11100;53232;86703;HomeImp;Other;16;0;0;183.20620747;0;29;26.87488997
A1505;11100;52900;91741;HomeImp;Other;;1;1;93.110352698;;8;40.761453071
A1506;11100;75392;89976;DebtCon;ProfExe;9;0;0;163.70355537;1;12;39.271884779
A1507;11100;31999;61406;;Other;31;0;0;239.05055657;0;19;20.961272939
A1508;11100;;;;;;;;;;;26.232459223
A1509;11100;54496;71895;HomeImp;Other;6;0;0;125.76577489;0;16;35.506774068
A1510;11100;56999;67427;HomeImp;Other;8;0;0;139.51391501;0;16;35.892436102
A1511;11100;67366;102936;DebtCon;Other;9;0;0;213.28149573;0;20;19.078651168
A1512;11100;35782;45550;HomeImp;Other;8;0;0;109.28434579;0;3;36.159805919
A1513;11100;148235;182053;HomeImp;Office;4;0;0;198.80971711;0;55;33.538726152
A1514;11100;48031;107561;DebtCon;ProfExe;5;0;1;226.78110513;0;9;24.190326625
A1515;11100;43167;60209;DebtCon;Other;3;0;1;80.368196976;0;20;37.490798825
A1516;11100;50350;58837;DebtCon;Other;6;0;0;80.843216818;0;10;28.793166271
A1517;11200;32562;47220;DebtCon;Other;8;;1;151.28586742;7;29;38.019135045
A1518;11200;66868;107794;DebtCon;Office;10;0;0;152.92982848;1;12;39.640828981
A1520;11200;29348;87351;HomeImp;ProfExe;20;0;0;224.39489458;0;11;26.129627304
A1521;11200;44966;55114;DebtCon;Office;1;0;0;173.96189741;1;21;37.456622102
A1522;11200;23181;80140;HomeImp;ProfExe;21;0;0;221.4180934;0;10;25.462641527
A1524;11200;17411;86102;DebtCon;Other;10;0;0;267.97010945;0;13;22.089199918
A1526;11200;56842;66710;HomeImp;Other;6;0;0;144.79522043;0;17;33.8858765
A1527;11200;56877;65125;HomeImp;Other;6;2;0;12.176928574;0;1;33.241218883
A1528;11200;62752;73003;DebtCon;ProfExe;13;0;0;226.56590487;3;31;38.339798053
A1529;11200;65508;103523;DebtCon;Office;12;0;0;154.42736766;0;12;37.575436102
A1530;11200;153103;181849;HomeImp;Office;6;0;0;186.249507;0;55;33.995565356
A1531;11200;68990;81922;DebtCon;Mgr;12;0;1;120.88581123;2;23;43.159875329
A1532;11200;;48150;HomeImp;Mgr;3;;;165.76801721;;9;22.302234366
A1533;11200;19496;73140;DebtCon;ProfExe;20;0;1;399.24269191;1;12;23.374504567
A1534;11300;57377;75038;DebtCon;Office;4;0;0;91.219961165;1;15;25.140279716
A1535;11300;124205;196124;HomeImp;Office;0;0;1;332.72338954;0;15;40.120168319
A1537;11300;61810;79817;DebtCon;Office;6;0;0;98.224144195;1;14;25.52507894
A1538;11300;;66345;HomeImp;Other;;0;0;357.14381933;0;6;34.601973808
A1539;11300;62168;80681;DebtCon;Sales;6;0;0;117.3762292;0;34;27.694521271
A1540;11300;56651;71353;HomeImp;Other;29;1;2;176.91298776;1;24;38.544441857
A1542;11300;77926;89216;DebtCon;Mgr;6;0;0;146.81015408;2;26;39.466964223
A1545;11300;40752;53683;HomeImp;Other;22;0;1;129.75806208;0;23;38.425881111
A1546;11300;;28600;HomeImp;Office;20;0;0;190.03121757;0;15;39.008673024
A1547;11300;29000;59900;HomeImp;Mgr;3;1;0;91.633333333;4;11;
A1548;11300;56602;71500;DebtCon;Office;11;2;1;52.8;12;20;
A1549;11300;66814;82021;DebtCon;Office;4;2;3;173.71183851;3;29;38.556929453
A1550;11300;16115;69113;DebtCon;ProfExe;22;0;2;403.51499966;0;12;22.168244524
A1551;11300;77846;101984;HomeImp;ProfExe;5;0;0;112.38484554;1;27;28.298733642
A1552;11300;114392;214523;HomeImp;ProfExe;2;0;0;132.09765987;1;15;26.251830338
A1553;11300;62568;79009;HomeImp;Office;4;0;3;295.33466966;0;19;28.600252229
A1554;11300;;;HomeImp;Other;;;;;;;
A1555;11300;78902;100332;DebtCon;ProfExe;4;0;0;116.99879949;0;26;34.683071467
A1556;11300;;73121;;;;;;;;;22.577246193
A1561;11400;66491;89553;DebtCon;;4;0;0;212.78328271;0;16;31.120132652
A1562;11400;55965;78051;DebtCon;Office;6;0;0;96.292020222;2;14;27.173232225
A1563;11400;59813;72873;DebtCon;ProfExe;13;0;0;234.33024049;4;31;39.351470851
A1564;11400;125486;195284;HomeImp;Office;0;0;0;354.29028718;0;15;38.143068786
A1565;11400;43530;56600;HomeImp;Other;21;0;0;114.98297904;0;23;39.481662901
A1567;11400;51203;60716;DebtCon;Other;2;0;0;99.104082616;0;20;38.235312929
A1568;11400;;44849;HomeImp;Mgr;6;;;163.27459468;;9;23.481116639
A1569;11400;;27439;HomeImp;;27;0;0;208.17711251;0;5;23.830110576
A1571;11400;84380;202186;HomeImp;Self;13;0;0;34.914371682;;7;18.84034872
A1572;11400;112930;144830;DebtCon;ProfExe;2;0;0;271.23803732;1;46;33.251079314
A1574;11400;64934;74875;DebtCon;Other;3;0;0;192.31448267;2;16;34.343755724
A1575;11400;50166;61395;DebtCon;Other;1;0;0;188.88668235;1;12;26.950451284
A1577;11500;56720;82738;HomeImp;Other;17;0;0;200.41695429;0;16;34.019837692
A1578;11500;104790;122169;;Office;16;1;0;266.12105655;0;16;34.082178462
A1579;11500;53651;87547;HomeImp;Other;18;0;0;191.39688748;0;16;34.368650887
A1580;11500;116430;215014;HomeImp;ProfExe;3;0;0;132.09363428;0;14;26.864568467
A1581;11500;43945;63337;DebtCon;Mgr;2;0;1;193.74248539;0;21;27.623493964
A1582;11500;53151;71645;HomeImp;Other;7;0;0;135.80047603;0;16;35.851614414
A1583;11500;70409;89099;DebtCon;ProfExe;9;0;0;169.40165199;0;11;40.174430056
A1584;11500;61264;75647;DebtCon;Office;11;0;0;262.89018789;3;36;39.547882702
A1585;11500;44097;58336;DebtCon;Office;0;0;0;173.31832075;0;20;38.191626025
A1586;11500;77143;86862;DebtCon;ProfExe;8;0;1;164.59640287;1;12;39.449692717
A1587;11500;21096;38952;DebtCon;Office;13;0;0;129.7;0;5;
A1588;11500;47597.57;75937.5;DebtCon;Other;13.5;0;0;89.4;0;7;
A1589;11500;67000;83000;DebtCon;ProfExe;4;;;;;;
A1590;11500;62000;83000;DebtCon;;0;5;1;177.56666667;2;34;
A1591;11500;64371;73636;DebtCon;ProfExe;2;0;0;162.11625392;1;35;39.791198955
A1592;11500;63136;81099;DebtCon;Other;3;;;149.06474483;;35;28.975940118
A1594;11500;104610;118861;DebtCon;Other;18;0;1;203.70020243;1;16;37.596951452
A1595;11500;;64037;HomeImp;Other;;0;0;354.17458076;0;7;34.355739238
A1597;11500;22758;36922;DebtCon;Office;7;0;1;103.04811711;0;16;19.020168304
A1598;11600;82326;94599;DebtCon;Other;0;4;0;;0;3;29.893621477
A1599;11600;64143;78851;DebtCon;Office;6;0;3;201.36992202;3;29;35.795804943
A1600;11600;92613;108515;DebtCon;Other;11;0;0;206.8225881;3;16;39.111039466
A1601;11600;44623;;HomeImp;ProfExe;13;6;2;178.09322168;0;29;21.334651908
A1602;11600;57939;69774;DebtCon;Mgr;5;0;0;91.99164592;0;12;72.264093333
A1603;11600;50433;107092;DebtCon;ProfExe;5;0;1;225.18169134;0;9;24.95259473
A1604;11600;89205;128462;DebtCon;Office;10;0;0;128.12359751;0;21;37.523324709
A1605;11600;22635;33353;DebtCon;Office;6;0;0;85.57207035;0;16;19.223872665
A1606;11600;35865;50000;DebtCon;Other;;0;0;78.133333333;0;15;
A1607;11600;57200;72500;DebtCon;Other;5;0;0;34.466666667;4;15;
A1609;11600;96882;118914;DebtCon;ProfExe;13;0;0;176.22191092;2;17;34.757740199
A1610;11600;28654;47042;DebtCon;Other;10;;0;158.0847883;7;29;38.477504842
A1612;11600;33379;51821;;Other;31;0;0;247.1205918;0;19;23.661084029
A1614;11600;57436;72460;;Other;11;0;0;255.12603024;0;27;28.945531785
A1615;11600;129432;198705;HomeImp;Office;0;0;0;341.04732919;0;16;39.963258508
A1616;11600;73079;101219;HomeImp;ProfExe;7;0;0;152.249875;0;33;34.249620743
A1618;11700;42151;58947;HomeImp;Other;22;0;0;122.03036183;0;23;40.083144531
A1620;11700;78789;91342;DebtCon;Mgr;5;0;0;128.36067425;2;27;41.952681795
A1621;11700;47072;85090;HomeImp;Other;18;0;0;192.25318228;0;16;35.064864675
A1622;11700;95411;117927;DebtCon;ProfExe;14;0;0;177.92669579;1;17;34.490564131
A1623;11700;54085;68239;HomeImp;Other;2;1;2;8.0552650769;3;15;32.012658582
A1624;11700;51600;72399;HomeImp;Other;15;0;1;125.36336996;4;20;
A1626;11700;59932;80313;HomeImp;Office;14;0;0;238.48646158;0;32;44.474917703
A1627;11700;40266;59097;DebtCon;Other;;0;0;74.998098598;0;15;39.49702872
A1628;11700;;69125;;;;;;;;;23.766832127
A1630;11700;63724;82252;DebtCon;Office;13;0;0;233.24887936;3;37;40.075275838
A1631;11700;59506;85000;DebtCon;Other;3;0;0;37.566666667;2;4;
A1632;11700;69100;85000;DebtCon;Mgr;3.8;3;0;80.1;0;22;
A1633;11700;62400;78000;DebtCon;Office;20;0;0;216.06666667;2;24;
A1634;11700;63914;93707;DebtCon;Other;7;3;0;162.57983695;2;51;69.480650392
A1635;11700;37093;62116;DebtCon;Mgr;;;;;;;37.010948765
A1637;11700;64278;76055;;Other;12;0;0;245.29516293;0;26;28.439965842
A1638;11700;15163;74500;DebtCon;ProfExe;19;0;2;378.82581852;1;11;20.090783327
A1639;11700;56441;86987;HomeImp;Other;17;0;0;198.03271759;0;16;33.931163419
A1640;11700;78157;103016;DebtCon;Mgr;1;0;0;69.805697668;2;24;38.448387115
A1641;11700;55119;67931;DebtCon;Mgr;4;0;0;199.41069924;2;16;27.616338511
A1642;11700;56990;83334;HomeImp;Other;4;0;2;177.43269886;0;13;30.998694504
A1643;11700;101520;110617;DebtCon;Other;18;0;2;198.54334807;1;16;38.721259448
A1645;11700;68059;86216;DebtCon;Other;3;;;175.65856785;;35;30.253969922
A1648;11800;52104;61618;DebtCon;Office;0;0;0;160.74993141;0;21;37.129512042
A1649;11800;79131;102263;HomeImp;ProfExe;5;0;0;105.25389259;0;34;36.070978869
A1650;11800;67678;108092;HomeImp;ProfExe;13;0;7;126.65823161;0;36;37.162689687
A1651;11800;;65769;HomeImp;Other;;0;0;357.33268218;0;7;34.327276537
A1652;11800;21813;30436;DebtCon;Office;5;0;1;104.01163591;0;16;19.408461231
A1653;11800;44944;57132;DebtCon;Other;;0;0;74.156045076;0;14;42.81224294
A1654;11800;57760;65535;DebtCon;Mgr;11;0;0;108.46940045;1;18;32.783483568
A1655;11800;65062;78004;HomeImp;Office;12;0;0;251.14419571;0;31;43.372372819
A1656;11800;67336;82218;DebtCon;Office;12;0;0;255.31353476;3;36;40.878428241
A1658;11800;116742;137385;DebtCon;ProfExe;15;;1;170.54003506;1;33;30.785003591
A1659;11800;38825;51984;DebtCon;Other;;0;0;82.527794351;0;14;40.88273326
A1660;11800;32257;59515;DebtCon;Office;23;0;0;231.59994452;0;29;25.701276422
A1661;11800;;51246;HomeImp;Other;11;0;0;305.5667157;2;13;32.500059069
A1662;11800;65012;91614;HomeImp;Office;26;0;0;171.88954687;2;13;42.488517052
A1663;11800;53596;69786;DebtCon;Mgr;5;;;126.78778068;;24;41.047754879
A1664;11800;98877;110250;DebtCon;Other;18;0;2;195.86291677;1;16;36.871699423
A1666;11900;44600;63800;DebtCon;Other;9;0;0;243.5;0;18;
A1667;11900;54867;79000;HomeImp;Mgr;1;0;0;182.6;2;23;
A1668;11900;44142;54299;HomeImp;Other;22;0;0;123.47114722;0;22;37.154902302
A1671;11900;108763;128780;DebtCon;Office;8;0;0;60.377932903;3;21;49.418114378
A1672;11900;56792;64130;DebtCon;Mgr;13;0;0;118.61259022;1;18;32.665746304
A1673;11900;;39433;HomeImp;Other;;;1;81.394829612;0;9;35.503664257
A1674;11900;71000;87000;DebtCon;Mgr;20;0;0;238.46666667;11;24;
A1675;11900;85179;122788;HomeImp;Other;10;;;;;;39.430730627
A1676;11900;41009;68211;DebtCon;Office;23;0;0;234.92961744;0;28;28.391039297
A1679;11900;58104;77870;HomeImp;Other;7;0;0;69.433333333;1;19;
A1680;11900;52814;72000;DebtCon;Other;12;0;0;123.6;0;20;
A1681;11900;34222;59948;DebtCon;Office;24;0;0;228.0753508;1;29;25.728837383
A1682;11900;26601;52544;HomeImp;Other;0;0;0;240.6943608;0;11;40.775677146
A1683;11900;81849;105403;HomeImp;ProfExe;5;0;1;82.639505382;1;34;36.50598321
A1684;11900;29822;48574;DebtCon;Office;13;0;0;132.4016914;0;4;36.611156973
A1685;11900;201264;227295;HomeImp;ProfExe;10;0;0;239.74336633;0;22;33.776336963
A1686;11900;97506;110902;DebtCon;Other;17;0;1;196.56812795;2;15;37.99899138
A1687;11900;89595;107895;HomeImp;Mgr;9;0;0;250.46824187;0;24;30.305388108
A1688;11900;63833;;DebtCon;Other;3;;;;;;40.932766781
A1690;11900;83877;208924;HomeImp;Self;15;0;0;12.752046941;;7;18.249721916
A1692;11900;81318;105454;HomeImp;ProfExe;6;0;0;92.136821036;1;33;37.525751033
A1693;11900;61094;74842;;Other;12;0;0;250.19983439;0;26;29.734874071
A1694;12000;84172;123415;DebtCon;Office;9;0;0;139.01844935;1;21;38.582669884
A1695;12000;83560;126479;HomeImp;Other;8;;;;;;38.928315685
A1696;12000;63019;74204;DebtCon;Office;6;0;0;98.591738332;2;14;24.490438355
A1697;12000;41182;59947;HomeImp;Other;23;0;0;118.17993915;0;22;37.131064161
A1698;12000;57371;69076;DebtCon;Mgr;10;1;0;83.251972039;1;19;29.632108256
A1699;12000;76799;83864;DebtCon;Mgr;8;0;0;102.20427433;0;22;27.17193008
A1700;12000;35028;55079;HomeImp;Other;23;0;1;108.63396857;0;23;40.797457548
A1701;12000;30777;43157;DebtCon;Other;8;;0;151.69943102;7;28;38.177742947
A1702;12000;7804;65395;HomeImp;Other;8;2;0;347.12332582;0;21;16.816307486
A1703;12000;38130;68707;DebtCon;Office;23;0;0;234.88798047;1;29;26.301236902
A1704;12000;15756;53079;HomeImp;Office;23;0;0;259.55504435;0;20;29.397478217
A1706;12000;69796;93757;DebtCon;Office;16;0;1;91.432675908;0;8;24.459383678
A1707;12000;102109;121229;DebtCon;;2;0;0;104.48259122;0;25;34.767288887
A1708;12000;79844;98139;HomeImp;ProfExe;8;0;0;156.95475827;0;34;31.700124322
A1709;12000;76345;89036;HomeImp;Other;8;0;0;91.97034976;1;19;50.173065029
A1710;12000;35721;52938;HomeImp;Other;23;0;1;125.928071;0;22;38.627024993
A1711;12000;72786;84595;DebtCon;Office;4;2;2;198.76932508;3;30;38.090209026
A1712;12000;42000;60000;DebtCon;Other;4;1;2;145.53333333;0;23;
A1713;12000;69000;92900;HomeImp;ProfExe;2;0;0;115.9;0;15;
A1714;12000;74427;96270;DebtCon;Other;18;0;1;169.73333333;2;40;
A1715;12000;;;HomeImp;Other;3;0;2;213.66666667;1;15;
A1716;12000;43000;64000;DebtCon;Other;1;0;0;262.96666667;0;21;
A1717;12000;96000;135000;HomeImp;ProfExe;14;0;0;126.8;5;22;
A1719;12000;87000;101200;DebtCon;Sales;13;;2;151.13333333;1;18;
A1720;12000;98000;123385;HomeImp;ProfExe;10;0;0;170.43333333;3;32;
A1721;12000;76187;93100;DebtCon;Other;0.5;0;0;144.06666667;0;23;
A1722;12000;73000;94900;DebtCon;ProfExe;9;3;0;189.7;1;30;
A1723;12000;150000;175065;DebtCon;ProfExe;7;;1;206.66666667;4;26;
A1724;12000;29600;61250;DebtCon;ProfExe;7.5;0;0;264.8;1;16;
A1725;12000;;63000;;;0;0;0;;0;0;
A1728;12000;42482;67800;DebtCon;ProfExe;19;0;0;199.9;0;16;
A1729;12000;53800;80000;DebtCon;Other;0.3;0;0;124.76666667;4;11;
A1730;12000;88000;118750;HomeImp;Mgr;3;0;3;153.5;0;26;
A1731;12000;44000;59500;DebtCon;Other;3.7;0;0;172.5;0;14;
A1732;12000;81000;105250;DebtCon;ProfExe;9;0;0;200.9;2;37;
A1733;12000;36346;54000;DebtCon;Other;;0;0;114.66666667;2;19;
A1734;12000;81000;99000;HomeImp;Other;20;0;0;136;4;24;
A1735;12000;64000;80000;DebtCon;Other;2;0;0;239.53333333;3;26;
A1736;12000;;87000;DebtCon;Other;13;;;;;;
A1737;12000;85039;111100;DebtCon;ProfExe;0.2;1;2;144.06666667;1;34;
A1738;12000;87000;113850;DebtCon;Office;11;0;0;216.13333333;0;12;
A1740;12000;75373;102602;HomeImp;Other;6;2;0;99.366666667;0;21;
A1742;12000;114390;132800;DebtCon;Mgr;10;0;0;95.733333333;0;25;
A1743;12000;28298;72000;DebtCon;Other;8;;;105.5;2;22;
A1744;12000;118000;139350;HomeImp;ProfExe;2;0;0;153.16666667;2;17;
A1745;12000;87917;;;Other;12.9;0;1;71;0;12;
A1746;12000;58730;80000;DebtCon;Office;10;;4;123.1;3;25;
A1747;12000;59099;82000;DebtCon;Other;10;0;2;219.13333333;0;33;
A1748;12000;15231;42845.01;DebtCon;Office;6.5;0;1;65.966666667;2;18;
A1749;12000;48786;89800;HomeImp;ProfExe;29.9;0;5;220.13333333;1;16;
A1750;12000;74265;91000;HomeImp;Other;7;1;0;137;0;3;
A1751;12000;42000;58000;DebtCon;Other;5;0;1;113.63333333;1;18;
A1752;12000;76674;97936;DebtCon;Mgr;5;0;0;147.91420273;2;27;41.225763159
A1753;12000;54257;82764;;Other;14;1;1;188.33742177;2;31;38.942759641
A1755;12000;97650;115931;DebtCon;ProfExe;11;0;0;199.82804201;1;17;34.387943973
A1756;12000;;67446;HomeImp;Other;;0;0;356.93333041;0;7;37.934443412
A1758;12000;84191;100654;HomeImp;ProfExe;0;0;0;79.677885378;1;20;33.773303262
A1759;12000;63589;75959;HomeImp;Office;14;1;0;253.61692796;1;31;43.15970058
A1760;12000;;33879;DebtCon;Other;;1;0;121.37953588;0;4;39.69469137
A1763;12100;56335;86648;HomeImp;Other;17;0;0;206.24709466;0;17;35.127874351
A1764;12100;48622;83158;HomeImp;Other;4;0;2;191.56929158;0;12;29.204499555
A1765;12100;58556;76724;HomeImp;Other;3;0;1;234.65854468;1;16;37.639252934
A1766;12100;186062;227171;HomeImp;ProfExe;0;0;0;67.780848026;;4;26.990532996
A1767;12100;13218;82386;DebtCon;Other;7;0;0;262.39425427;0;14;18.430472375
A1768;12100;96439;126328;HomeImp;Mgr;3;0;3;156.31913094;0;26;39.279313253
A1769;12100;44484;64398;DebtCon;Other;3;0;0;263.04470405;0;20;28.803982547
A1771;12100;90917;102400;DebtCon;Sales;11;;2;159.87451797;0;17;33.453728495
A1772;12100;50100;66410;DebtCon;Other;3;0;0;176.00986434;0;14;28.548603692
A1773;12100;68941;75029;HomeImp;Office;14;0;0;254.18965549;0;31;43.89784955
A1774;12100;50150;65565;DebtCon;Other;4;0;0;166.23170863;0;13;26.644324791
A1775;12100;50973;74183;DebtCon;Mgr;6;;;122.69182705;;24;41.128085307
A1776;12100;22000;38750;DebtCon;Other;0.8;0;0;167.4;1;17;
A1778;12100;31400;48000;DebtCon;Other;6;1;0;107.53333333;2;16;
A1779;12100;67000;79100;DebtCon;Mgr;5;0;0;155.2;1;32;
A1781;12100;;72731;;;0;0;0;;0;0;0.7202950067
A1782;12100;74594;90555;DebtCon;Mgr;4;0;0;123.77662458;2;27;41.634847306
A1783;12100;83557;98881;HomeImp;ProfExe;6;0;0;102.22570446;1;26;25.782787088
A1784;12100;61868;66874;HomeImp;Other;30;0;3;170.43863924;0;23;37.915020999
A1785;12100;46152;72773;DebtCon;Other;0;0;0;270.48998006;0;20;29.495115994
A1786;12100;97185;113004;DebtCon;Other;13;0;0;202.6225313;2;15;37.716646112
A1787;12100;105104;144712;HomeImp;ProfExe;13;0;0;129.51880811;5;22;37.413774661
A1789;12100;85121;113744;DebtCon;ProfExe;0;0;2;139.48533969;0;34;33.943437719
A1790;12100;28193;34705;DebtCon;Other;0;;;;;;37.618026904
A1791;12100;18728;34443;DebtCon;Mgr;9;0;0;117.64828293;0;10;21.589836378
A1792;12100;55147;72553;DebtCon;Other;0;0;0;229.40617542;0;10;35.867729634
A1793;12100;48149;74539;DebtCon;ProfExe;17;0;0;200.03256163;0;15;23.130971888
A1794;12200;61929;83102;HomeImp;Office;14;0;0;238.52492741;1;32;44.449670971
A1795;12200;110088;137794;DebtCon;ProfExe;3;0;0;251.15189185;1;46;33.517117222
A1796;12200;57785;72971;DebtCon;Other;2;0;0;166.89946021;1;16;34.709643927
A1797;12200;67474;88473;DebtCon;Other;2;0;0;234.77599668;3;26;29.097298793
A1798;12200;136866;162906;HomeImp;ProfExe;4;0;0;427.92359149;0;43;30.182122904
A1799;12200;80336;102618;HomeImp;ProfExe;2;0;0;79.730260623;2;19;34.405482343
A1800;12200;97000;109800;HomeImp;ProfExe;5;0;0;152.13333333;3;33;
A1801;12200;91000;114053;DebtCon;Other;11;0;0;173.5;0;27;
A1802;12200;206613;232176;HomeImp;ProfExe;10;0;1;237.31576972;0;22;30.689439205
A1803;12200;45095;64736;DebtCon;Other;9;0;0;249.67377106;0;18;31.635302623
A1804;12200;70722;81760;DebtCon;Other;0;0;0;219.78527278;3;26;30.277005376
A1805;12200;199232;229929;HomeImp;ProfExe;11;0;0;223.43811683;0;21;31.370272297
A1806;12200;82904;125057;DebtCon;Office;8;0;0;131.6590526;1;21;37.273139992
A1807;12200;61302;90873;DebtCon;Other;2;0;0;35.973541612;1;4;39.973613155
A1808;12200;27118;87982;HomeImp;ProfExe;19;0;0;232.23699614;0;11;25.235438798
A1809;12200;53242;70400;DebtCon;Other;14;0;0;169.93066352;0;18;34.629427656
A1811;12200;90154;110479;DebtCon;ProfExe;9;0;0;196.92640591;2;37;43.189031502
A1812;12200;86775;111572;DebtCon;ProfExe;0;1;1;138.61008049;1;33;34.351808356
A1813;12300;79838;85209;DebtCon;ProfExe;8;0;0;173.83862388;0;11;37.824470796
A1814;12300;114035;137208;DebtCon;ProfExe;15;;1;173.71432273;0;33;32.056072286
A1815;12300;89333;106107;HomeImp;Other;19;0;0;120.25788605;3;24;28.774702133
A1816;12300;24552;48278;DebtCon;Other;0;0;0;171.07510456;0;16;29.299550944
A1817;12300;61253;85825;DebtCon;Sales;5;0;0;130.02625897;0;34;27.20337824
A1819;12300;48866;73023;HomeImp;Office;11;3;1;251.62906201;1;29;32.876870739
A1820;12300;48238;66603;HomeImp;Office;6;0;1;80.38898294;1;11;40.01910455
A1821;12300;112373;136202;DebtCon;ProfExe;16;;1;179.8829733;0;32;30.488268105
A1824;12300;;50530;HomeImp;Mgr;5;;;163.54095996;;9;20.02628441
A1825;12300;78000;101200;HomeImp;Other;0.4;0;0;145.06666667;1;19;
A1826;12300;50230;70000;DebtCon;Sales;1;0;;184.36666667;2;20;
A1827;12300;49800;64000;DebtCon;ProfExe;23;0;2;232.33333333;3;17;
A1829;12300;114457;144284;DebtCon;ProfExe;1;0;0;252.6592531;0;45;32.497145096
A1830;12300;52622;64407;DebtCon;Other;0;0;0;191.0774254;1;13;26.203067291
A1831;12300;152274;177940;HomeImp;Office;4;0;0;196.87675772;0;56;33.722769149
A1832;12300;27859;48393;HomeImp;Other;10;0;0;82.760160333;0;3;34.385367068
A1834;12300;159798;177853;DebtCon;ProfExe;6;;0;206.81707264;4;25;41.42504139
A1835;12300;81590;90050;DebtCon;Mgr;6;0;0;136.7467587;1;26;41.732675815
A1836;12300;35651;59795;HomeImp;Other;22;0;0;118.65306415;0;23;40.662981652
A1838;12300;33061;46277;DebtCon;Other;8;;1;154.8992783;7;28;39.701782857
A1839;12300;102908;124217;HomeImp;ProfExe;9;0;0;159.99402639;2;31;27.707443896
A1840;12300;141020;157511;HomeImp;ProfExe;4;0;1;403.74892984;0;43;29.583184253
A1842;12300;73099;84250;DebtCon;ProfExe;4;;;;;;40.222283144
A1843;12300;11300;39000;;Other;;5;1;170.43333333;3;21;
A1845;12300;64265;90956;DebtCon;Other;10;0;1;233.15612479;0;32;32.908823864
A1846;12400;132894;198168;HomeImp;Office;0;0;1;355.1639113;0;16;40.540295366
A1847;12400;31303;57444;;Other;29;0;0;246.71682738;0;18;20.205907521
A1848;12400;80510;97548;HomeImp;ProfExe;1;0;0;74.404263327;1;19;36.457349926
A1849;12400;137927;160566;HomeImp;ProfExe;6;0;1;436.75177987;0;42;29.272556814
A1850;12400;45604;65501;DebtCon;Other;9;0;1;70.337530564;1;24;35.212181264
A1851;12400;26768;52411;HomeImp;Other;0;0;0;253.31804334;0;11;38.821021323
A1852;12400;203902;234454;HomeImp;ProfExe;9;0;0;213.45544748;0;22;33.64852105
A1854;12400;49264;57923;DebtCon;Other;0;0;0;182.00104146;2;13;27.00877688
A1855;12400;36034;62953;DebtCon;ProfExe;9;0;0;262.07934525;0;16;21.345227351
A1856;12400;;69350;;;0;0;0;;0;0;2.3651954133
A1857;12400;94000;112000;DebtCon;Mgr;4;0;0;;0;0;
A1858;12400;115902;146813;DebtCon;ProfExe;1;0;0;288.46762658;0;45;33.054284333
A1859;12400;115004;144760;DebtCon;ProfExe;2;0;0;279.5221733;1;46;35.614731425
A1860;12400;57105;74582;DebtCon;Other;12;0;0;134.03176787;0;20;36.925736414
A1861;12400;34055;40739;DebtCon;Other;9;;0;147.01282696;6;29;39.930947359
A1862;12400;50573;84008;DebtCon;Other;15;1;0;76.042086926;0;7;41.027966747
A1863;12400;;65317;HomeImp;Other;;0;0;349.27961082;0;6;35.714418429
A1864;12400;25805;31414;DebtCon;Other;2;;;;;;38.237225598
A1866;12400;83018;96637;DebtCon;Other;2;0;0;95.902131333;2;32;41.244779194
A1867;12500;93538;118369;DebtCon;ProfExe;0;0;1;132.82371179;0;33;34.833864806
A1869;12500;69117;101503;HomeImp;ProfExe;13;0;7;145.95301782;0;36;36.759984664
A1870;12500;157312;181050;DebtCon;ProfExe;7;;0;209.70673679;4;25;40.905619756
A1871;12500;10035;61897;HomeImp;Other;6;1;1;368.73779632;0;21;14.733594833
A1872;12500;83276;129116;DebtCon;Office;7;0;0;138.68795496;0;22;39.589961826
A1873;12500;57294;66615;DebtCon;Other;3;0;1;321.38758675;0;9;31.380899093
A1874;12500;101047;118913;HomeImp;Office;2;0;0;156.60549165;1;22;35.899287842
A1875;12500;56960;69014;DebtCon;Other;4;0;0;307.63666403;0;10;30.362483817
A1876;12500;83924;100114;HomeImp;ProfExe;0;0;0;71.304197606;1;20;34.712768805
A1877;12500;79900;94660;DebtCon;Mgr;19;0;0;252.34969818;10;24;35.800492028
A1878;12500;;52026;HomeImp;Mgr;6;;;173.7172393;;8;21.621195099
A1879;12500;41000;64680;DebtCon;Other;2;0;0;70.9;3;30;
A1881;12500;55000;75393;DebtCon;Other;0.75;0;1;113.03333333;1;16;
A1882;12500;77100;90550;HomeImp;Office;;0;0;173.46666667;1;26;
A1883;12500;71582;93400;DebtCon;Other;6;3;0;74.066666667;1;21;
A1885;12500;69192;105300;DebtCon;Mgr;4;0;0;282.03333333;1;23;
A1886;12500;62000;102600;HomeImp;Other;10;2;6;226.43333333;4;42;
A1887;12500;50097;73846;DebtCon;Other;1;0;0;267.86545832;0;20;29.159609493
A1888;12500;77792;100812;DebtCon;ProfExe;10;2;0;182.9569956;1;29;27.385873237
A1889;12500;53354;79893;HomeImp;Office;10;2;0;249.43595428;1;29;35.020885785
A1890;12500;66163;83727;DebtCon;Office;4;1;2;176.93524748;3;30;36.774639954
A1891;12500;81865;101048;DebtCon;Other;1;0;0;147.40222744;0;23;38.855162721
A1892;12500;17659;31843;DebtCon;Office;7;0;1;107.74109478;0;16;19.300854446
A1893;12500;55228;66569;DebtCon;Mgr;3;0;0;198.81516721;1;17;27.996872759
A1894;12500;77937;89710;DebtCon;Mgr;19;0;0;223.5874152;10;24;35.951998648
A1895;12500;26286;36002;DebtCon;Other;2;;;;;;38.438681858
A1896;12500;;39200;HomeImp;Other;0;0;0;309.4;1;9;
A1898;12500;;;;;;;;;;;27.352644226
A1899;12600;71370;90316;HomeImp;Office;26;0;0;162.3574415;2;14;39.875483802
A1900;12600;84933;110253;DebtCon;ProfExe;8;0;0;192.42260626;1;37;40.845077791
A1902;12600;68800;86000;DebtCon;Mgr;3;2;1;202.86666667;8;26;
A1903;12600;41169.82;57000;DebtCon;Other;5.5;1;0;98.433333333;10;18;
A1904;12600;83921;90876;DebtCon;Other;3;0;0;106.93739665;1;32;41.473001084
A1905;12600;45633;77578;DebtCon;ProfExe;19;0;0;209.72551959;0;15;23.915614881
A1906;12600;103946;113900;DebtCon;Other;17;0;2;194.35993932;1;16;36.414572822
A1909;12600;72854;86209;;ProfExe;2;0;0;118.06964742;0;14;36.051487179
A1910;12600;67860;103426;DebtCon;Other;9;0;0;202.15263385;0;20;18.347529385
A1911;12600;103960;127384;DebtCon;;2;0;0;129.01549941;0;25;34.479454764
A1912;12600;32742;41299;DebtCon;Other;10;;1;170.40710644;7;29;37.802669594
A1913;12600;25000;37882;HomeImp;Other;8.8;0;0;87.2;2;12;
A1914;12600;48983;65000;DebtCon;Other;5;1;0;58.7;7;23;
A1915;12600;62493;77141;;Other;13;0;0;266.33310144;0;26;27.007872196
A1917;12600;58247;72189;HomeImp;Other;30;0;3;198.24317597;0;23;35.794259842
A1918;12600;100590;138649;HomeImp;ProfExe;14;0;0;138.16470464;4;22;34.598727401
A1919;12600;85335;97094;DebtCon;Other;2;0;0;116.08660902;1;32;40.845246192
A1920;12600;83552;107186;HomeImp;Other;21;0;0;128.66024536;4;24;28.723017625
A1923;12600;49986;67896;DebtCon;Mgr;3;0;0;190.1599072;1;17;29.266317175
A1924;12700;204038;230920;HomeImp;ProfExe;10;0;0;242.91289344;0;22;29.801627319
A1925;12700;79448;91004;DebtCon;Mgr;20;0;0;227.50739015;10;23;34.464302149
A1926;12700;149272;176467;HomeImp;Office;7;0;0;191.90446359;1;55;33.902320006
A1927;12700;29471;48362;HomeImp;Other;9;0;0;79.902871414;0;4;36.020607901
A1928;12700;72760;83604;DebtCon;Office;6;2;3;189.9194249;3;29;37.368560459
A1929;12700;;41396;HomeImp;Other;0;0;0;302.87005049;1;8;27.989466591
A1930;12700;79383;107590;DebtCon;Other;5;0;0;78.299273534;2;14;33.581116502
A1931;12700;30428;47387;DebtCon;ProfExe;2;0;0;164.49002127;0;36;38.874158603
A1932;12700;103034;124116;DebtCon;;2;0;0;137.43869242;0;25;31.603100931
A1933;12700;58293;82594;DebtCon;Office;13;0;0;105.05041496;0;23;36.700445544
A1934;12700;30061;58714;;Other;29;0;0;230.8801537;0;19;20.637917598
A1936;12700;77068;98436;HomeImp;ProfExe;7;0;1;148.28809958;0;34;33.463697469
A1937;12700;130867;201245;HomeImp;Office;0;0;1;340.79534444;0;15;40.168827023
A1938;12700;61840;73541;DebtCon;ProfExe;1;0;0;157.89244671;2;35;41.651691707
A1939;12700;79898;101989;DebtCon;ProfExe;9;2;0;214.99645978;1;29;29.306071113
A1940;12700;105293;121416;;Office;14;0;0;250.01888053;0;16;35.287166428
A1941;12700;60122;93741;DebtCon;Other;0;0;0;38.334923849;1;3;42.109347732
A1943;12700;48139;64842;DebtCon;Other;0;1;0;192.47915219;2;13;26.54684008
A1945;12700;59440;88690;DebtCon;Other;0;0;0;129.15261505;3;11;37.838273531
A1946;12700;53199;82567;HomeImp;Other;3;0;1;185.32503543;0;13;27.390380405
A1947;12700;58606;83010;DebtCon;Other;1;0;0;125.32588539;3;11;35.999610723
A1948;12700;159661;183244;DebtCon;ProfExe;7;;1;210.11522091;4;26;43.768191776
A1949;12700;107653;129752;HomeImp;ProfExe;8;0;0;181.0272753;2;32;29.466721027
A1950;12700;37346;53511;HomeImp;Other;23;0;0;136.95694068;0;22;39.431663733
A1951;12800;99160;114619;HomeImp;Office;2;0;0;142.2125619;0;22;35.949877053
A1953;12800;117391;210072;HomeImp;ProfExe;1;0;0;136.6209694;1;14;27.124889306
A1954;12800;54546;62906;DebtCon;Mgr;3;0;0;175.51987453;1;16;28.648185714
A1955;12800;49349;70078;DebtCon;Other;9;0;0;240.90805914;0;17;31.754053954
A1958;12800;100241;113073;DebtCon;Other;17;0;1;197.27367923;1;15;39.467588446
A1959;12800;73624;103213;DebtCon;Other;10;0;0;201.65084421;0;20;19.557272829
A1961;12800;;;;;;;;;;;24.659670477
A1962;12800;206527;227737;HomeImp;ProfExe;11;0;0;225.20132562;0;22;31.12184071
A1963;12800;54151;83828;DebtCon;Other;13;0;0;132.16026989;0;16;23.477426284
A1964;12800;81030;100333;DebtCon;Mgr;11;0;1;80.148943035;4;29;42.319370392
A1965;12800;67867;78660;DebtCon;Other;3;;;159.80149338;;34;30.010909605
A1966;12800;48437;65311;DebtCon;Other;0;1;0;260.55523624;0;21;29.516289851
A1967;12800;51800;68000;HomeImp;ProfExe;6;;;;;;
A1968;12800;111000;124500;DebtCon;Sales;7;1;0;203.9;2;40;
A1969;12800;76783;95007;DebtCon;Mgr;6;0;0;140.97202234;2;26;42.153616933
A1970;12800;58592;87002;DebtCon;Office;13;0;0;139.53084276;0;24;37.531077087
A1972;12800;46043;62531;DebtCon;Other;4;0;0;183.98210054;0;13;26.100802572
A1973;12800;42801;51123;HomeImp;Other;23;0;1;127.83966204;0;22;39.389594605
A1974;12800;67060;83989;DebtCon;Office;9;;3;116.46675743;2;24;43.572307509
A1975;12800;91040;114331;DebtCon;Other;12;0;0;175.87735007;0;26;34.747185039
A1976;12800;71531;87256;HomeImp;Office;26;0;0;167.1637357;1;14;40.376137593
A1977;12800;75139;105289;HomeImp;ProfExe;8;0;0;151.85116589;0;35;31.210704737
A1978;12800;77318;97616;DebtCon;Mgr;6;0;0;125.53480182;2;27;39.462663394
A1979;12800;85251;114023;DebtCon;ProfExe;1;1;2;143.68279591;0;33;31.913272413
A1981;12800;29100;39264;HomeImp;Other;7;0;0;93.395002466;2;12;31.283061018
A1982;12800;81694;101680;DebtCon;Other;0;0;0;159.35410405;1;22;40.111578298
A1983;12800;68729;90127;HomeImp;Office;23;0;0;163.98927891;1;14;39.424487787
A1984;12900;69770;87000;DebtCon;Other;6;0;0;201.93333333;3;19;
A1986;12900;34655;57787;;Other;31;0;0;244.99538458;0;18;21.415504297
A1987;12900;64245;83823;DebtCon;Office;13;0;0;246.8377195;3;36;40.560130328
A1989;12900;58566;74655;DebtCon;Mgr;5;;;116.77581763;;24;39.977051188
A1990;12900;105638;112608;DebtCon;Other;17;0;2;208.30688217;2;16;39.677905811
A1991;12900;59191;72716;DebtCon;Other;2;0;0;175.17044098;1;17;35.558171284
A1992;12900;29891;76571;HomeImp;Other;2;0;0;29.058670234;3;11;31.458500529
A1993;12900;151991;179521;HomeImp;Office;6;0;0;186.8053299;0;55;34.19175206
A1994;12900;102905;117694;HomeImp;Office;1;0;0;137.14247311;1;21;35.865466207
A1996;12900;87270;97929;HomeImp;ProfExe;0;0;0;65.107496541;1;20;34.696365542
A1998;12900;66126;84472;DebtCon;Other;2;;;187.17919874;;34;29.995038406
A1999;12900;67038;110955;DebtCon;Office;9;0;0;147.19741366;0;12;37.085986081
A2000;12900;89510;102628;HomeImp;Other;20;0;0;117.85717268;3;24;28.537354092
A2001;12900;46266;62000;DebtCon;Other;7;0;0;77.133333333;5;18;
A2002;12900;83886;100782;HomeImp;ProfExe;5;0;0;115.07618603;1;27;27.979706434
A2005;12900;117900;143433;DebtCon;Mgr;6;0;0;227.93289343;0;35;47.619763526
A2006;12900;55673;64582;DebtCon;Other;4;0;0;163.41663166;0;14;26.987437342
A2007;12900;88304;122178;DebtCon;Office;10;0;0;223.45485481;0;12;41.429958874
A2008;12900;50636;57838;DebtCon;Other;0;1;0;187.82532332;1;13;28.813470941
A2009;12900;52353;62740;DebtCon;Other;2;0;0;167.51551603;0;13;37.357581403
A2010;12900;89492;110007;HomeImp;ProfExe;10;0;2;169.19198431;0;28;32.820037269
A2011;12900;19688;77998;DebtCon;ProfExe;20;0;2;407.26116688;0;12;22.839078993
A2012;12900;70167;90812;HomeImp;Office;25;0;0;177.0806266;2;13;40.225695665
A2013;12900;45215;66162;DebtCon;Other;4;0;0;170.76451694;0;14;39.248014917
A2014;12900;56957;73181;HomeImp;Other;29;1;3;179.09616602;1;23;36.394795447
A2015;12900;56798;71364;DebtCon;Other;1;0;0;225.58576305;0;9;33.021284072
A2016;12900;61031;71550;HomeImp;Other;28;0;2;178.08725678;0;23;34.802428777
A2017;12900;18106;37881;DebtCon;Mgr;8;0;0;134.38410886;0;10;20.515961862
A2019;13000;15374;59309;HomeImp;Other;6;2;0;355.13122911;1;21;15.823615554
A2020;13000;27787;44901;DebtCon;Other;8;;1;166.7262772;7;28;38.35512561
A2021;13000;81972;102295;HomeImp;ProfExe;5;0;0;107.42060929;0;26;24.720831083
A2022;13000;;28981;HomeImp;;28;0;0;203.90285502;0;4;25.740930695
A2023;13000;61509;77065;DebtCon;Other;6;0;0;172.8544902;2;17;35.390861311
A2024;13000;80587;110064;DebtCon;Other;6;0;0;85.009196731;1;13;33.990039745
A2026;13000;29461;49326;HomeImp;ProfExe;11;0;0;171.59766853;1;8;38.917999879
A2027;13000;78766;106450;HomeImp;ProfExe;6;0;0;107.95131167;0;26;24.870993882
A2028;13000;49268;72430;DebtCon;ProfExe;19;0;0;192.36447464;0;15;23.617104865
A2030;13000;67395;94355;DebtCon;Office;8;0;0;214.48449255;3;28;40.970466815
A2031;13000;53951;70095;HomeImp;Other;28;0;3;212.38692445;1;24;36.72874424
A2032;13000;;72175;HomeImp;Other;;0;0;367.94002493;0;6;36.561139738
A2033;13000;29196;42682;DebtCon;Other;9;;0;143.10806066;6;28;37.29840496
A2034;13000;96172;112123;DebtCon;ProfExe;14;0;0;181.89180444;1;18;36.225571567
A2036;13000;16913;48587;HomeImp;Office;23;0;0;264.9921562;0;20;30.622635559
A2037;13000;125969;144076;DebtCon;Other;4;0;0;110.19319627;2;30;48.977731698
A2039;13000;34000;65000;HomeImp;Other;4.5;0;1;148.5;2;24;
A2040;13000;38200;64764;HomeImp;ProfExe;4;0;0;211.06666667;3;18;
A2041;13000;6793;47700;DebtCon;ProfExe;4;0;0;304.36666667;0;16;
A2043;13000;61612;99132;HomeImp;ProfExe;8;0;0;262.73333333;1;12;
A2045;13000;20200;37245;DebtCon;ProfExe;21;0;1;199.9;2;16;
A2046;13000;7200;24869;HomeImp;Other;0.7;9;1;193.8;0;9;
A2047;13000;41193;58000;DebtCon;Other;18;3;2;66.933333333;4;7;
A2048;13000;36223;;DebtCon;Other;9;1;0;132.86666667;0;14;
A2051;13000;137618;159000;DebtCon;ProfExe;9;2;6;106.53333333;6;37;
A2052;13000;47000;60000;HomeImp;Self;1;0;0;;3;12;
A2053;13000;177000;200000;DebtCon;Mgr;3;0;2;195.83333333;1;50;
A2054;13000;60000;86400;DebtCon;Other;12;0;2;149.16666667;0;28;
A2055;13000;111000;137813;;Mgr;6;2;2;138.33333333;3;65;
A2056;13000;152029;173750;HomeImp;ProfExe;20;0;0;19.333333333;7;5;
A2057;13000;26863;44218;HomeImp;Other;10;0;0;92.99959341;2;11;29.112936155
A2058;13000;110094;145807;DebtCon;ProfExe;2;0;0;285.27593467;0;45;35.045471057
A2059;13000;66014;85528;DebtCon;Office;4;2;3;185.64499392;2;30;39.41871848
A2060;13000;61865;72045;DebtCon;ProfExe;0;0;0;172.69668464;2;34;42.565582285
A2061;13000;;25552;HomeImp;;28;0;0;198.0728056;0;5;25.507820486
A2062;13000;77355;114400;;;;;;;;;
A2063;13000;44875;57713;DebtCon;Other;0;1;0;184.99032439;1;12;28.602076071
A2064;13000;110097;210595;HomeImp;ProfExe;3;0;0;122.63869991;0;15;29.327513673
A2065;13000;60719;73677;;Other;11;0;0;256.7103553;0;26;27.310106973
A2067;13000;40996;58938;DebtCon;Mgr;;;;;;;35.809612733
A2069;13100;70878;86743;DebtCon;ProfExe;10;0;0;174.88174385;0;11;39.784408257
A2071;13100;59608;72561;HomeImp;Other;30;1;2;195.53871125;1;24;36.611072985
A2073;13100;;;HomeImp;ProfExe;0.75;;;;;;
A2074;13100;64897;81598;DebtCon;Sales;7;0;0;130.64846835;0;34;26.500105076
A2075;13100;;47568;HomeImp;Other;0;0;0;319.59593727;0;8;25.836785172
A2076;13100;22422;34800;HomeImp;Office;2.6;2;0;93.3;1;3;
A2077;13100;82411;103833;HomeImp;Other;21;0;0;135.86303837;4;24;29.21582663
A2078;13100;70368;87407;DebtCon;Other;2;0;0;232.99471273;3;26;29.66798564
A2079;13100;;65933;;;0;0;0;;0;0;3.657370718
A2080;13100;50552;59889;DebtCon;Other;4;0;0;178.61236257;0;13;38.763313808
A2081;13100;73987;106557;DebtCon;Office;9;0;0;149.45252906;1;13;37.008526928
A2082;13100;61853;73480;;Other;13;0;0;258.93715422;0;26;28.730851165
A2083;13100;97287;123281;DebtCon;Other;9;0;0;162.99374391;0;26;34.178345675
A2084;13100;59460;72387;HomeImp;Other;29;1;2;182.18178223;0;24;34.785132563
A2085;13100;54000;74750;DebtCon;Other;14;1;0;92.4;0;9;
A2086;13100;58039;68558;HomeImp;Other;29;1;2;184.88001057;1;23;37.347348766
A2087;13100;44817;59544;DebtCon;Other;;0;0;71.461704749;0;15;41.609813237
A2088;13200;155478;183646;HomeImp;Office;5;0;0;196.24137089;1;55;35.602875363
A2089;13200;;69139;;;0;1;0;;0;1;1.5659310471
A2090;13200;70069;88303;DebtCon;Other;3;0;0;240.8560165;2;25;29.06412827
A2091;13200;69195;79252;DebtCon;Office;13;0;0;248.78813035;3;37;41.905604624
A2092;13200;69697;91722;HomeImp;Office;24;1;0;183.52372929;1;14;39.752171789
A2093;13200;58549;81381;DebtCon;Office;13;0;0;94.687106657;0;24;38.412756136
A2095;13200;65372;81426;DebtCon;Other;4;;1;102.6208363;3;29;38.934169132
A2096;13200;65997;88000;DebtCon;Other;2;0;0;113.23333333;2;25;
A2097;13200;93254;125738;HomeImp;Mgr;3;0;3;156.54545124;0;25;42.736665568
A2098;13200;22270;38437;DebtCon;Office;5;0;1;107.77338665;0;17;20.643199675
A2099;13200;77241;112904;DebtCon;Other;5;0;0;68.549045013;2;14;34.535243721
A2100;13200;81654;114333;DebtCon;Other;5;0;0;97.962961658;1;13;33.743367654
A2101;13200;71775;80480;DebtCon;Other;0;0;0;240.64357656;3;25;29.267992416
A2102;13200;28428;34477;DebtCon;Other;0;;;;;;39.370262709
A2104;13200;117985;138969;DebtCon;ProfExe;16;;1;178.06475237;0;33;29.954230932
A2105;13300;58000;75000;DebtCon;Mgr;6.6;0;1;226.2;1;33;
A2106;13300;96201;124892;HomeImp;Mgr;3;0;3;178.03446327;0;26;40.102751827
A2107;13300;76663;96022;DebtCon;ProfExe;10;2;0;180.0294503;1;30;27.045006761
A2108;13300;80059;121790;;;;;;;;;34.561831401
A2109;13300;61414;72101;;Other;12;0;0;260.07164985;0;27;27.286882027
A2110;13300;81944;108768;DebtCon;Other;5;0;0;81.10679915;1;13;33.86964175
A2111;13300;67483;85454;DebtCon;ProfExe;16;0;2;335.98931518;1;14;30.37586285
A2112;13300;60014;75695;DebtCon;Sales;1;0;;182.0643734;1;20;40.206671113
A2113;13300;64002;88174;DebtCon;Other;3;;;157.91698973;;34;29.79823118
A2116;13300;14212;57608;DebtCon;ProfExe;3;0;0;322.00454197;0;16;15.916769212
A2118;13300;45860;63500;HomeImp;ProfExe;7;0;0;127.76666667;4;9;
A2119;13300;153411;182014;DebtCon;ProfExe;7;;0;198.39162001;3;25;41.987115537
A2120;13300;44509;72292;HomeImp;ProfExe;3;0;0;208.92069357;3;17;37.055724552
A2121;13300;38232;59482;DebtCon;Mgr;;;;;;;36.027104172
A2122;13300;81574;103760;HomeImp;ProfExe;6;0;0;118.91849399;0;27;24.769621931
A2125;13300;;27136;HomeImp;;27;0;0;210.99697546;1;4;23.807147729
A2127;13300;66174;79957;DebtCon;Other;2;;;175.96269497;;34;31.563441222
A2128;13300;66502;78138;DebtCon;Other;4;0;0;178.1121065;1;16;33.795091238
A2129;13300;79512;92224;DebtCon;Other;9;0;0;159.20708757;4;22;38.94860467
A2130;13300;55505;76841;DebtCon;Other;0;0;0;222.91307236;0;10;32.968632674
A2131;13300;50039;63784;DebtCon;Other;3;0;0;176.84619551;0;13;27.865588733
A2132;13300;25698;58760;HomeImp;Self;15;0;0;147.91098236;1;10;30.962076653
A2134;13300;49491;69028;DebtCon;ProfExe;16;0;0;195.87763265;0;15;24.877508414
A2135;13400;53699;68084;DebtCon;Other;3;0;0;169.85244928;0;14;25.10971349
A2138;13400;53294;69042;DebtCon;Other;0;0;0;214.36204349;0;9;36.30954976
A2139;13400;88810;102409;HomeImp;Other;19;0;0;145.75659669;4;24;31.336418262
A2141;13400;58307;71810;DebtCon;Other;9;0;2;82.708309337;2;32;36.947798216
A2142;13400;9698;65524;HomeImp;Other;9;1;0;345.54310649;1;21;15.761919171
A2144;13400;111000;131000;DebtCon;ProfExe;14;0;0;165.33333333;2;26;
A2145;13400;67941;84973;DebtCon;Office;6;1;3;179.97707017;3;30;37.428937524
A2147;13400;94102;114147;HomeImp;Office;2;0;0;137.70778301;0;21;36.801624728
A2148;13400;30507;47990;DebtCon;Other;7;;0;149.93529399;6;29;38.929265887
A2149;13400;65662;92050;DebtCon;Other;2;0;0;20.759215295;1;3;42.009390078
A2150;13400;78465;97506;DebtCon;Other;5;3;0;71.44366499;1;21;24.470299986
A2151;13400;5900;55320;HomeImp;Other;3;2;2;234.02181639;3;16;19.089300996
A2152;13400;60174;81944;DebtCon;Other;1;0;0;125.38544605;3;9;36.229863857
A2153;13400;100784;118708;;Office;15;0;0;268.10759246;0;16;36.158718102
A2154;13400;69612;87728;DebtCon;Other;3;;;165.03026745;;35;30.444839071
A2155;13400;66737;71117;DebtCon;ProfExe;0;0;0;163.13185891;2;34;40.943866269
A2156;13400;95084;117279;HomeImp;Office;4;0;0;145.96234363;0;21;39.244669483
A2157;13400;;33664;DebtCon;Other;13;;;108.21700943;2;8;31.613929557
A2158;13400;87175;115530;HomeImp;ProfExe;13;0;1;180.94510639;1;27;33.900056418
A2159;13500;68262;93841;HomeImp;Office;26;0;0;159.61701999;1;14;40.752980373
A2161;13500;63572;102739;HomeImp;ProfExe;7;0;0;250.56135691;0;12;34.913793441
A2162;13500;88738;114815;DebtCon;Office;9;0;0;239.74372086;0;12;41.077117828
A2163;13500;63150;77787;;Other;10;0;0;258.62150111;0;27;29.330142054
A2164;13500;71698;93536;DebtCon;Other;6;0;0;202.46588178;2;19;42.814734648
A2165;13500;59352;87767;HomeImp;Other;;0;0;300.57942292;0;19;28.118296895
A2166;13500;40023;67357;DebtCon;Mgr;;;;;;;38.319425851
A2167;13500;44586;73764;DebtCon;Other;2;0;0;263.93117074;0;21;29.96620202
A2168;13500;40786;66872;DebtCon;Mgr;;;;;;;35.364139723
A2172;13500;73000;97000;DebtCon;Other;12;1;0;145.2;0;23;
A2173;13500;70000;93500;DebtCon;Sales;25;0;0;250.63333333;0;46;
A2176;13500;65000;;DebtCon;ProfExe;14;0;2;105.5;4;34;
A2177;13500;80223;108491;DebtCon;ProfExe;4;0;4;127.8;2;27;
A2178;13500;83673;109000;HomeImp;Mgr;2.3;0;1;238.4;3;57;
A2179;13500;28000;85999;DebtCon;Other;0;6;4;227.26666667;6;37;
A2180;13500;89184;116848;DebtCon;ProfExe;13;0;0;174.50640819;1;18;36.010891518
A2182;13500;67180;85634;DebtCon;Sales;5;0;0;147.35531256;0;35;28.522553371
A2183;13500;92989;111120;DebtCon;Other;13;0;0;209.46059432;3;15;39.521844526
A2184;13500;48832;144065;DebtCon;Other;1;0;0;268.58679992;4;43;42.692396714
A2185;13500;117604;136099;DebtCon;ProfExe;15;;0;188.26097281;1;32;31.63052886
A2186;13500;124696;200707;HomeImp;Office;0;0;1;348.66949199;0;16;39.550703015
A2188;13600;94727;112683;DebtCon;Other;11;0;0;209.12994572;3;15;37.714107061
A2190;13600;64799;84425;DebtCon;Office;14;0;0;115.32388361;0;24;36.85085748
A2191;13600;115816;212995;HomeImp;ProfExe;1;0;0;114.8430305;1;14;26.3251112
A2192;13600;;35396;DebtCon;Other;11;;;101.79352327;1;8;32.66950311
A2193;13600;;71904;;;0;0;0;;0;0;3.2650833872
A2194;13600;87294;115183;HomeImp;ProfExe;11;0;2;185.33850577;0;28;35.549808739
A2195;13600;66178;104378;HomeImp;ProfExe;6;0;0;263.96101511;0;11;36.438466265
A2196;13600;89937;110986;DebtCon;Sales;14;;2;146.71874245;1;17;33.747115834
A2197;13600;58539;67899;HomeImp;Other;29;1;2;194.27383376;1;23;37.134421937
A2198;13600;66098;76014;HomeImp;Office;12;0;0;245.60569562;1;32;43.396204585
A2199;13600;18232;75898;DebtCon;ProfExe;19;0;2;399.35570145;0;12;21.260894854
A2200;13600;55901;87519;DebtCon;Office;13;0;1;107.9131329;0;23;36.327022401
A2201;13600;41000;73440;DebtCon;Mgr;4;0;0;125.76666667;1;9;
A2202;13600;55864;87500;DebtCon;ProfExe;9;0;0;193.76666667;0;20;
A2203;13600;30200;43600;HomeImp;Other;0;8;1;230.3;0;18;
A2204;13600;70000;88000;DebtCon;Mgr;16;0;0;;0;0;
A2205;13600;90519;110885;DebtCon;Other;12;0;0;201.83559082;3;16;39.666054406
A2206;13600;12724;52016;HomeImp;Office;24;0;1;269.62871093;0;19;28.17242611
A2207;13600;81620;101933;DebtCon;Other;1;0;0;148.06729076;0;22;41.612898979
A2208;13600;7627;59173;HomeImp;Other;7;2;0;362.51225026;1;22;14.26712754
A2210;13600;101377;131079;HomeImp;ProfExe;10;0;0;174.34778761;2;32;27.969137978
A2211;13600;39997;56571;DebtCon;Other;6;0;0;111.00781887;2;15;38.773136983
A2212;13600;67354;81255;DebtCon;Office;10;0;0;255.37875694;4;36;41.625398584
A2213;13600;13202;50848;DebtCon;ProfExe;3;0;0;302.20191511;0;16;16.778576691
A2214;13600;112223;144451;DebtCon;ProfExe;0;0;0;259.73311697;1;45;35.310217008
A2215;13700;94650;109650;DebtCon;Office;3.5;0;1;268.83333333;1;34;
A2216;13700;81378;108628;HomeImp;ProfExe;12;0;2;181.72253428;0;27;32.652022631
A2217;13700;96225;112676;HomeImp;Office;2;0;0;144.53360587;1;22;38.781048258
A2218;13700;38981;67536;DebtCon;Mgr;;;;;;;35.188159859
A2219;13700;84761;95382;HomeImp;Office;;0;0;171.94583874;1;25;41.960105913
A2221;13700;89345;105590;DebtCon;ProfExe;6;0;0;201.04240208;2;37;43.471677292
A2222;13700;80300;98088;HomeImp;ProfExe;1;0;0;66.723946838;0;20;36.516532499
A2223;13700;90714;120292;DebtCon;Office;11;0;0;215.61201633;0;13;40.304301343
A2224;13700;59012;81465;DebtCon;Mgr;12;0;0;167.43333333;0;31;
A2225;13700;35825;66612;DebtCon;Office;22;0;0;231.9014789;2;29;26.702473442
A2226;13700;27536;45819;HomeImp;Other;7;0;0;73.455765867;2;12;28.709192906
A2227;13700;70018;89803;HomeImp;Office;24;0;0;154.75212087;1;13;39.389908828
A2229;13700;46000;81000;DebtCon;ProfExe;1.5;0;1;101.56666667;0;25;
A2232;13700;12577;41075;DebtCon;Mgr;7;0;0;133.54201413;0;10;22.964772727
A2233;13700;95065;123858;DebtCon;Other;9;0;0;176.95253246;0;27;34.596837528
A2234;13700;74015;113766;DebtCon;Other;7;0;0;75.892415281;2;14;36.395366326
A2235;13700;32942;40143;HomeImp;Other;8;0;0;65.000742252;2;12;30.268368849
A2236;13700;96597;120380;DebtCon;ProfExe;13;0;0;181.40485044;1;17;34.315437212
A2237;13700;70763;78449;DebtCon;Office;12;0;0;271.65672425;5;36;40.561983645
A2238;13700;53094;79069;HomeImp;Other;2;0;2;155.81528651;0;13;29.556366385
A2239;13700;60623;83979;HomeImp;Other;;0;0;308.10854035;0;20;29.482527873
A2240;13700;84996;112522;HomeImp;ProfExe;9;0;1;171.95341056;0;28;32.843504905
A2241;13700;46611;65031;DebtCon;Other;2;0;0;179.44333226;0;13;37.705159171
A2242;13700;77824;94840;DebtCon;Other;6;0;0;195.04218544;3;19;43.335346713
A2243;13700;88654;114011;HomeImp;Mgr;10;0;0;250.32958449;0;25;30.971730126
A2244;13700;73600;92000;DebtCon;ProfExe;9;1;2;347.96666667;;42;
A2245;13700;59530;81068;DebtCon;Other;0;0;0;108.01914173;3;10;37.846648093
A2246;13800;;44459;HomeImp;Mgr;4;;;169.00541019;;9;21.532897095
A2247;13800;73688;94071;DebtCon;Office;9;0;0;221.22314273;2;28;41.482142965
A2248;13800;94843;125541;HomeImp;Mgr;2;0;2;159.25249684;0;26;42.305239736
A2249;13800;57481;89421;DebtCon;ProfExe;9;0;0;183.10936064;0;19;22.643395545
A2250;13800;76537;108747;DebtCon;Other;5;0;0;73.075238088;1;14;34.2526057
A2253;13800;40674;61216;DebtCon;Other;;0;0;108.79023328;2;19;40.990703819
A2254;13800;31974;44417;HomeImp;Other;7;0;0;76.933122961;1;12;30.422429425
A2255;13800;85805;135789;DebtCon;ProfExe;15;0;0;303.68822972;0;18;27.869079212
A2256;13800;18714;47905;HomeImp;Office;25;0;0;259.10302278;0;19;29.479662342
A2257;13800;;43082;HomeImp;Other;0;0;0;316.03624437;0;9;26.166013822
A2258;13800;21711;32357;DebtCon;Office;7;0;0;105.66623421;0;17;20.333155595
A2260;13800;75142;95667;DebtCon;Mgr;19;0;0;230.45755435;10;24;33.383314175
A2261;13800;65178;79000;DebtCon;Office;11;0;3;111.6;1;23;
A2263;13800;78645;130104;DebtCon;ProfExe;16;0;0;295.72131731;0;19;29.966602425
A2264;13800;67762;80748;DebtCon;Sales;8;0;0;135.94862249;0;35;27.194107012
A2266;13800;;44092;HomeImp;Mgr;5;;;173.87586768;;10;20.682377402
A2267;13900;57700;74350;DebtCon;;8.5;;;;;;
A2268;13900;77699;92587;DebtCon;Other;13;0;2;134.63357916;0;36;39.196149463
A2269;13900;;;HomeImp;Other;4;0;2;209.47991026;0;15;35.774891787
A2271;13900;64356;88028;DebtCon;Office;13;0;0;111.8099755;0;24;39.008508115
A2272;13900;96326;144668;HomeImp;ProfExe;15;0;0;142.03790337;5;21;34.122753508
A2273;13900;41641;53200;DebtCon;Other;;0;0;83.062468192;0;15;42.403634209
A2274;13900;56710;59348;HomeImp;Other;14;2;1;176.53032737;0;39;24.393714522
A2275;13900;68876;90813;HomeImp;Other;;0;0;284.49690358;0;19;31.164149986
A2276;13900;62968;84947;DebtCon;Office;13;0;0;239.77323213;3;37;42.236189141
A2277;13900;65437;94518;DebtCon;ProfExe;10;0;0;182.40075506;0;19;21.296075321
A2278;13900;155486;178789;DebtCon;ProfExe;7;;1;192.48231602;4;26;41.176711827
A2279;13900;80960;100730;DebtCon;Other;0;0;0;153.08755553;0;22;40.195306935
A2280;13900;62103;80000;DebtCon;Office;5.5;0;0;120.7;1;20;
A2281;13900;78442;105065;HomeImp;ProfExe;0;0;0;71.550477459;0;19;34.75170874
A2282;13900;;40881;HomeImp;Other;0;0;0;297.9070847;1;8;25.940710954
A2283;13900;84427;114209;HomeImp;ProfExe;12;0;2;180.18742244;0;27;33.351870253
A2285;13900;95351;117381;DebtCon;Office;12;0;0;210.20212954;0;11;41.011001372
A2286;13900;71425;81012;DebtCon;Other;2;0;0;242.94051409;2;26;32.175036059
A2290;13900;103030;114131;DebtCon;Mgr;3;0;0;;0;0;38.394222444
A2291;13900;;80868;DebtCon;ProfExe;18;0;0;278.30142446;1;7;43.313200229
A2292;13900;85358;101401;DebtCon;Other;0;0;0;145.79410614;0;22;40.114411439
A2293;13900;88746;108160;HomeImp;Mgr;9;0;0;234.94895108;0;25;30.951437369
A2294;13900;77007;96718;DebtCon;ProfExe;8;2;0;183.60866723;0;30;26.431314522
A2295;13900;50415;68166;DebtCon;Other;10;0;0;235.68096702;0;17;33.770037533
A2296;13900;48110;63601;DebtCon;ProfExe;5;0;0;153.73539865;1;12;29.964687389
A2297;13900;63831;81378;DebtCon;;9;;;;;;24.371050483
A2298;13900;;27779;DebtCon;Other;12;;;95.94866523;1;9;34.166345197
A2299;13900;47741;69111;DebtCon;Other;2;0;0;254.25961308;0;21;28.885618182
A2300;13900;33403;69878;DebtCon;ProfExe;8;0;0;259.81328323;1;16;23.735216156
A2301;14000;99652;113012;;Office;17;1;0;255.96142794;0;16;35.453810357
A2302;14000;51721;61193;DebtCon;Other;0;0;0;186.99935879;2;12;25.81001106
A2303;14000;;28992;HomeImp;Other;;0;0;342.06666667;2;14;
A2305;14000;92583;114379;DebtCon;Other;10;0;0;169.44834174;0;27;34.130768601
A2306;14000;37019;57125;DebtCon;Other;;0;0;69.823553128;0;15;41.637058771
A2307;14000;;58407;;;8;0;0;107.53333333;0;15;
A2311;14000;62000;88500;HomeImp;Office;9;;;107.36666667;0;11;
A2312;14000;27872;48125;HomeImp;Other;10;0;0;115.6;1;10;
A2313;14000;42767;60950;DebtCon;Other;7;0;1;117.66666667;3;49;
A2314;14000;92739;125000;DebtCon;Mgr;6;;;248.6;3;42;
A2315;14000;32000;48500;DebtCon;ProfExe;4;0;0;255.66666667;1;35;
A2316;14000;42000;60000;DebtCon;Mgr;27;1;0;281.06666667;1;17;
A2317;14000;64000;78000;;ProfExe;7.4;0;0;174.43333333;0;20;
A2319;14000;139000;159000;DebtCon;Mgr;13;0;1;171.43333333;1;32;
A2320;14000;85200;;HomeImp;Other;8;1;0;188.66666667;4;17;
A2321;14000;46400;;DebtCon;Other;18;0;1;145.06666667;1;14;
A2322;14000;49207;70525;DebtCon;Office;3;3;3;205.96666667;2;51;
A2323;14000;46541;64338;DebtCon;Other;0;0;0;204.40944332;1;12;28.364798507
A2324;14000;59736;97411;DebtCon;ProfExe;7;0;0;200.15536564;1;19;20.116982025
A2325;14000;63451;105702;HomeImp;ProfExe;8;0;0;257.22632505;1;12;33.903063818
A2326;14000;50890;68722;DebtCon;Other;8;0;1;135.76848539;2;49;29.448045527
A2327;14000;73062;88783;DebtCon;Other;6;0;0;211.10255212;2;18;42.254580037
A2328;14000;43173;65985;HomeImp;ProfExe;5;0;0;215.98589471;3;18;37.148691731
A2329;14000;;;HomeImp;Other;17;0;7;184.61319091;0;12;18.194280421
A2330;14100;98856;143292;HomeImp;ProfExe;13;0;0;105.77172611;4;21;37.458280401
A2332;14100;36309;53321;HomeImp;Other;8;0;0;110.20635054;1;10;19.187914011
A2334;14100;59402;91057;DebtCon;ProfExe;8;0;0;194.63461729;0;20;22.023264648
A2336;14100;43927;60000;DebtCon;Other;0;0;0;0;12;8;
A2337;14100;51723;77207;DebtCon;ProfExe;21;0;0;199.53304804;0;15;25.092147219
A2338;14100;81894;98285;DebtCon;Mgr;6;0;0;151.4710746;1;26;42.282137884
A2339;14100;86730;117667;DebtCon;ProfExe;1;0;2;134.3555745;0;34;31.98051047
A2340;14100;86996;108452;HomeImp;Other;19;0;0;134.99325176;4;24;29.778946076
A2341;14100;49927;67761;DebtCon;Mgr;26;0;0;276.54991315;1;16;36.599391114
A2342;14100;65994;80037;DebtCon;;8;;;;;;27.735204056
A2343;14100;61036;84979;HomeImp;Mgr;1;0;0;174.5911708;2;23;50.276214936
A2344;14200;102512;128657;HomeImp;ProfExe;8;0;0;178.33902633;3;32;27.541140882
A2346;14200;34558;40754;HomeImp;Other;8;0;0;76.431213214;2;11;31.041183878
A2348;14200;94696;121528;DebtCon;Office;10;0;0;209.05180452;0;12;39.64882408
A2349;14200;44412;72946;DebtCon;ProfExe;19;0;0;196.1321341;0;15;23.773201872
A2351;14200;46320;62044;DebtCon;Other;6;0;0;106.98389551;2;49;29.057908417
A2352;14200;73533;88924;DebtCon;Mgr;21;0;0;232.35332303;10;23;36.470707024
A2353;14200;71979;86443;DebtCon;Other;2;0;0;238.26434622;3;25;32.13676623
A2354;14200;100663;122021;DebtCon;ProfExe;0;0;0;139.98397675;0;20;43.797459562
A2356;14200;100664;129166;DebtCon;Mgr;4;;;255.68764844;2;41;38.746759787
A2357;14200;64235;76965;DebtCon;;9;;;;;;24.835957923
A2358;14200;60570;74648;DebtCon;ProfExe;2;0;0;137.84110526;2;35;40.289761298
A2359;14200;102789;123691;DebtCon;;3;0;0;127.06000805;1;26;31.338764479
A2360;14200;83231;99400;HomeImp;ProfExe;6;0;0;130.16751478;1;26;27.172964706
A2361;14300;52260;73000;DebtCon;Mgr;0.6;1;3;62.9;0;17;
A2362;14300;43826;70517;DebtCon;Other;0;0;0;260.08494491;0;20;28.839933481
A2363;14300;85631;100000;HomeImp;Other;20;0;0;144.99929699;3;23;30.130636379
A2364;14300;19111;49794;HomeImp;Office;23;0;0;262.30674029;0;19;30.933678393
A2365;14300;67018;81805;DebtCon;Other;1;0;0;253.59245092;3;25;30.686218746
A2366;14300;;63319;;;0;0;0;;0;0;3.9608594999
A2367;14300;111623;127049;DebtCon;;2;0;0;145.10187268;1;26;34.429631976
A2368;14300;60811;89324;DebtCon;ProfExe;8;0;0;205.6830398;0;20;20.989811835
A2369;14300;45615;80818;DebtCon;Mgr;4;0;0;115.13688503;0;9;28.738343193
A2370;14300;81000;100000;DebtCon;Office;30;;1;333.83333333;2;50;
A2371;14300;21828;38000;DebtCon;Mgr;17;1;0;103.5;1;17;
A2372;14300;37000;54000;DebtCon;;0;0;0;320.63333333;2;26;
A2373;14300;33261;41835;DebtCon;Other;9;;0;155.14316084;6;28;40.50295999
A2374;14300;93989;117410;DebtCon;Office;10;0;0;220.89922098;0;12;39.877500773
A2376;14300;;41870;HomeImp;Other;0;0;0;314.4683435;0;8;27.608918922
A2377;14300;;29115;DebtCon;Other;14;;;82.066405167;2;7;32.76978633
A2378;14300;94062;102052;DebtCon;Sales;14;;2;133.37810853;1;17;35.716612111
A2379;14300;80299;123339;;;;;;;;;35.311170918
A2380;14300;31607;70118;DebtCon;ProfExe;6;0;0;255.71956727;0;15;23.062913802
A2382;14300;70322;88626;DebtCon;Other;3;0;0;244.83986415;2;26;32.647541118
A2383;14300;89984;121189;HomeImp;Mgr;4;0;2;137.59782329;0;25;41.613325222
A2384;14400;64500;83000;DebtCon;Other;10;0;0;83.2;3;11;
A2385;14400;34291;68444;DebtCon;ProfExe;6;0;0;262.07916362;1;15;21.981066452
A2386;14400;77366;130330;DebtCon;ProfExe;14;0;1;285.20006197;1;18;28.171651103
A2387;14400;63671;70982;DebtCon;ProfExe;0;0;0;169.34664702;1;34;42.791632518
A2388;14400;;69712;;;0;0;0;;0;0;2.553521964
A2389;14400;20996;41987;DebtCon;Mgr;9;0;0;120.95551442;0;10;21.11871262
A2391;14400;46955;67304;DebtCon;Other;2;0;0;171.6224654;0;13;36.555188948
A2392;14400;61121;88844;HomeImp;Other;;0;0;295.79211095;0;20;30.303766952
A2394;14400;89605;106290;HomeImp;Other;20;0;0;121.74760077;4;24;29.30354901
A2395;14400;45516;63924;DebtCon;Other;;0;0;109.33079808;1;19;40.871987202
A2396;14400;75360;105737;HomeImp;ProfExe;8;0;0;121.298029;1;27;24.761899592
A2397;14400;79288;92391;DebtCon;ProfExe;8;0;1;341.50155908;;41;39.435496901
A2398;14400;46551;68545;DebtCon;Other;7;0;0;118.74648606;3;49;29.571263376
A2399;14400;80123;102223;DebtCon;ProfExe;9;2;0;176.418283;0;30;27.644954624
A2400;14400;45138;52029;DebtCon;Other;;0;0;94.38539454;0;15;40.136054213
A2401;14400;111914;142105;DebtCon;ProfExe;3;0;0;284.51696603;1;46;32.911384663
A2403;14400;78777;103344;HomeImp;ProfExe;5;0;0;104.40459654;1;27;24.35085757
A2404;14500;52440;62150;DebtCon;Other;4;0;0;174.67690038;0;13;27.191720909
A2405;14500;71511;88632;DebtCon;Other;9;0;0;85.748149115;2;11;31.547811669
A2406;14500;54927;63177;DebtCon;Other;3;0;0;178.93616767;0;14;27.062233476
A2408;14500;70896;91652;HomeImp;Office;24;0;0;163.99161436;2;13;41.492816338
A2409;14500;35799;51720;HomeImp;Other;10;0;0;123.21810499;1;9;18.324935276
A2410;14500;67956;80318;DebtCon;Other;1;0;0;233.39727318;2;26;31.316415415
A2411;14500;38986;49970;HomeImp;Other;1;8;1;220.91726199;0;17;47.914521113
A2412;14500;69115;98900;DebtCon;Other;18;0;0;177.86666667;;11;
A2413;14500;49348;68000;DebtCon;Office;0.2;0;0;178.6;0;25;
A2414;14500;149000;;DebtCon;ProfExe;25;0;2;384.5;0;71;
A2415;14500;100685;129840;HomeImp;ProfExe;9;0;0;166.84639629;2;32;27.527227051
A2416;14500;67631;89458;DebtCon;Other;4;0;0;24.955529607;1;4;39.103725167
A2417;14500;59465;78444;DebtCon;;7;;;;;;24.539945806
A2418;14500;;35183;DebtCon;Other;12;;;94.36324735;1;8;32.605000982
A2419;14500;78503;90558;DebtCon;Mgr;19;0;0;250.45228937;10;24;36.876234534
A2420;14500;41911;54985;DebtCon;ProfExe;4;0;0;254.66452576;0;35;38.724679607
A2421;14600;54040;66442;DebtCon;Other;6;0;0;237.59925433;0;18;34.883435314
A2422;14600;;66776;;;8;0;0;118.97606272;0;14;25.963060686
A2423;14600;15411;50493;HomeImp;Office;24;0;0;259.74689056;0;19;30.568713386
A2424;14600;58229;74027;DebtCon;Other;2;0;0;228.56035401;0;9;34.124242283
A2425;14600;68182;83091;DebtCon;Office;5;0;0;135.84837377;0;19;24.684137856
A2426;14600;46057;63603;DebtCon;Other;;0;0;107.12103915;2;19;41.932036627
A2427;14600;59658;80384;DebtCon;;8;;;;;;25.192869401
A2428;14600;124000;168000;DebtCon;ProfExe;4;0;0;146.86666667;2;29;
A2429;14600;4810;88000;HomeImp;Other;14;0;1;266.83333333;0;23;
A2430;14600;206126;235912;HomeImp;ProfExe;10;0;0;236.50811644;0;21;30.181217161
A2431;14600;28050;49244;HomeImp;Other;9;0;0;122.11663939;1;9;20.82876656
A2432;14600;16535;46993;HomeImp;Office;24;0;0;260.89153319;0;20;28.1898371
A2433;14600;76194;106461;DebtCon;Other;4;0;0;80.706197627;1;13;34.529550086
A2434;14600;21340;44605;DebtCon;Office;13;0;0;126.73042833;0;5;36.46319167
A2435;14600;67997;87000;DebtCon;Other;11;1;;93.333333333;3;23;
A2436;14600;82698;104963;DebtCon;Office;30;;1;344.28202028;1;50;33.974281202
A2437;14600;6871;52457;DebtCon;ProfExe;4;0;0;317.24400167;0;16;17.617908723
A2440;14600;82051;118505;;;;;;;;;35.890562469
A2441;14600;82837;95796;DebtCon;Other;0;0;0;148.35522113;0;23;42.033084871
A2442;14600;63475;89430;HomeImp;Other;;0;0;286.30181489;0;19;28.638062771
A2443;14700;49264;68591;DebtCon;Other;9;0;0;237.83915914;0;18;31.25670012
A2444;14700;99343;125821;DebtCon;Mgr;5;;;257.04754426;2;41;39.832079025
A2446;14700;47177;68456;HomeImp;ProfExe;3;0;0;193.68506884;2;18;34.542533238
A2447;14700;30210;42751;DebtCon;Mgr;17;0;0;86.641823326;0;17;23.397362241
A2448;14700;51829;69136;DebtCon;Other;14;0;0;169.98530778;0;18;35.635393849
A2449;14700;148396;162403;DebtCon;Mgr;13;0;0;163.4989942;0;31;35.428415656
A2450;14700;;;;;;;;;;;24.595377852
A2451;14700;10098;51653;DebtCon;ProfExe;3;0;0;302.652472;0;16;18.423923816
A2452;14700;76888;96552;DebtCon;ProfExe;9;2;0;189.56390632;0;30;29.417708768
A2453;14700;89448;115380;DebtCon;Office;11;0;0;222.81508892;0;12;40.524796869
A2455;14700;106417;123580;HomeImp;ProfExe;9;0;0;166.49606529;3;31;29.316710061
A2457;14700;77565;101320;HomeImp;ProfExe;6;0;0;120.82737185;0;26;25.27620451
A2459;14700;65660;81937;DebtCon;Office;2;0;0;106.65751886;1;19;25.197806875
A2460;14700;35164;68061;DebtCon;ProfExe;5;0;0;245.67057762;1;16;23.112289816
A2461;14700;14275;90376;HomeImp;Other;14;0;1;273.60251714;0;23;26.84247974
A2463;14700;63000;89250;DebtCon;ProfExe;4;0;0;87.466666667;0;28;
A2466;14700;35832;66260;DebtCon;ProfExe;7;0;0;277.79408675;0;16;23.705359284
A2467;14800;76875;95893;DebtCon;Other;4;2;0;88.754574794;0;21;24.224695417
A2468;14800;90722;105695;DebtCon;Office;31;;0;321.40837406;2;50;35.240741305
A2469;14800;48910;70039;DebtCon;Other;8;0;1;94.971595989;3;48;30.920501687
A2470;14800;100255;116160;DebtCon;Other;10;0;0;184.77721416;0;26;34.483990385
A2472;14800;50570;69422;DebtCon;Other;3;0;0;191.17794146;0;13;36.64708052
A2473;14800;;;HomeImp;ProfExe;0;;;;;;
A2474;14800;64365;85272;DebtCon;Other;0;1;0;242.55236799;2;26;29.819634389
A2475;14800;63800;96500;HomeImp;Mgr;9;0;4;185.43333333;2;14;
A2476;14800;;43475;DebtCon;Other;;;;339.7;;17;
A2477;14800;49000;98900;HomeImp;Other;0.1;0;3;51.666666667;1;10;
A2478;14800;38000;59000;DebtCon;;6;1;0;107.53333333;2;10;
A2479;14800;86861;93341;HomeImp;Office;;0;0;162.02394644;0;26;42.897162114
A2480;14800;46698;60679;DebtCon;;6;1;0;126.49380515;2;10;28.394817363
A2481;14800;30282;61986;DebtCon;ProfExe;7;0;0;249.24880458;0;16;21.009280887
A2482;14800;41807;50931;DebtCon;ProfExe;4;0;0;269.71854827;1;35;38.507887732
A2483;14800;43983;60826;DebtCon;;4;1;1;113.89796663;1;9;27.108081708
A2484;14800;63508;87310;DebtCon;Other;2;0;0;127.16522994;3;10;38.953722682
A2485;14800;60573;93187;DebtCon;Other;0;0;0;30.009474259;2;3;39.080207117
A2486;14800;88898;107208;DebtCon;Office;30;;0;329.76021459;1;50;36.745013007
A2487;14800;16448;38774;DebtCon;Office;7;0;0;91.005539849;0;16;19.240351261
A2489;14900;65303;84590;DebtCon;Office;6;0;0;121.06495368;1;19;22.576823939
A2490;14900;101179;117405;HomeImp;Office;2;0;0;133.93050973;1;22;35.547407219
A2491;14900;70872;88731;DebtCon;Other;4;0;0;243.99793481;3;26;29.048020616
A2492;14900;54359;78408;DebtCon;Self;4;3;0;129.96775559;0;24;3.0161414514
A2493;14900;55480;76464;HomeImp;Other;15;0;1;122.08949983;5;20;43.06260476
A2494;14900;56506;81390;HomeImp;ProfExe;12;0;2;170.76666667;0;14;
A2496;14900;85486;97795;HomeImp;Office;;0;0;173.01078502;1;26;41.583529165
A2497;14900;66329;100824;HomeImp;ProfExe;9;0;0;279.24075144;0;11;36.19837544
A2498;14900;89872;118027;DebtCon;ProfExe;0;1;1;155.44545292;1;34;33.135696766
A2499;14900;;44066;HomeImp;Other;0;0;0;313.77973109;1;8;27.751942776
A2500;14900;87167;114219;DebtCon;ProfExe;8;0;0;194.11317353;2;36;41.329763904
A2501;14900;57557;80611;DebtCon;Other;12;0;0;103.10650454;0;7;39.840875348
A2502;14900;65843;86628;HomeImp;Other;;0;0;288.58189104;0;20;28.275562841
A2503;14900;22245;31531;DebtCon;Office;7;0;0;91.074218176;0;16;21.620580277
A2504;14900;44588;72331;DebtCon;ProfExe;6;0;0;156.33174453;2;11;28.164440536
A2505;14900;82930;103352;HomeImp;ProfExe;6;0;0;105.67597798;0;27;27.473814727
A2507;14900;97646;139884;HomeImp;ProfExe;13;0;0;119.08311639;5;22;36.360597073
A2510;14900;51219;144894;DebtCon;Other;1;0;0;275.28311554;5;42;39.323885122
A2511;14900;48649;81342;DebtCon;Mgr;3;0;0;110.05673141;0;8;28.802398701
A2512;14900;58204;71257;DebtCon;Office;3;3;2;206.51873487;1;50;43.762930265
A2513;14900;69723;83553;DebtCon;Office;5;0;0;114.85553461;1;19;22.957291799
A2514;14900;72637;103297;DebtCon;Other;4;2;0;83.466086341;0;20;22.553039619
A2515;14900;60667;81293;DebtCon;;6;;;;;;27.573736504
A2516;14900;45797;71942;DebtCon;Other;11;0;0;233.67873071;0;17;33.550265214
A2519;15000;80988;97404;DebtCon;ProfExe;10;3;0;188.50167197;1;30;26.5682704
A2520;15000;81483;134347;DebtCon;ProfExe;14;0;0;305.91507573;0;18;29.653563484
A2521;15000;93226;108149;DebtCon;Sales;11;;1;152.79769083;1;17;34.250266185
A2522;15000;45000;85000;HomeImp;Mgr;11;0;0;110;0;31;
A2523;15000;399550;;HomeImp;Mgr;0.9;0;0;138.16666667;1;18;
A2524;15000;;;HomeImp;;1;1;0;108.53333333;0;22;
A2525;15000;63000;100050;DebtCon;Other;;1;0;135.3;1;20;
A2527;15000;;27500;HomeImp;Other;11;1;1;62.3;2;3;
A2528;15000;8200;42075;DebtCon;ProfExe;18;1;0;122.23314815;0;23;
A2529;15000;98000;132790;DebtCon;Other;1.5;0;3;107.66666667;1;21;
A2530;15000;49200;72900;DebtCon;Other;10;0;0;174.03329961;1;16;
A2531;15000;163000;207562;DebtCon;ProfExe;6;0;0;247.58424908;1;27;
A2532;15000;45000;68250;DebtCon;Other;7;0;1;55.966666667;0;4;
A2533;15000;86000;;DebtCon;Mgr;1;0;0;63.7;1;27;
A2534;15000;37000;58488;HomeImp;Other;2;0;0;266.93333333;0;48;
A2537;15000;20000;47394;HomeImp;Other;13;0;0;66.133333333;0;11;
A2538;15000;29000;105000;HomeImp;Other;7;0;4;97.666666667;1;8;
A2539;15000;38000;73200;DebtCon;Other;6;0;0;171.3;0;17;
A2541;15000;89000;122400;HomeImp;Mgr;1;0;2;136.46666667;0;19;
A2542;15000;48786;72500;DebtCon;Other;10;0;0;75.4;2;9;
A2543;15000;57900;88200;DebtCon;ProfExe;10;;;;;;
A2544;15000;34200;38900;DebtCon;Other;9.2;0;0;170.7;4;21;
A2545;15000;37624;60562;DebtCon;Other;;0;1;186.86666667;7;26;
A2546;15000;106239;135942;DebtCon;ProfExe;19.5;0;1;9.1;2;24;
A2548;15000;5500;29025;DebtCon;Other;25;0;5;275.5;1;19;
A2550;15000;96931;137390;DebtCon;Other;0.2;0;0;114.86666667;1;16;
A2552;15000;2619;57310;DebtCon;Sales;0.3;0;0;322.6;0;6;
A2553;15000;;87360;DebtCon;Office;28;0;0;323.63333333;0;16;
A2554;15000;50000;90000;DebtCon;ProfExe;5.5;0;0;130.86666667;2;22;
A2555;15000;18000;163580;HomeImp;Self;7;0;0;304.36666667;0;27;
A2556;15000;62000;94575;HomeImp;ProfExe;23;0;0;238.4;1;24;
A2557;15000;48882;156000;DebtCon;ProfExe;20;0;0;239.5;0;28;
A2558;15000;;48800;DebtCon;Office;2;0;0;86.266666667;2;9;
A2559;15000;42720;70000;DebtCon;Other;1;;2;289;1;10;
A2561;15000;125000;154000;DebtCon;Mgr;;0;0;223.20307018;0;19;
A2562;15000;135442;175900;DebtCon;Mgr;11;0;0;247.56666667;0;21;
A2563;15000;;94000;;Other;;0;0;186.7;1;10;
A2564;15000;53000;83400;HomeImp;ProfExe;5;0;0;120.3;0;13;
A2565;15000;54261;88000;;ProfExe;10;0;0;;1;16;
A2566;15000;94705;114400;DebtCon;Other;9;0;0;300.26666667;2;19;
A2567;15000;42657;65000;DebtCon;ProfExe;18;0;0;181.6;0;23;
A2568;15000;122486;159000;DebtCon;Office;5;0;0;137;1;21;
A2569;15000;48000;105000;HomeImp;Office;2;;3;142;1;24;
A2571;15000;86177;111500;DebtCon;Other;14;0;0;133.93333333;2;9;
A2572;15000;23473;74000;HomeImp;Other;;0;0;244.76666667;1;50;
A2573;15000;72000;95000;DebtCon;Other;0;0;0;147.1;1;18;
A2574;15000;59000;86420;DebtCon;Office;1.5;0;0;160.3;0;25;
A2576;15000;89126;118300;DebtCon;Office;0.4;;3;263.16666667;1;30;
A2577;15000;95300;135700;DebtCon;Office;3;;;115.66666667;3;16;
A2578;15000;36900;58600;HomeImp;Other;26;0;0;247.1;0;14;
A2579;15000;100000;115000;DebtCon;ProfExe;1;0;0;128.86666667;0;30;
A2580;15000;116000;202800;DebtCon;Other;3.5;0;0;202.96666667;0;17;
A2581;15000;84000;110975;DebtCon;Other;20;0;0;282.16666667;1;17;
A2582;15000;15832;35300;;Office;1;0;0;211.03333333;0;16;
A2585;15000;89200;114750;DebtCon;ProfExe;11;0;0;114.6;0;27;
A2587;15000;42006;;DebtCon;Other;10;0;1;75.333333333;0;33;
A2588;15000;153000;185625;DebtCon;Mgr;8;;2;154.2;;31;
A2589;15000;33000;;;;0.9;7;5;144.86666667;0;20;
A2590;15000;116400;146450;DebtCon;Other;17.5;0;1;255.66666667;1;29;
A2592;15000;18900;80400;DebtCon;ProfExe;7;0;1;142;0;12;
A2593;15000;54294;85460;DebtCon;Other;18;0;3;118.66666667;1;23;
A2594;15000;;26100;DebtCon;Other;1.6;0;1;105.46666667;17;20;
A2595;15000;73500;105000;DebtCon;Other;1;0;2;205.93333333;2;25;
A2596;15000;40000;58000;;ProfExe;4;7;0;268.83333333;3;26;
A2597;15000;68000;96000;DebtCon;Mgr;12;0;3;109.56666667;0;24;
A2598;15000;62100;40000;DebtCon;ProfExe;1;0;0;111.6;2;13;
A2599;15000;74000;90000;DebtCon;ProfExe;9;1;3;136.96666667;0;27;
A2600;15000;16400;205950;DebtCon;Mgr;10;8;3;135.93333333;11;42;
A2603;15000;54000;72865;DebtCon;Office;2.9;0;1;145.1;1;15;
A2604;15000;47000;73900;DebtCon;Office;2;1;5;73.1;1;16;
A2605;15000;82000;130000;DebtCon;Mgr;18;0;5;122.73333333;10;19;
A2606;15000;61438;127300;DebtCon;Self;4;1;3;134.26666667;1;17;
A2607;15000;42000;111351;DebtCon;Other;6;;6;225.63333333;0;17;
A2608;15000;79000;108000;HomeImp;Other;0.4;0;0;385.5;3;31;
A2610;15000;77544;102000;DebtCon;Sales;4;0;0;11.7;2;35;
A2611;15000;61265;;DebtCon;Office;22;0;0;186.66666667;1;21;
A2612;15000;96983;140487;HomeImp;ProfExe;15;0;0;132.42191904;4;21;35.348485897
A2613;15000;26284;40908;DebtCon;ProfExe;20;0;1;198.83120375;1;16;32.012392305
A2614;15000;5627;64962;DebtCon;Sales;0;0;0;341.50208471;0;6;39.996710402
A2615;15000;46867;67529;DebtCon;Other;7;0;0;133.78758095;3;48;31.486460831
A2616;15000;73187;111623;DebtCon;Other;4;0;0;98.139893685;2;14;36.237233671
A2617;15000;65584;92582;DebtCon;Other;10;0;0;82.948973217;2;10;34.317240799
A2620;15000;84832;107207;HomeImp;Other;19;0;0;124.45053234;4;23;28.558183481
A2621;15000;89165;106392;DebtCon;Sales;12;;2;166.08501799;0;17;35.033102504
A2622;15000;44623;72225;DebtCon;Other;1;0;0;268.4203579;0;21;28.13158042
A2624;15100;81461;93548;DebtCon;Other;2;0;0;160.1036;0;22;41.007363531
A2626;15100;;53238;DebtCon;Other;;;;350.96116447;;16;34.055847665
A2627;15100;73505;109656;DebtCon;Other;5;0;0;81.964151286;2;13;36.461210536
A2628;15100;72645;106343;DebtCon;Other;5;0;0;80.772149906;2;13;34.475596781
A2629;15100;49533;63607;DebtCon;Other;2;0;0;180.52329284;0;14;36.377182949
A2631;15100;;57940;DebtCon;Office;0;0;0;86.894929919;1;8;38.850348541
A2632;15100;96763;114896;HomeImp;Office;2;0;0;144.52964999;0;21;36.371704029
A2633;15100;54000;77542;HomeImp;ProfExe;13;1;1;122.56666667;1;26;
A2635;15100;38549;59853;DebtCon;;5;0;0;104.18324735;2;9;29.141862813
A2636;15100;;;;;0;0;0;;0;0;
A2637;15100;60264;87110;HomeImp;ProfExe;5;0;0;111.39938495;0;13;26.062043252
A2638;15100;53549;99812;DebtCon;ProfExe;4;0;0;127.12214723;2;21;37.957103675
A2640;15100;101378;143229;HomeImp;ProfExe;12;0;0;129.53731519;4;21;36.776212768
A2642;15100;26196;45657;HomeImp;Other;9;0;0;86.716593393;1;12;29.321754466
A2643;15100;127045;163833;DebtCon;Office;4;0;0;135.97527671;0;21;25.861812336
A2644;15100;44700;76456;DebtCon;Mgr;5;0;0;134.5043482;0;9;29.383996531
A2645;15100;39679;62674;DebtCon;;5;1;0;95.599100855;1;9;28.505590561
A2646;15100;;32289;DebtCon;Other;13;;;81.954054827;1;9;33.534708383
A2647;15100;81298;108947;DebtCon;ProfExe;9;0;0;194.44346565;1;35;42.245940745
A2648;15100;;98114;;Other;;0;0;198.07538071;1;10;31.545842659
A2650;15200;5076;66536;DebtCon;Sales;2;0;0;323.10200419;0;5;40.252928754
A2651;15200;44414;60098;DebtCon;;4;1;0;105.74964198;2;9;27.375269408
A2657;15200;85303;131022;DebtCon;ProfExe;14;0;0;295.49573298;0;18;29.609920041
A2658;15200;49428;62696;DebtCon;Mgr;27;0;0;265.39531284;1;16;38.500796453
A2660;15200;;67103;;;1;0;0;;0;0;3.6889584957
A2661;15200;105328;113931;HomeImp;ProfExe;3;0;0;138.13350449;2;32;61.89063458
A2662;15200;47200;74510;DebtCon;ProfExe;17;0;0;174.5215618;0;23;41.863376119
A2663;15200;20005;39605;DebtCon;Mgr;8;0;0;96.734902994;0;10;21.74161074
A2664;15200;142766;177998;DebtCon;Mgr;12;0;0;260.38343907;0;21;27.533272218
A2665;15200;96341;118734;DebtCon;Other;1;1;;90.732780399;1;26;39.140055969
A2666;15200;34854;63519;DebtCon;ProfExe;6;0;0;275.47969762;0;15;20.785145567
A2667;15200;41049;50892;DebtCon;ProfExe;1;0;0;276.16735776;1;34;38.379833716
A2668;15200;43961;62171;DebtCon;Other;;0;0;124.80684586;1;18;39.580054341
A2669;15200;90108;118941;HomeImp;Mgr;2;0;2;170.93894263;0;25;41.157501063
A2670;15200;40341;58834;DebtCon;Other;;0;0;100.01445522;0;15;41.102676905
A2671;15200;7879;95124;HomeImp;Other;13;0;1;270.28589924;0;22;29.160140823
A2672;15200;65000;92000;DebtCon;Office;1;0;0;152.13333333;4;20;
A2673;15200;102699;121925;HomeImp;Office;2;0;0;155.92014866;0;22;36.745639039
A2674;15200;;100320;;Other;;0;0;190.25647598;0;9;33.799992283
A2675;15200;77636;95682;DebtCon;ProfExe;10;1;1;335.84132178;;41;37.982543748
A2676;15200;71233;84439;DebtCon;Other;1;0;0;242.98332141;2;26;32.210050357
A2677;15200;8723;66817;DebtCon;Sales;0;0;0;309.50263352;0;5;37.7638359
A2678;15200;64028;95482;DebtCon;Office;2;0;0;174.16439552;0;24;24.861603531
A2679;15200;53433;114245;HomeImp;Office;2;;3;155.36748659;1;24;36.954615162
A2680;15200;59745;81269;DebtCon;;8;;;;;;26.985581223
A2681;15300;65298;94301;DebtCon;Office;1;0;0;150.49986791;4;19;31.35764214
A2682;15300;22057;44461;;Office;1;0;0;210.27547612;0;16;40.432252239
A2683;15300;22079;168281;HomeImp;Self;8;0;0;301.4910256;0;27;27.771122696
A2684;15300;57840;86903;DebtCon;Other;0;0;0;110.82722442;4;11;38.826177523
A2687;15300;;92320;DebtCon;Office;28;0;0;325.99844856;0;15;15.335560256
A2688;15300;62094;96938;;ProfExe;9;0;0;;0;15;25.407142509
A2689;15300;82439;99896;DebtCon;ProfExe;1;0;0;281.20032907;1;21;39.408871403
A2690;15300;83004;121108;;;;;;;;;36.823393194
A2691;15300;39065;54970;DebtCon;Other;;0;0;73.756690232;0;15;41.823084717
A2692;15300;79541;94973;DebtCon;Other;5;2;0;76.2075921;0;20;22.902506621
A2693;15300;81500;102000;HomeImp;ProfExe;3.5;0;0;123.76666667;1;25;
A2694;15300;101000;112500;DebtCon;Other;1;0;0;129.86666667;2;21;
A2695;15300;42100;65000;DebtCon;Other;7;0;0;95.333333333;3;15;
A2696;15300;21383;38480;HomeImp;Mgr;20;0;1;182.6;4;31;
A2697;15300;96700;;HomeImp;Other;5;0;1;225.16666667;0;24;
A2698;15300;101311;113253;DebtCon;Other;0;0;0;140.07577118;1;21;40.667462294
A2699;15300;127172;156578;DebtCon;Mgr;;0;0;213.28602181;0;19;36.290353532
A2701;15300;59083;96073;DebtCon;ProfExe;8;0;0;194.00548665;0;19;20.487979653
A2705;15300;;53184;DebtCon;Office;1;0;0;81.62597086;1;9;39.007822759
A2706;15300;84989;98781;HomeImp;Office;;0;0;184.54574572;0;25;43.016977602
A2707;15300;33113;57991;DebtCon;Other;4;0;0;122.5788363;1;16;40.569888421
A2708;15300;24025;42722;;Office;2;0;0;207.96214095;0;15;37.122837197
A2710;15300;77069;104534;DebtCon;ProfExe;0;0;0;276.9242472;2;21;39.244599535
A2711;15300;49421;67343;DebtCon;Other;4;0;0;57.929415092;6;22;42.929614185
A2712;15400;103934;113696;DebtCon;Office;4;0;0;265.5863519;1;34;26.750403963
A2713;15400;32131;47338;HomeImp;Other;9;0;0;93.373142196;1;11;31.409186356
A2715;15400;48275;69427;DebtCon;ProfExe;17;0;0;202.54621956;0;15;23.160040592
A2716;15400;32855;69663;DebtCon;ProfExe;7;0;0;256.2275509;1;16;23.3103728
A2718;15400;50402;65561;DebtCon;Mgr;25;0;0;282.62290524;0;16;38.097902468
A2719;15400;180017;206148;DebtCon;Mgr;2;0;2;196.03365793;1;49;36.417342576
A2720;15400;59518;91172;DebtCon;Office;2;0;0;159.00351063;0;25;24.990490702
A2722;15400;25822;43334;;Office;1;0;0;211.01664194;0;15;40.529405126
A2724;15400;58085;91192;DebtCon;ProfExe;10;0;0;191.34421696;0;19;21.364312322
A2725;15400;;43899;HomeImp;Other;0;0;0;324.55174135;1;9;27.77956059
A2726;15400;34574;69751;DebtCon;ProfExe;6;0;0;254.05619611;1;16;22.721013568
A2727;15400;110900;126400;DebtCon;;16;0;0;179.56666667;1;18;
A2729;15400;;55421;DebtCon;Office;2;0;0;81.278511267;2;9;38.723895033
A2730;15400;73793;86176;DebtCon;Other;2;1;0;229.36937607;3;26;30.958519988
A2731;15400;30703;57184;HomeImp;Other;10;0;0;122.80432653;0;10;18.150902154
A2732;15400;28669;43078;DebtCon;Mgr;14;1;0;108.19889491;1;17;24.674174851
A2733;15400;101981;145125;DebtCon;Office;3;;;105.55256959;3;15;32.699440101
A2734;15400;7839;48276;DebtCon;ProfExe;4;0;0;315.17831848;0;16;18.301959465
A2735;15400;39452;56834;DebtCon;Other;7;1;0;120.0565557;1;15;39.908934154
A2736;15400;50121;67755;DebtCon;Other;3;0;0;168.74803195;0;14;37.560862761
A2737;15500;57993;82248;DebtCon;Other;10;0;0;173.07296854;0;16;32.142468978
A2739;15500;158506;179499;DebtCon;ProfExe;8;;0;195.6860259;4;26;40.73934639
A2740;15500;59316;80837;DebtCon;Other;1;0;0;126.91272316;3;11;35.901463044
A2741;15500;127793;158580;DebtCon;Mgr;;0;0;229.34507544;0;19;39.509681073
A2742;15500;36650;62963;DebtCon;ProfExe;6;0;0;260.85678864;0;16;24.299059351
A2743;15500;74761;92729;DebtCon;ProfExe;9;0;1;339.08926344;;42;37.47461725
A2745;15500;93730;106841;DebtCon;Sales;13;;1;132.82057094;0;18;33.292973693
A2746;15500;88929;115249;DebtCon;ProfExe;0;0;2;156.13091398;0;34;32.033870396
A2747;15500;79185;88693;DebtCon;Mgr;19;0;0;244.20784011;10;23;36.339362348
A2748;15500;98646;115669;DebtCon;Other;13;0;0;177.54896592;0;26;33.350529004
A2749;15500;71412;93723;DebtCon;Mgr;19;0;0;238.50131586;11;24;35.965898215
A2750;15500;97596;119326;DebtCon;Office;0;;3;254.70773261;1;30;40.987300926
A2751;15500;52051;88200;DebtCon;Office;30;0;0;211.06666667;0;22;
A2753;15500;26452;43900;DebtCon;Mgr;21;1;2;215.06666667;0;19;
A2755;15500;28269;52822;HomeImp;Other;9;0;0;120.61092122;1;9;18.182891915
A2756;15500;25751;43531;;Office;0;0;0;213.35928169;0;16;37.794991933
A2757;15500;46846;70082;DebtCon;ProfExe;7;0;0;152.16806013;2;12;30.131497225
A2758;15500;46125;63276;DebtCon;Mgr;27;0;0;298.47641102;0;16;39.30720132
A2759;15500;54653;73117;DebtCon;Other;13;;;;;;29.541850912
A2760;15500;20800;173566;HomeImp;Self;6;0;0;292.03418548;0;26;25.562881927
A2761;15500;82054;104627;DebtCon;Sales;3;0;0;9.0485150864;1;35;60.645756259
A2762;15500;116543;133986;DebtCon;;17;0;0;164.6813583;1;18;37.570819629
A2763;15500;17727;39746;;Office;1;0;0;204.09586981;0;16;40.660186443
A2764;15500;96426;122322;DebtCon;Office;12;0;0;226.28452431;0;12;40.86810919
A2765;15600;;66837;;;9;0;0;94.69068521;0;15;26.322569547
A2766;15600;83758;106992;HomeImp;ProfExe;3;0;0;127.66581767;1;24;39.014519389
A2767;15600;102572;112721;DebtCon;Office;3;0;1;271.27079103;0;33;29.634414887
A2768;15600;49151;62005;DebtCon;Other;4;0;0;185.65308797;0;14;36.021100446
A2769;15600;102881;117868;DebtCon;Other;11;0;0;287.44113086;2;19;31.759876787
A2770;15600;104458;137583;DebtCon;Other;1;0;0;280.78980103;0;46;41.23523649
A2772;15600;75701;106389;DebtCon;ProfExe;0;0;0;278.68039442;2;21;40.108259064
A2773;15600;62622;106824;HomeImp;ProfExe;9;0;0;261.02141544;0;11;34.97887956
A2774;15600;76724;96942;DebtCon;Other;0;1;0;157.41095093;1;18;34.23989502
A2775;15600;89312;110431;HomeImp;ProfExe;2;0;0;110.42995037;1;25;39.2128036
A2776;15600;105959;121747;DebtCon;Other;0;0;0;120.53313143;2;21;39.294812813
A2777;15600;58728;92443;HomeImp;ProfExe;6;0;0;128.02959933;0;13;28.484858563
A2778;15600;74156;101136;DebtCon;Mgr;11;0;3;107.38846759;0;24;27.69600093
A2780;15600;92789;123455;DebtCon;Other;13;0;0;176.73493223;0;26;36.544273113
A2781;15600;68056;103179;HomeImp;ProfExe;7;0;0;263.38940924;1;12;37.183077798
A2782;15600;47537;66581;DebtCon;Other;7;0;1;116.6148587;3;48;30.372801078
A2783;15600;62582;131510;DebtCon;Self;2;0;2;122.60405287;1;17;38.588222397
A2784;15600;51990;141518;DebtCon;Other;1;0;0;272.5030662;3;43;39.301823191
A2785;15700;53443;77704;DebtCon;Office;2;0;5;73.087538893;0;16;45.195495871
A2786;15700;80200;88545;DebtCon;Mgr;21;0;0;242.60038784;10;24;36.297033121
A2787;15700;64625;93272;DebtCon;Office;0;0;0;178.89138824;0;24;23.74406826
A2788;15700;64793;99157;HomeImp;ProfExe;22;0;0;244.73167355;1;23;38.328188879
A2789;15700;135886;181894;DebtCon;Mgr;10;0;0;247.96506535;0;21;30.326398916
A2791;15700;35873;52800;HomeImp;Other;10;0;0;128.23591372;0;10;20.950252082
A2792;15700;46423;72198;DebtCon;Other;0;;2;267.4388553;1;10;36.529319583
A2794;15700;111367;127421;DebtCon;;16;0;0;184.23480732;1;18;41.03530607
A2795;15700;149305;;DebtCon;ProfExe;25;0;2;382.85883592;0;71;38.228344754
A2796;15700;85384;101302;DebtCon;Other;1;0;0;128.28624705;0;22;41.569983536
A2798;15700;;28198;DebtCon;Other;12;;;87.620526369;2;9;32.445475521
A2799;15700;79346;93472;DebtCon;Mgr;19;0;0;244.47605696;11;23;33.196412457
A2800;15700;64185;84000;DebtCon;Other;0.2;2;2;112.03333333;2;26;
A2803;15700;16804;34294;DebtCon;Mgr;9;0;0;131.77342323;0;10;23.979702773
A2804;15700;122646;204282;DebtCon;Other;2;0;0;201.92370782;0;17;26.31831366
A2805;15700;87754;103045;HomeImp;Other;21;0;0;147.45017701;4;23;29.181742636
A2806;15700;;54557;DebtCon;Office;2;0;0;93.044539516;2;8;41.25598551
A2807;15700;99618;131710;DebtCon;Mgr;5;;;236.68094677;2;41;37.86554654
A2808;15700;81709;111127;HomeImp;ProfExe;4;0;0;123.62444842;0;25;37.5606476
A2810;15700;46124;67964;DebtCon;ProfExe;6;0;0;155.75478906;2;12;28.797918584
A2811;15700;74587;93180;DebtCon;Mgr;19;0;0;263.15916331;10;24;35.404414526
A2812;15700;58410;89082;DebtCon;Office;29;0;0;211.80567437;0;21;31.058372507
A2813;15700;53478;68885;DebtCon;Other;5;0;0;83.69551611;5;17;40.349929995
A2815;15800;91095;109401;DebtCon;Sales;12;;1;154.36018316;0;17;33.526270674
A2816;15800;51281;144202;DebtCon;Other;1;0;0;285.9978979;4;43;41.538051097
A2817;15800;9407;60165;DebtCon;Sales;1;0;0;310.65842115;0;5;40.051306199
A2818;15800;61073;90897;DebtCon;ProfExe;8;0;0;208.50075586;0;20;23.035745844
A2820;15800;;30395;DebtCon;Other;12;;;85.274033545;2;8;33.565263987
A2822;15800;;44144;HomeImp;Other;0;0;0;315.81263172;1;9;25.650384133
A2823;15800;58100;83000;DebtCon;ProfExe;2;1;1;284.06666667;4;27;
A2824;15800;;58995;HomeImp;Other;1;2;3;194.98708812;1;45;52.203164506
A2825;15800;104913;121214;DebtCon;ProfExe;2;0;0;134.00383024;0;21;44.915160551
A2827;15800;101246;142340;DebtCon;Office;2;;;109.29393259;2;16;33.770828549
A2828;15800;78905;97628;DebtCon;Other;0;0;0;152.17113748;0;23;42.218282221
A2829;15800;74815;89721;DebtCon;Mgr;16;0;0;;0;0;37.984504628
A2831;15800;103537;111139;DebtCon;Office;3;0;1;252.26775758;1;34;27.674063965
A2834;15800;;96579;DebtCon;Office;28;0;0;328.21049264;0;15;12.1535212
A2835;15800;71820;89739;DebtCon;Other;0;1;1;122.95558706;1;25;33.519070443
A2837;15800;41661;80457;DebtCon;Mgr;3;0;1;137.31750781;0;8;27.434094849
A2838;15800;;96642;DebtCon;Office;26;0;0;335.15468819;0;16;12.706937983
A2839;15800;20665;43790;DebtCon;Mgr;8;0;0;108.41393655;0;11;22.826892443
A2840;15800;42504;64847;HomeImp;Other;;0;0;120.73801298;2;18;36.834457555
A2841;15800;46716;60231;DebtCon;Other;3;0;0;191.32373689;0;13;28.053604481
A2842;15800;69928;;;Other;23;0;3;82.443985587;1;14;32.327262456
A2843;15800;74575;95815;DebtCon;Other;7;2;0;69.581348102;0;21;24.108726876
A2846;15900;96854;156450;DebtCon;Mgr;1;0;0;212.66600461;0;19;40.213384582
A2847;15900;65827;97935;DebtCon;Office;1;0;0;160.41695863;4;20;32.60020273
A2850;15900;49516;105352;HomeImp;Other;0;0;2;54.437325617;0;9;40.270607618
A2855;15900;38860;68912;DebtCon;ProfExe;9;0;0;250.92750292;1;16;22.175263227
A2857;15900;97478;120514;DebtCon;Office;1;;3;264.26091644;1;29;41.840275239
A2858;15900;48563;64679;DebtCon;ProfExe;4;0;0;156.10138093;2;12;27.808547086
A2859;15900;42623;66458;DebtCon;ProfExe;4;0;0;146.82789245;1;12;30.289129835
A2861;15900;43830;59530;DebtCon;Other;4.6;1;0;148.13333333;1;27;
A2862;15900;89500;104200;DebtCon;ProfExe;15;0;3;183.63333333;0;37;
A2863;15900;107336;120451;DebtCon;Other;1;0;0;123.46551939;2;21;37.99240801
A2864;15900;112973;129878;DebtCon;;17;0;0;179.13400863;0;17;39.192025867
A2865;15900;101337;;HomeImp;Other;4;0;0;235.62740226;0;23;20.723375647
A2867;15900;68079;90212;HomeImp;Other;;0;0;304.24475509;0;19;30.422003881
A2868;15900;71841;96424;HomeImp;Office;10;;;111.43725111;0;11;36.954969611
A2869;15900;88000;109500;DebtCon;ProfExe;7;0;0;138;2;21;
A2870;15900;58518;82095;HomeImp;ProfExe;10;0;2;177.24777998;0;14;28.818793116
A2871;15900;90017;114267;DebtCon;ProfExe;8;0;0;205.21832935;2;36;41.230512181
A2873;15900;94078;118359;DebtCon;Other;13;0;0;125.55199939;1;8;37.78182264
A2874;15900;16744;52234;DebtCon;ProfExe;3;0;0;288.41594954;0;16;17.452227433
A2875;16000;56295;77146;DebtCon;Office;0;0;0;190.39640686;0;24;31.737034291
A2876;16000;;51792;DebtCon;Other;;;;340.68496842;;17;30.611518791
A2877;16000;71861;95315;HomeImp;ProfExe;24;0;0;241.41251498;1;23;35.474773102
A2878;16000;32918;52482;DebtCon;ProfExe;3;0;0;259.57102068;0;34;40.347343998
A2879;16000;74459;103255;DebtCon;Other;6;3;0;72.864590397;1;21;24.935229965
A2880;16000;20648;167020;HomeImp;Self;5;0;0;315.46656561;0;26;25.912976009
A2881;16000;82097;100225;DebtCon;Other;0;0;0;129.3745132;0;22;39.827217203
A2882;16000;133193;160919;DebtCon;Mgr;;0;0;223.33852108;0;18;37.301517501
A2883;16000;88093;106943;DebtCon;ProfExe;7;0;0;207.20285047;1;36;42.573079502
A2884;16000;20000;60000;HomeImp;Other;11;0;0;51.033333333;0;9;
A2885;16000;31000;54000;DebtCon;Other;16;0;0;110.6;1;18;
A2886;16000;101000;130000;DebtCon;ProfExe;7.5;0;0;102.5;0;14;
A2887;16000;62200;89200;DebtCon;Other;1.9;0;0;176.53333333;1;31;
A2888;16000;90900;152300;HomeImp;ProfExe;5;0;0;102.5;0;17;
A2889;16000;42000;63400;HomeImp;Office;3.5;0;0;123.8;0;18;
A2890;16000;38600;57822;DebtCon;Other;17;0;0;276.96666667;0;22;
A2891;16000;96000;160050;;Other;;1;;260.76666667;;24;
A2892;16000;65000;91000;DebtCon;Mgr;0.2;0;0;85.233333333;0;17;
A2893;16000;16300;128200;DebtCon;Other;10;0;0;366.26666667;1;10;
A2895;16000;83200;;DebtCon;ProfExe;0.6;0;0;318.56666667;9;27;
A2896;16000;88238;117500;DebtCon;Other;4;0;3;176.46666667;5;34;
A2897;16000;50000;71130;DebtCon;ProfExe;2.5;0;0;189.7;0;22;
A2898;16000;70000;87400;DebtCon;Office;18;;3;145.86666667;3;18;
A2899;16000;63005;90908;HomeImp;Other;;0;0;295.11525035;0;20;29.014876509
A2901;16000;98338;115759;DebtCon;Other;8;0;0;296.07626178;1;19;30.062735712
A2902;16000;84505;108652;DebtCon;Office;30;;1;332.38573601;2;48;33.74218195
A2903;16000;71670;84124;DebtCon;Other;10;0;0;81.596128837;3;12;32.948898967
A2904;16000;52546;63837;DebtCon;Other;7;0;1;122.19632494;2;49;30.143261328
A2906;16000;;46140;DebtCon;Other;;;;344.58012601;;16;31.640812778
A2907;16000;85228;91519;HomeImp;Office;;0;0;162.77120092;0;26;43.583882525
A2908;16000;62973;87698;DebtCon;Office;1;0;0;156.42811549;0;24;23.570800835
A2909;16000;140979;181166;DebtCon;Mgr;9;0;0;236.70711828;0;21;27.841339881
A2910;16000;57944;89778;HomeImp;ProfExe;2;0;0;135.60607791;0;12;25.725793664
A2911;16000;65901;85627;DebtCon;Office;5;0;0;117.35703247;0;20;21.445341417
A2912;16000;66395;85782;DebtCon;Other;1;2;1;99.519217551;1;25;33.20696963
A2913;16000;69861;87086;DebtCon;Other;7;0;0;205.32804581;2;18;43.436334345
A2914;16100;49371;77400;DebtCon;Office;3;2;2;214.06037616;1;51;44.21676389
A2915;16100;76644;103192;DebtCon;Other;5;2;0;76.077935453;0;20;24.187933859
A2916;16100;94089;159427;HomeImp;ProfExe;6;0;0;101.96046007;0;16;35.994979529
A2917;16100;;30695;HomeImp;Other;11;0;1;64.335741119;2;2;29.233014839
A2918;16100;63798;91045;HomeImp;Other;;0;0;298.21073119;0;19;30.961645128
A2919;16100;59734;93756;DebtCon;Office;31;0;0;210.15893736;0;21;32.596219565
A2921;16100;107758;124610;DebtCon;ProfExe;0;0;0;129.17889813;0;29;34.2115674
A2922;16100;45973;64430;HomeImp;Office;3;0;0;117.07375316;0;17;33.824716398
A2924;16100;76981;106014;DebtCon;ProfExe;0;0;0;269.34262868;1;21;39.799112283
A2925;16100;33209;52000;DebtCon;Other;8;0;0;91.3;1;15;
A2926;16100;61712;82649;DebtCon;Other;12;0;0;94.645123603;0;9;27.548831204
A2927;16100;105719;116491;DebtCon;Other;1;0;0;117.87361206;2;20;38.763699701
A2928;16100;47198;79384;DebtCon;Other;1;;1;297.4825046;1;9;36.736113667
A2930;16100;54715;71673;DebtCon;Office;1;0;0;186.21582869;0;25;29.670506363
A2931;16100;49244;65523;HomeImp;Office;2;0;0;110.21989337;0;17;31.001523706
A2932;16100;;29725;DebtCon;Other;11;;;85.951530438;2;8;33.496046557
A2933;16100;26276;168105;HomeImp;Self;7;0;0;336.19846451;0;26;25.991819945
A2934;16100;51041;72749;DebtCon;Other;8;0;0;90.325950674;2;15;43.897730329
A2935;16100;72942;99544;DebtCon;Other;5;2;0;54.945678873;1;20;23.282933392
A2936;16100;81145;92943;DebtCon;ProfExe;8;1;2;343.49891676;;41;37.557976627
A2938;16200;43794;69458;HomeImp;Office;2;0;0;140.50291634;0;18;31.109528667
A2939;16200;25329;37433;DebtCon;ProfExe;21;1;0;207.15954753;2;16;32.718088027
A2940;16200;104896;137950;DebtCon;Office;2;;;112.28309435;2;15;32.761337964
A2942;16200;49552;82523;DebtCon;Mgr;4;0;0;131.7057154;1;8;28.172032888
A2943;16200;68873;101797;HomeImp;ProfExe;23;0;0;220.96515227;0;23;36.259337335
A2944;16200;87248;116407;DebtCon;Other;20;0;0;270.0076812;1;16;24.543268816
A2945;16200;49780;109050;HomeImp;Office;2;;2;128.28852927;0;23;39.57681143
A2946;16200;;95280;;Other;;0;0;194.46001619;1;10;33.123728177
A2947;16200;70703;87682;DebtCon;Other;10;0;0;87.211328556;3;10;31.379268837
A2948;16200;62783;94394;DebtCon;Office;1;0;0;167.42934703;0;25;23.691156853
A2950;16200;53600;73500;DebtCon;Other;5;;;104.73333333;1;8;
A2952;16200;71530;88569;DebtCon;Mgr;14;0;0;;0;1;35.886710153
A2953;16200;96049;129091;DebtCon;Mgr;5;;;251.16089383;3;42;36.692167907
A2954;16200;22956;44866;DebtCon;Mgr;16;0;0;114.75901917;1;17;24.090882167
A2955;16200;118585;131940;DebtCon;Sales;5;0;0;202.38516993;2;40;23.977112224
A2956;16200;23466;206368;DebtCon;Mgr;9;7;3;141.02742652;10;41;32.36849777
A2957;16200;86021;113030;DebtCon;Other;20;0;0;284.15976669;0;17;26.65016531
A2959;16200;76211;104348;DebtCon;Other;0;0;0;141.04682436;1;18;33.334411917
A2960;16200;81933;131208;DebtCon;ProfExe;13;0;0;308.53202717;0;19;29.60368375
A2961;16200;34984;46382;DebtCon;Other;11;0;0;175.14431949;3;20;39.740928127
A2962;16200;46115;61917;HomeImp;Other;2;0;0;259.36069753;0;47;43.717499442
A2963;16300;31800;63000;DebtCon;Other;12;1;5;124.9;1;14;
A2965;16300;7774;88649;HomeImp;Other;14;0;1;257.91592191;0;22;28.13047878
A2966;16300;79087;102921;DebtCon;Sales;23;0;0;256.25308431;0;45;36.987085694
A2967;16300;84480;101243;DebtCon;Office;30;;0;337.34230408;2;49;35.412870351
A2968;16300;71510;89756;DebtCon;Other;2;0;0;193.13589022;0;30;31.413585832
A2969;16300;105169;134992;DebtCon;Other;1;0;0;277.99294556;0;46;41.949854504
A2970;16300;96431;161284;;Other;;0;;256.3719323;;23;39.07781351
A2971;16300;67524;85577;DebtCon;Other;8;0;0;75.434327987;3;11;31.761828777
A2973;16300;25004;65000;DebtCon;Other;2;0;0;199.83333333;0;7;
A2974;16300;56075;88870;;ProfExe;11;0;0;;1;16;24.689293685
A2975;16300;59901;83232;HomeImp;Other;;0;0;284.51430538;0;20;27.898802748
A2976;16300;49868;76131;DebtCon;Other;9;0;0;81.274155797;2;9;40.372556541
A2977;16300;69327;102426;HomeImp;ProfExe;8;0;0;246.75466611;1;12;36.409094498
A2978;16300;32188;78914;HomeImp;Other;;0;0;250.72554619;0;49;40.722196346
A2979;16300;102826;114692;DebtCon;Other;8;0;0;317.50797383;1;18;31.914238011
A2980;16300;34297;42629;HomeImp;Other;9;0;0;80.489238338;2;11;30.284772591
A2981;16300;66038;98585;DebtCon;Office;1;0;0;162.0654119;3;19;32.75346067
A2982;16400;50941;78801;DebtCon;ProfExe;4;0;0;266.04079897;2;32;32.904357011
A2983;16400;74904;92308;DebtCon;Other;6;0;0;202.49044482;3;19;42.420345308
A2984;16400;62786;79154;DebtCon;;7;;;;;;24.838940068
A2985;16400;21857;51994;HomeImp;ProfExe;7;0;0;201.93333333;0;14;
A2986;16400;71264;94726;DebtCon;Other;1;0;0;177.2573424;1;31;35.034481355
A2987;16400;119879;128546;DebtCon;;16;0;0;182.99738116;0;17;40.850886838
A2988;16400;86623;124048;;;;;;;;;35.810769362
A2990;16400;57139;164133;DebtCon;ProfExe;21;0;0;238.4610031;0;27;22.206846015
A2991;16400;73466;89453;DebtCon;Other;4;0;0;198.82742376;3;19;41.523497409
A2992;16400;63574;88586;HomeImp;Other;;0;0;298.14655172;0;20;29.153372016
A2993;16400;82869;94390;DebtCon;ProfExe;8;0;2;358.05066023;;42;39.060627308
A2995;16400;48700;72500;DebtCon;Other;;0;1;127.3;1;39;
A2997;16400;62018;91832;DebtCon;ProfExe;9;0;0;202.3225002;0;19;20.38046421
A2998;16400;;51454;DebtCon;Other;;;;338.11080678;;17;33.491836085
A3000;16400;47428;76483;DebtCon;ProfExe;4;0;0;232.31554471;3;31;33.106835776
A3003;16400;89858;105796;DebtCon;Office;29;;1;340.71167514;2;49;36.003915936
A3004;16400;100014;122281;DebtCon;ProfExe;0;0;0;123.13398762;0;30;34.936673908
A3005;16400;65898;85424;HomeImp;ProfExe;10;0;1;173.53321041;0;14;26.931994858
A3006;16400;86422;116097;;;;;;;;;35.598950764
A3007;16400;102103;133626;DebtCon;ProfExe;5;0;0;95.366348366;0;14;31.275182524
A3008;16400;85601;100078;HomeImp;Office;;0;0;176.69874119;1;25;43.027470528
A3009;16500;44330;72618;DebtCon;Other;6;0;0;101.49536566;2;15;41.457025199
A3010;16500;48491;112677;HomeImp;Office;2;;2;138.0960861;1;23;37.253333224
A3011;16500;47636;59586;DebtCon;Other;16;0;0;284.06554203;0;21;29.969006333
A3012;16500;52028;63745;DebtCon;Other;7;0;0;105.53037606;4;18;41.344845835
A3014;16500;;88454;DebtCon;Office;30;0;0;320.42145028;0;16;14.097940896
A3015;16500;94403;;DebtCon;Office;9;0;1;217.78684139;0;19;
A3016;16500;64992;97348;HomeImp;Office;8;;;123.66882077;0;11;36.107923552
A3018;16500;77049;98658;DebtCon;Other;5;3;0;77.992816106;0;21;23.120073801
A3020;16500;64081;100796;HomeImp;ProfExe;22;0;1;243.94168588;1;24;38.327816354
A3021;16500;23169;41677;DebtCon;ProfExe;20;0;0;208.07694321;2;15;34.430575154
A3022;16500;48833;68872;DebtCon;Other;1;0;0;60.390652294;0;12;22.459624387
A3023;16500;143404;165267;DebtCon;Mgr;14;0;1;169.7373629;1;31;36.178122
A3024;16500;;42894;HomeImp;Other;1;0;0;331.42686954;0;8;26.895804457
A3025;16500;67619;93500;HomeImp;ProfExe;8;0;0;82.166666667;0;16;
A3026;16500;56500;80000;DebtCon;Other;2;0;0;308.43333333;3;16;
A3027;16500;163000;193000;DebtCon;ProfExe;10;0;0;262.73333333;1;38;
A3028;16500;76000;110000;DebtCon;Mgr;18;0;0;242.5;5;31;
A3029;16500;65900;87000;DebtCon;Other;26;0;3;109.56666667;5;35;
A3030;16500;50000;;DebtCon;Mgr;1;0;0;120.73333333;3;11;
A3031;16500;67000;109500;DebtCon;Mgr;2;4;0;217.1;2;24;
A3032;16500;126872;167611;DebtCon;Office;5;0;0;136.12243475;1;21;26.404528407
A3033;16500;51758;138693;DebtCon;Other;2;0;0;283.06984094;5;43;39.716770715
A3035;16500;43223;46925;DebtCon;Other;10;0;0;178.00238341;4;20;40.206333768
A3036;16500;44946;64918;HomeImp;Other;25;0;0;247.27840785;0;14;24.357949543
A3037;16500;48674;73720;DebtCon;ProfExe;17;0;0;186.47307149;0;23;38.37360781
A3038;16500;8795;164000;HomeImp;Mgr;23;0;0;76.066666667;2;21;
A3039;16500;74263;98922;DebtCon;Office;0;0;0;139.83124654;3;20;31.814429354
A3040;16500;102552;144461;DebtCon;Office;1;;;136.72448949;2;15;34.107888816
A3041;16500;42317;66966;HomeImp;ProfExe;3;0;0;206.23838916;3;17;35.00637947
A3042;16500;94920;118156;DebtCon;Other;9;0;0;295.28552348;2;18;32.171631931
A3045;16500;36206;53040;HomeImp;Other;9;0;0;118.30137184;0;9;17.747783551
A3046;16600;9626;96887;HomeImp;Other;14;0;0;263.76624665;0;23;28.674701982
A3047;16600;77380;123638;;;;;;;;;34.118615358
A3049;16600;81275;106691;DebtCon;ProfExe;1;0;0;289.37613799;1;20;38.475240991
A3050;16600;57094;94944;;ProfExe;9;0;0;;0;15;24.023048237
A3051;16600;97749;164103;;Other;;1;;263.8467774;;23;37.386854286
A3053;16600;55912;81552;DebtCon;Other;6;;;106.51293172;0;7;36.763752672
A3054;16600;45877;68563;HomeImp;Office;2;1;0;119.50076473;0;18;33.073048345
A3055;16600;74784;100221;DebtCon;Mgr;1;0;0;90.05044751;0;17;25.708393802
A3056;16600;42259;;DebtCon;Other;1.5;1;3;209.96666667;0;20;
A3058;16600;;56631;DebtCon;Office;2;0;0;98.760223233;1;8;39.799527401
A3059;16600;71564;84627;DebtCon;Office;5;0;0;114.64013288;1;20;22.323142605
A3060;16600;74681;95471;DebtCon;Other;6;0;0;187.65351043;4;19;40.453753155
A3061;16600;28694;44165;DebtCon;ProfExe;20;0;1;206.71765119;2;16;30.63902291
A3062;16600;;43880;DebtCon;Other;;;;351.725503;;15;31.534288917
A3063;16600;69644;100411;DebtCon;Office;0;0;0;149.09522704;4;19;29.725746822
A3064;16600;71096;104437;HomeImp;ProfExe;9;0;0;246.95963628;1;12;37.099532605
A3065;16700;62933;91790;DebtCon;Other;2;0;0;185.37246242;0;31;35.25727149
A3067;16700;62933;95498;DebtCon;Office;0;0;1;161.66099425;0;25;24.26256802
A3068;16700;;29387;DebtCon;Other;13;;;80.820591457;2;8;33.364491337
A3069;16700;102687;137417;DebtCon;ProfExe;7;0;0;97.763511856;0;14;31.10800492
A3070;16700;86076;130341;DebtCon;ProfExe;12;0;0;295.95433961;0;18;28.447992405
A3071;16700;31135;60478;DebtCon;Other;14;0;0;105.13327106;0;18;39.122996804
A3072;16700;43794;61446;DebtCon;;6;0;0;96.454705906;1;9;28.452980859
A3073;16700;54079;112463;HomeImp;Office;1;;3;134.92571376;1;23;37.033954387
A3074;16700;51310;76704;DebtCon;Other;2;;2;271.6519477;0;10;37.630057159
A3075;16700;11059;92706;HomeImp;Other;13;0;1;262.61033998;0;23;29.884757742
A3076;16700;59207;83146;DebtCon;Other;2;0;0;309.49638798;3;15;43.48806641
A3077;16700;77083;103540;DebtCon;Other;17;0;0;170.81237285;;10;37.226430597
A3078;16700;67238;96535;HomeImp;Office;7;;;103.47260819;0;10;39.349650518
A3079;16700;;56374;DebtCon;Office;1;0;0;73.428942397;1;9;40.829128728
A3081;16700;12830;56465;DebtCon;ProfExe;3;0;0;301.14852231;0;15;18.251480864
A3082;16700;53423;85685;HomeImp;ProfExe;5;0;0;109.42942826;0;12;28.160611312
A3083;16700;5106;93277;HomeImp;Other;14;0;0;269.96268873;0;23;29.875928067
A3084;16700;105556;136568;DebtCon;Other;0;0;0;273.72507278;0;47;40.041684652
A3085;16800;57329;83695;DebtCon;Other;3;0;0;294.99970155;2;16;40.625052691
A3086;16800;76852;90429;DebtCon;Other;6;0;0;183.84300457;3;18;42.297091696
A3088;16800;27623;88231;DebtCon;ProfExe;8;0;0;122.46327196;0;12;55.962022219
A3089;16800;56979;90008;HomeImp;ProfExe;10;0;2;178.92995639;1;12;27.816420302
A3090;16800;69284;;DebtCon;Office;21;0;0;190.69331375;1;20;35.894025859
A3092;16800;23670;41879;DebtCon;Mgr;17;1;0;106.39856975;0;17;26.696716261
A3093;16800;62557;95747;DebtCon;Other;0;0;0;188.18900504;1;31;35.285844744
A3095;16800;113021;146222;;Mgr;5;3;2;123.89341974;2;65;62.559307823
A3096;16800;67049;89729;HomeImp;Other;;0;0;286.37512856;0;20;28.739128016
A3097;16800;81820;100366;DebtCon;ProfExe;6;0;1;335.3003273;;41;36.211626812
A3098;16800;87300;155500;DebtCon;Other;3;0;0;1154.6333333;0;0;
A3099;16800;50445;71711;DebtCon;Other;5;0;0;71.230761689;5;18;40.582913478
A3100;16800;73280;103067;DebtCon;Other;1;0;0;140.36213401;0;17;34.002295373
A3101;16800;102838;111319;DebtCon;Office;1;0;0;257.3285966;0;34;27.57659689
A3102;16800;46312;67166;HomeImp;Other;27;0;0;241.50838389;0;14;26.220717432
A3103;16800;50135;93772;DebtCon;ProfExe;5;0;0;126.48940505;2;21;35.856354887
A3104;16800;58193;82942;DebtCon;Other;1;0;0;320.06300966;3;16;42.845962863
A3105;16800;39352;60943;HomeImp;Other;25;0;0;237.7636233;0;13;25.439888235
A3107;16800;94851;119053;DebtCon;Office;2;0;1;270.9986111;1;34;27.009239289
A3108;16800;115870;130809;DebtCon;;15;0;0;177.63228248;0;17;39.567208162
A3109;16900;131002;166859;DebtCon;Office;4;0;0;135.85642316;0;20;28.151885281
A3110;16900;;51549;DebtCon;Office;1;0;0;75.413745563;1;8;40.628199233
A3113;16900;47129;62342;DebtCon;Other;15;0;0;290.14892122;0;21;30.318596795
A3115;16900;63800;85000;DebtCon;Other;2;0;6;127.8;2;33;
A3116;16900;73128;101683;DebtCon;Sales;26;0;0;254.19179745;0;45;38.512308689
A3117;16900;66812;90973;HomeImp;Office;9;;;108.00552587;0;10;37.469017947
A3118;16900;68940;88264;DebtCon;Office;0;0;0;166.10628148;0;25;24.955311418
A3119;16900;67111;96985;HomeImp;ProfExe;21;0;0;233.78439855;1;23;37.324711324
A3120;16900;116357;209364;DebtCon;Other;4;0;0;221.12855483;0;16;27.900263904
A3121;16900;53252;89720;DebtCon;Office;29;0;0;204.58793388;0;22;33.016153118
A3122;16900;88143;115365;DebtCon;Other;19;0;0;282.06851776;0;16;24.962851371
A3123;16900;43643;80639;DebtCon;Mgr;3;0;0;128.58182369;1;8;28.895954854
A3124;16900;61847;91671;DebtCon;ProfExe;9;0;0;202.05343558;0;20;21.348254512
A3125;16900;78455;121450;;;;;;;;;33.742374549
A3126;16900;17988;137328;DebtCon;Other;9;0;0;360.14696016;0;10;41.902054192
A3127;16900;102108;117650;DebtCon;Other;9;0;0;279.11258466;1;19;29.645177293
A3128;17000;73644;107086;DebtCon;ProfExe;0;0;0;280.45334363;2;20;37.771957848
A3129;17000;125257;161009;DebtCon;Office;3;0;0;129.75779959;1;21;27.6372066
A3130;17000;10866;171952;HomeImp;Mgr;24;0;0;79.991975497;2;21;29.846958737
A3133;17000;54218;75000;DebtCon;Mgr;5;1;0;177.5;6;35;
A3134;17000;51682;67688;HomeImp;Office;2;0;0;135.19190654;0;18;33.050636366
A3136;17000;97713;164869;;Other;;0;;253.4763166;;23;36.452295794
A3138;17000;31772;60289;HomeImp;ProfExe;6;0;0;189.23698365;0;13;31.125746532
A3140;17000;86341;133564;DebtCon;ProfExe;15;0;0;307.67385711;0;18;28.368210586
A3141;17000;66894;75360;DebtCon;;8;;;;;;25.260098683
A3142;17000;27088;166437;HomeImp;Self;7;0;0;306.67417105;0;27;26.156717881
A3143;17000;70085;81598;DebtCon;Office;7;0;0;117.19539923;1;20;21.981835715
A3144;17000;97438;158780;DebtCon;Mgr;0;0;0;210.91260341;1;18;38.796749949
A3145;17000;45671;64516;HomeImp;Other;27;0;0;246.17972137;0;13;25.701205603
A3148;17000;63450;92816;;ProfExe;10;0;0;;1;16;25.718671082
A3149;17000;54780;93091;DebtCon;ProfExe;4;0;0;115.37533239;1;21;37.50862467
A3150;17000;73184;96889;DebtCon;Mgr;0;0;0;71.953791991;0;16;28.004398484
A3152;17000;52663;82000;;;;;;;;;
A3153;17000;36420;54375;DebtCon;Other;1;1;0;77.7;1;18;
A3154;17000;53058;74000;DebtCon;Other;17;1;0;204.93333333;1;21;
A3155;17000;23200;85000;DebtCon;ProfExe;9;0;0;149.06666667;1;21;
A3156;17000;47000;112720;DebtCon;ProfExe;16;0;0;257.7;0;20;
A3157;17000;86000;119600;DebtCon;ProfExe;12;;;137.46666667;;25;
A3159;17000;152900;191146;DebtCon;Other;7.5;0;0;;2;16;
A3160;17000;55820;88683;DebtCon;Office;0.5;0;0;74.033333333;0;23;
A3163;17000;52700;78000;DebtCon;Other;2;0;0;62.9;0;10;
A3164;17000;61000;127000;DebtCon;Mgr;9;0;5;256.7;0;40;
A3165;17000;62755;81180;DebtCon;ProfExe;19;2;0;134.93333333;2;28;
A3166;17000;56800;82000;DebtCon;ProfExe;22;0;5;320.6;4;28;
A3167;17000;89600;115000;DebtCon;Self;20;;3;99.266666667;0;23;
A3168;17000;48000;69000;DebtCon;Office;25;0;0;351.03333333;3;24;
A3169;17000;43000;63500;DebtCon;Other;8;0;0;46.666666667;3;11;
A3170;17000;118822;208429;DebtCon;Other;3;0;0;206.73707131;0;16;25.87399085
A3172;17000;97517;141718;DebtCon;Office;2;;;128.41759793;3;15;31.166029443
A3173;17000;51018;108148;HomeImp;Office;0;;2;114.9462923;0;23;40.241259872
A3175;17000;98451;138012;DebtCon;Office;3;;;120.23893457;2;15;33.953593917
A3176;17000;82662;111357;DebtCon;Mgr;17;0;0;252.30598474;4;30;37.316119916
A3177;17000;108154;134103;DebtCon;Other;1;0;0;279.3611988;0;46;39.676976607
A3179;17100;56791;94396;DebtCon;ProfExe;7;0;0;110.29408781;1;21;36.107340903
A3181;17100;19126;88969;DebtCon;Other;21;0;0;225.70628788;2;41;38.896378177
A3182;17100;;96036;DebtCon;Office;27;0;0;327.00179108;0;15;12.498669801
A3183;17100;100082;119585;DebtCon;ProfExe;1;0;0;147.91580911;0;29;34.734277161
A3184;17100;22162;128989;DebtCon;Other;11;0;0;367.9970935;0;9;40.640916113
A3186;17100;123463;160487;DebtCon;Office;4;0;0;155.30076264;0;21;25.704127792
A3187;17100;49951;111291;HomeImp;Office;1;;2;151.10459247;1;23;39.487198141
A3188;17100;74922;91187;DebtCon;Mgr;0;0;0;80.582655587;0;16;26.767768842
A3189;17100;59123;94247;DebtCon;Office;0;0;0;70.016360231;0;22;37.195085532
A3190;17100;46953;69086;DebtCon;ProfExe;6;0;0;165.62778833;2;11;29.249143602
A3191;17100;43085;68758;DebtCon;Other;7;0;1;103.68385576;3;49;30.3535487
A3192;17100;92853;130864;DebtCon;Mgr;6;;;244.72881087;3;41;37.492645631
A3193;17100;32134;69131;DebtCon;Other;3;0;0;209.19880045;0;6;38.632967001
A3194;17100;54598;115838;DebtCon;ProfExe;14;0;0;247.29589655;0;20;25.632116425
A3195;17100;;60781;;;8;0;0;101.01406133;0;14;27.719938143
A3196;17100;27842;74459;HomeImp;Other;;0;0;248.71878008;0;49;44.552154152
A3197;17100;104652;169076;;Other;;1;;270.58121434;;23;38.465227693
A3199;17100;91502;113251;DebtCon;Other;18;0;0;289.95440059;0;16;24.458320606
A3200;17200;51352;64386;DebtCon;Mgr;27;0;0;295.9554144;1;17;36.787305949
A3201;17200;62514;96633;HomeImp;ProfExe;25;1;0;224.76435905;1;24;36.702340701
A3202;17200;59698;89715;;ProfExe;9;0;0;;1;16;23.345623213
A3203;17200;94937;133859;DebtCon;Mgr;6;;;248.15887558;2;42;36.790875327
A3204;17200;6126;88603;HomeImp;Other;13;0;1;287.26088687;0;23;30.098796701
A3205;17200;7044;57831;DebtCon;Sales;0;0;0;330.97090434;0;6;37.943315139
A3206;17200;103519;118074;DebtCon;Other;0;0;0;102.6786125;1;21;41.418352854
A3207;17200;89507;121047;DebtCon;Other;14;0;0;118.86613395;1;9;34.602827396
A3208;17200;52011;65800;DebtCon;Other;7;0;1;120.32397922;2;48;30.556511873
A3209;17200;11950;170000;HomeImp;Mgr;22;0;0;77.283384968;1;20;28.82169866
A3211;17200;33073;85654;DebtCon;ProfExe;7;0;0;163.39478871;1;20;28.274888868
A3212;17200;50742;71000;DebtCon;Other;15;0;0;;0;0;
A3213;17200;39316;66978;DebtCon;;4;0;0;99.985975956;1;10;26.437084055
A3214;17200;74402;;DebtCon;ProfExe;13;0;1;115.35303064;4;34;41.359036334
A3215;17200;62108;;DebtCon;Office;21;0;0;174.39613454;1;21;34.538925374
A3216;17200;48999;76544;DebtCon;ProfExe;5;0;0;240.52274651;3;31;32.841753914
A3217;17200;35116;60489;DebtCon;Other;17;0;0;106.48623703;1;18;38.806240708
A3218;17200;85977;109238;HomeImp;ProfExe;3;0;0;115.55751256;1;25;38.948918735
A3219;17200;45900;68126;HomeImp;Office;4;0;0;111.12595174;0;17;34.179046884
A3220;17200;52276;69860;DebtCon;Office;0;0;0;180.93148775;0;25;30.587966984
A3221;17200;53849;102326;HomeImp;Other;1;0;3;57.166745124;1;9;39.991154244
A3223;17200;99204;119490;DebtCon;Other;9;0;0;296.21148976;1;18;30.3013654
A3224;17200;48427;66082;DebtCon;Mgr;29;0;0;283.84875911;1;16;38.393634669
A3225;17200;62840;92946;HomeImp;ProfExe;5;0;0;133.15948077;0;11;27.503540171
A3226;17200;17234;43310;;Office;1;0;0;215.6075405;0;15;38.318514688
A3227;17200;55254;118718;DebtCon;ProfExe;15;0;0;276.91108293;0;20;26.696158705
A3228;17200;27230;82319;HomeImp;Other;;0;0;249.21566716;1;50;43.756794085
A3230;17300;91132;110440;DebtCon;ProfExe;10;0;0;147.55332445;2;19;36.427218736
A3231;17300;51185;65537;DebtCon;Other;6;0;1;129.83794119;3;49;29.311594064
A3232;17300;35070;63862;DebtCon;Other;16;0;0;125.13156939;1;17;37.936519649
A3233;17300;79412;114906;DebtCon;Mgr;17;0;0;247.3605705;4;30;36.536435564
A3234;17300;73000;95000;DebtCon;Other;5;2;1;90.3;6;30;
A3235;17300;99064;156306;HomeImp;ProfExe;4;0;0;90.449522446;0;16;35.750060441
A3236;17300;44031;79187;DebtCon;Other;0;;1;299.70523733;1;10;35.986669908
A3237;17300;20798;37980;;Office;2;0;0;219.30936478;0;16;37.763211014
A3238;17300;90768;116052;DebtCon;Other;13;0;0;120.24142622;2;9;35.81087795
A3240;17300;65136;83847;DebtCon;Office;6;0;0;127.09997366;0;20;24.5182717
A3241;17300;110614;137552;DebtCon;ProfExe;6;0;0;85.232500724;0;13;31.344365522
A3242;17300;73503;91842;DebtCon;Other;0;0;6;142.33207559;1;32;46.902324378
A3243;17300;91350;107834;HomeImp;ProfExe;3;0;0;118.13306488;0;24;37.610845011
A3244;17300;65077;91991;DebtCon;Other;0;2;3;114.02344238;2;26;35.90776048
A3245;17300;96138;124066;DebtCon;Office;1;;2;271.7823232;0;30;40.404506226
A3249;17300;48132;78889;DebtCon;Mgr;4;0;0;133.16768546;0;8;28.298227056
A3250;17400;;48971;DebtCon;Other;;;;345.00991859;;17;32.474319466
A3251;17400;77350;101271;DebtCon;Other;0;0;0;148.91622747;1;18;34.387028434
A3252;17400;61035;90434;HomeImp;ProfExe;4;0;0;113.63599565;0;12;25.357194605
A3253;17400;58941;88470;HomeImp;ProfExe;4;0;0;123.25705457;0;12;25.557593337
A3254;17400;62824;82243;DebtCon;Other;5;;;109.48274852;0;7;34.818444993
A3255;17400;25859;43684;DebtCon;Mgr;16;1;0;95.363068679;1;17;27.107619574
A3256;17400;24687;37391;;Office;2;0;0;217.74427464;0;16;38.251392033
A3257;17400;43110;73614;DebtCon;Mgr;1;0;0;114.28918244;1;8;26.379108017
A3260;17400;45861;61256;DebtCon;Other;7;0;0;132.01922665;3;48;30.186567466
A3262;17400;44479;78121;DebtCon;Mgr;1;0;0;117.3235888;0;9;27.133989435
A3263;17400;97072;155146;DebtCon;Mgr;0;0;0;204.16561629;0;19;40.507964774
A3264;17400;96590;112115;DebtCon;Other;0;6;0;178.65958941;2;46;41.117887486
A3266;17400;49765;66782;DebtCon;Mgr;27;0;0;272.59048247;1;16;39.383064504
A3267;17400;25844;83229;HomeImp;Other;;0;0;247.76164585;0;50;43.701331235
A3268;17400;123579;168243;DebtCon;Office;4;0;0;146.3520808;0;20;26.603511505
A3270;17400;55575;78661;DebtCon;Other;17;1;0;198.98960053;1;20;38.991431366
A3271;17400;102228;115898;DebtCon;ProfExe;0;0;0;144.19816755;0;30;35.114150348
A3272;17400;56111;114521;HomeImp;Office;2;;2;154.85552388;1;24;38.695083557
A3273;17400;64163;84948;HomeImp;ProfExe;12;0;2;172.71116574;0;13;27.979694402
A3275;17500;92986;114276;DebtCon;Other;13;0;0;116.96135784;2;8;36.251385732
A3276;17500;99853;163401;DebtCon;Mgr;0;0;0;208.46227619;1;18;37.82861717
A3277;17500;17889;94453;DebtCon;Other;19;0;0;244.3562274;2;41;35.744770886
A3278;17500;101354;117209;DebtCon;ProfExe;1;0;0;136.15822253;0;30;36.851723302
A3279;17500;133243;154513;DebtCon;Mgr;;0;0;217.03704869;0;18;37.462991964
A3281;17500;49968;68025;HomeImp;Office;3;0;0;126.07945262;0;18;34.10902705
A3282;17500;73071;94267;DebtCon;Office;1;0;0;160.45470053;3;19;32.276809318
A3283;17500;153839;194027;DebtCon;Other;7;0;0;;1;15;29.113651196
A3284;17500;51102;69532;DebtCon;Other;5;0;0;108.31608023;2;49;31.495945715
A3285;17500;100642;138550;DebtCon;Office;3;;;115.07594761;3;16;32.176380263
A3286;17500;110603;142000;DebtCon;Other;1;1;0;163.06666667;3;25;
A3288;17500;68000;133015;DebtCon;Office;19;1;1;177.5;5;21;
A3289;17500;46636;72908;DebtCon;Other;7;0;0;110.23090719;3;15;41.512292086
A3290;17500;90221;113564;DebtCon;Other;19;0;0;265.18462525;1;17;27.029438967
A3292;17500;61524;87188;HomeImp;ProfExe;3;0;0;115.80866085;1;13;25.401570002
A3293;17500;91000;116000;DebtCon;ProfExe;0.5;0;0;188.73333333;3;26;
A3294;17500;87294;114031;DebtCon;Other;15;0;0;147.09858349;2;8;34.467940003
A3296;17500;102858;138977;DebtCon;Office;2;;;100.28121919;2;15;31.669319454
A3300;17600;;96188;;Other;;0;0;181.29504647;0;9;30.879317294
A3301;17600;56090;103992;HomeImp;Other;1;0;2;46.875135751;1;10;39.081826438
A3304;17600;72232;103081;DebtCon;Other;1;0;0;143.96715312;0;18;36.309962492
A3305;17600;79122;96116;DebtCon;Other;1;0;0;152.44371441;1;18;35.589662601
A3306;17600;76043;95605;DebtCon;Other;3;2;1;85.04333493;6;30;47.840295122
A3307;17600;44571;66088;HomeImp;Office;2;0;0;126.09038158;0;17;30.871901786
A3308;17600;;45119;DebtCon;Other;;;;354.73591921;;17;34.495046658
A3309;17600;29201;41396;DebtCon;Mgr;19;0;0;89.20252735;1;16;23.93494584
A3310;17600;67285;90816;DebtCon;Other;1;1;2;104.59286688;2;25;35.592253541
A3311;17600;64857;82449;DebtCon;Other;1;0;0;312.88247401;3;15;43.478862555
A3312;17600;59347;68667;DebtCon;Office;0;0;0;185.27496096;0;25;30.052323948
A3313;17600;71983;97939;DebtCon;Office;1;0;0;144.36621588;3;19;29.808589765
A3314;17600;106381;134476;DebtCon;Other;0;0;0;294.07325413;0;47;38.581658717
A3315;17600;62198;101183;HomeImp;ProfExe;21;0;0;230.7167135;1;23;39.139756562
A3316;17600;71366;87862;DebtCon;Office;5;0;0;116.79668509;0;20;23.400137117
A3317;17600;39063;54561;DebtCon;Other;17;0;0;107.94381754;1;17;38.919210327
A3318;17600;48487;65665;DebtCon;Other;6;0;0;100.17400375;2;15;43.769684913
A3319;17600;;66000;;;7;0;0;111.78570044;0;14;27.090894722
A3320;17600;88661;114922;DebtCon;Other;13;0;0;152.75401017;1;7;36.766273628
A3321;17600;61093;97551;DebtCon;Office;0;0;0;75.060829426;0;22;35.562993202
A3323;17700;17480;41055;;Office;1;0;0;196.1319389;0;15;37.923659517
A3324;17700;64964;88856;DebtCon;Office;5;0;0;114.66761831;0;19;21.933006318
A3325;17700;111612;128416;DebtCon;;14;0;0;169.73348753;0;17;39.770628448
A3327;17700;50886;106673;HomeImp;Other;2;0;2;57.090659606;1;10;40.85911311
A3328;17700;60260;90196;HomeImp;ProfExe;11;0;1;177.85484553;0;14;29.60717111
A3329;17700;36253;57420;DebtCon;ProfExe;3;0;0;267.78350875;1;34;37.934570083
A3330;17700;;56402;DebtCon;Office;3;0;0;91.04574898;2;8;38.685506283
A3331;17700;107395;133433;DebtCon;ProfExe;6;0;0;96.157561735;0;13;27.592277381
A3332;17700;71399;96588;HomeImp;ProfExe;7;0;0;83.59853183;0;16;33.626585668
A3333;17700;98476;136319;DebtCon;Office;2;;;110.73572859;3;16;32.221024839
A3334;17700;85150;113104;DebtCon;ProfExe;11;0;0;148.0652591;2;19;38.962872064
A3336;17700;47064;71698;DebtCon;ProfExe;3;0;0;244.51806442;3;32;30.403203826
A3339;17700;72911;97317;DebtCon;Mgr;1;0;0;82.39838379;0;17;25.329250867
A3340;17700;82302;111228;HomeImp;ProfExe;4;0;0;118.4559036;0;25;37.160561204
A3341;17800;61494;85864;DebtCon;Other;2;0;0;303.83765082;3;15;40.246312084
A3342;17800;38770;64357;DebtCon;Other;17;0;0;282.9357846;0;21;27.97949547
A3343;17800;39686;67246;DebtCon;;5;0;0;114.18355498;1;10;27.575809699
A3344;17800;83080;108348;HomeImp;ProfExe;1;0;0;132.6098608;0;25;36.459087678
A3345;17800;;95639;;Other;;0;0;179.84935161;1;9;33.142257222
A3346;17800;107736;113100;DebtCon;Other;1;0;0;135.12322489;2;20;38.937112238
A3347;17800;56956;74305;DebtCon;Office;0;0;0;187.18332939;0;24;31.817471916
A3348;17800;60611;89943;DebtCon;Office;29;0;0;208.46653704;0;21;30.813240588
A3350;17800;68889;85642;DebtCon;Other;0;2;2;105.76796088;2;25;34.629922009
A3351;17800;100277;163702;;Other;;1;;256.85447121;;24;36.354036449
A3352;17800;51689;115660;DebtCon;ProfExe;16;0;0;270.04499102;0;19;27.467001805
A3353;17800;137169;182280;DebtCon;Mgr;12;0;0;241.37530714;0;21;28.846448119
A3354;17800;13839;171378;HomeImp;Mgr;23;0;0;86.702624803;2;21;31.359609533
A3355;17800;13660;173360;HomeImp;Mgr;23;0;0;78.838898801;2;21;30.062792323
A3356;17800;8642;88369;HomeImp;Other;13;0;0;265.02210303;0;22;26.480792368
A3357;17800;36902;57622;HomeImp;Other;9;0;0;121.87970265;0;10;19.142116568
A3358;17800;54003;116434;DebtCon;ProfExe;18;0;0;268.71530396;0;19;24.251971765
A3359;17800;69306;94504;HomeImp;ProfExe;7;0;0;85.850829978;0;15;32.294216902
A3360;17800;56432;157665;DebtCon;ProfExe;20;0;0;238.16689863;0;27;20.079334384
A3361;17800;44326;79651;DebtCon;ProfExe;4;0;0;246.7969491;3;32;32.509012068
A3362;17900;70046;135917;DebtCon;Self;1;1;2;138.01100827;0;16;38.289202295
A3363;17900;37265;53214;DebtCon;ProfExe;2;0;0;259.96383104;0;34;39.831500564
A3364;17900;62697;89848;DebtCon;Office;7;0;0;113.05889691;0;19;24.072191356
A3365;17900;72501;94488;DebtCon;Office;1;0;0;162.38956192;3;19;29.961189014
A3367;17900;63559;81536;HomeImp;ProfExe;13;0;3;176.87076849;0;13;26.189767088
A3368;17900;66823;91680;DebtCon;Mgr;0;0;0;89.43649279;0;18;27.710657289
A3369;17900;38233;63578;DebtCon;;6;1;0;79.1215828;2;9;26.518830695
A3370;17900;70444;95860;HomeImp;Office;7;;;95.684254766;0;11;38.142822739
A3371;17900;96450;135822;HomeImp;ProfExe;6;0;1;90.3;6;5;
A3372;17900;102054;143103;DebtCon;Office;5;;;125.85853903;2;16;32.847435051
A3373;17900;56273;111507;HomeImp;Office;1;;2;123.02256355;1;23;39.491487113
A3374;17900;51080;92051;HomeImp;Mgr;10;0;0;117.08978536;0;31;42.373232999
A3375;17900;46342;68029;DebtCon;Mgr;26;1;0;279.00708055;1;17;36.07297543
A3377;17900;68779;98623;DebtCon;Mgr;1;0;0;83.861641243;0;17;26.405666645
A3379;18000;68000;98898;DebtCon;Office;10;0;0;206.96666667;2;13;
A3380;18000;49255;61752;DebtCon;Other;8;0;0;122.06196718;3;49;30.033722382
A3381;18000;62216;85503;DebtCon;Other;3;0;0;307.25070127;2;15;41.439390666
A3383;18000;63508;94991;DebtCon;Office;1;0;0;155.88472429;0;25;23.58566428
A3384;18000;65836;100292;HomeImp;ProfExe;22;0;0;237.10163194;0;24;36.33819671
A3386;18000;72152;102671;HomeImp;ProfExe;7;0;0;84.639348205;0;16;32.886875225
A3389;18000;23252;50750;DebtCon;ProfExe;16;0;0;180.6;1;20;
A3392;18000;23000;46000;DebtCon;Other;0.2;;;312.53333333;;25;
A3393;18000;7051;66200;DebtCon;Office;;0;0;250.56666667;0;22;
A3394;18000;88000;131300;DebtCon;Mgr;14;0;0;179.56666667;2;26;
A3396;18000;94554;119000;HomeImp;Mgr;1;0;1;308.46666667;1;20;
A3397;18000;90000;120600;DebtCon;Office;25;0;0;272.93333333;3;17;
A3398;18000;45000;68500;DebtCon;ProfExe;10;0;0;190.8;1;42;
A3399;18000;56000;78000;DebtCon;;4;0;0;108.53333333;0;16;
A3400;18000;62000;160800;HomeImp;ProfExe;15;0;0;129.83333333;1;11;
A3402;18000;57988;86970;DebtCon;Other;16;0;0;165.33333333;2;14;
A3405;18000;47000;69000;DebtCon;Other;6;3;2;110.63333333;2;24;
A3406;18000;52301;79959;DebtCon;Other;1;;1;290.2806482;0;9;37.16369797
A3407;18000;55169;114786;HomeImp;Office;2;;2;120.15410625;0;24;37.547732856
A3408;18000;100822;118817;DebtCon;ProfExe;0;0;0;126.42643974;0;30;37.877411067
A3410;18000;161413;196860;DebtCon;Other;7;0;0;;2;16;30.778166837
A3411;18000;90275;135792;DebtCon;Mgr;13;0;0;178.66176401;1;26;33.336960792
A3412;18000;74162;89823;DebtCon;Other;0;2;1;121.76146583;1;26;34.025207507
A3413;18000;114000;147140;DebtCon;Other;5;0;0;122.73333333;2;13;
A3415;18000;54196;71412;DebtCon;ProfExe;10;0;0;189.87427039;1;42;37.352105103
A3416;18000;41814;62845;HomeImp;Other;27;0;0;244.88185992;0;14;23.537045228
A3417;18000;;97026;;Other;;0;0;182.59781573;1;9;30.675510367
A3418;18000;107546;176314;DebtCon;Office;6;0;0;218.01938613;3;23;40.15214366
A3419;18100;81916;104048;DebtCon;Other;0;0;0;154.4259959;0;18;33.678025773
A3423;18100;23590;215548;DebtCon;Mgr;10;7;2;136.5300202;10;41;33.272297524
A3424;18100;57864;164069;DebtCon;ProfExe;19;0;0;247.54527102;0;27;21.469271809
A3425;18100;71814;89941;DebtCon;Other;10;0;0;83.167810785;3;11;32.285405494
A3426;18100;62783;86066;DebtCon;Other;0;0;0;293.35858684;2;15;43.617714297
A3427;18100;89454;119019;DebtCon;Other;13;0;0;127.24619628;1;8;37.525272691
A3428;18100;112832;182418;DebtCon;Office;8;0;0;230.07213106;3;23;40.298698909
A3429;18100;95322;119643;HomeImp;Mgr;2;0;0;313.60338664;1;20;42.119285302
A3430;18100;22203;138057;DebtCon;Other;8;0;0;356.90906747;1;10;40.874382077
A3431;18100;73356;86885;DebtCon;Other;10;0;0;73.746710533;3;12;31.571018889
A3432;18100;27186;77694;HomeImp;Other;;0;0;249.4133616;0;50;43.727930478
A3434;18100;23928;55734;DebtCon;ProfExe;17;0;0;175.89535449;0;19;37.945522273
A3435;18100;32554;92419;DebtCon;ProfExe;8;0;0;164.90961318;1;20;29.016609979
A3436;18100;18611;171194;HomeImp;Self;5;0;0;313.03794532;0;26;27.199154012
A3440;18200;67809;89339;DebtCon;Sales;0;3;0;102.46098622;2;19;38.345340781
A3441;18200;13925;94898;DebtCon;Other;22;0;0;223.90191801;2;41;35.998225405
A3442;18200;34593;56658;DebtCon;Other;15;0;0;126.04800979;1;18;36.926634786
A3443;18200;49653;159076;DebtCon;ProfExe;20;0;0;231.54972268;0;27;20.415931614
A3446;18200;4447;21510;DebtCon;Other;;0;0;67;2;19;
A3447;18200;139000;171350;DebtCon;Other;0.1;0;1;102.5;7;18;
A3448;18200;97146;124195;DebtCon;Office;24;0;0;278.3074217;2;17;32.721694978
A3451;18200;4927;30198;DebtCon;Other;;0;0;89.599838668;1;19;41.230526879
A3452;18200;53646;156048;DebtCon;ProfExe;20;0;0;232.29712557;0;27;20.856067533
A3453;18200;120966;208782;DebtCon;Other;4;0;0;202.53433338;0;17;27.436646043
A3454;18200;62141;90434;DebtCon;Office;0;0;0;69.410776649;0;22;35.357287245
A3455;18200;68743;92112;DebtCon;Mgr;0;0;0;95.34376502;0;16;26.692666627
A3456;18200;95091;113294;DebtCon;ProfExe;15;0;3;188.50461695;0;36;78.654386048
A3458;18200;63852;93356;DebtCon;Other;1;0;0;181.91176992;0;31;33.209409246
A3460;18200;57980;79265;DebtCon;Other;16;0;0;194.05429283;0;20;37.725760606
A3461;18300;40018;65355;DebtCon;Other;16;1;0;287.97462979;0;21;28.362882965
A3462;18300;90337;103864;HomeImp;ProfExe;3;0;0;118.53458669;0;25;39.720488984
A3463;18300;109437;114900;DebtCon;Other;1;0;0;138.17185084;1;20;38.332316894
A3464;18300;55584;95236;;ProfExe;10;0;0;;1;15;24.590633188
A3465;18300;121001;210685;DebtCon;Other;2;0;0;192.97728543;0;16;26.860500326
A3466;18300;26982;59552;DebtCon;ProfExe;15;0;0;183.61441489;1;19;36.299617975
A3468;18300;109192;139384;DebtCon;ProfExe;6;0;0;122.86557582;0;14;29.397593104
A3469;18300;90099;118545;DebtCon;ProfExe;12;0;0;140.51585064;3;18;38.899231691
A3473;18300;73510;95132;DebtCon;Mgr;0;0;0;86.684295749;0;17;25.244046294
A3474;18300;93728;153093;HomeImp;ProfExe;5;0;0;109.33710593;0;16;36.213987487
A3475;18300;68096;99051;DebtCon;Mgr;1;0;0;85.843161697;0;17;27.633516483
A3476;18300;68517;97151;HomeImp;ProfExe;7;0;0;77.521818836;0;15;32.004056088
A3477;18300;12169;93564;HomeImp;Other;13;0;1;274.48139853;0;23;30.269218177
A3478;18300;89455;124840;DebtCon;ProfExe;13;;;148.76466054;;24;29.962401502
A3479;18300;67550;95440;DebtCon;Office;3;0;0;154.15011358;0;25;22.854999265
A3480;18400;68655;94322;HomeImp;ProfExe;8;0;0;76.794701258;0;15;32.74121014
A3481;18400;89101;118748;DebtCon;ProfExe;7;0;0;153.84976303;2;21;21.76282696
A3482;18400;65519;89276;DebtCon;Other;0;1;2;123.09855199;2;26;36.354203237
A3484;18400;94280;122172;DebtCon;Office;23;0;0;280.04883361;2;16;33.363528658
A3486;18400;61049;96397;DebtCon;Office;2;0;0;80.155757172;0;23;35.425579192
A3488;18400;72718;98065;DebtCon;Other;8;0;0;119.05781713;0;19;35.364128433
A3489;18400;116228;148722;DebtCon;Other;1;0;0;159.16923466;2;25;38.079761822
A3490;18400;110580;137926;DebtCon;ProfExe;6;0;0;93.432749909;0;13;29.116887715
A3491;18400;94952;129177;DebtCon;ProfExe;12;;;140.48070351;;24;29.967505846
A3492;18400;83548;111626;DebtCon;ProfExe;9;0;0;163.85439342;3;17;37.078117787
A3494;18400;40673;60418;HomeImp;Other;27;0;0;247.64957888;0;13;24.980298956
A3495;18400;41730;59750;DebtCon;;6;1;0;109.96140649;1;10;27.911845443
A3496;18400;48970;69559;DebtCon;ProfExe;20;0;0;178.01583301;0;23;39.707988067
A3498;18400;43188;68876;DebtCon;Other;;0;0;199.00057602;6;25;41.006103287
A3499;18400;62300;95869;DebtCon;Other;2;0;0;172.75912343;1;31;35.189447274
A3500;18500;57174;91772;HomeImp;ProfExe;4;0;0;129.66321658;0;13;28.904478844
A3501;18500;46555;69186;DebtCon;ProfExe;19;0;0;187.23013253;0;22;38.188143858
A3502;18500;;94125;;Other;;1;0;178.64563647;0;11;30.931410217
A3504;18500;14517;95150;HomeImp;Other;11;0;0;272.03410245;0;22;27.478583037
A3505;18500;102472;115719;DebtCon;ProfExe;0;0;0;120.09026456;0;30;34.243440963
A3506;18500;10934;66367;DebtCon;Sales;1;0;0;326.56732823;0;5;38.151671011
A3507;18500;14111;71628;DebtCon;Office;;0;0;246.99093051;0;22;39.611541723
A3508;18500;65165;90805;DebtCon;Office;2;0;0;160.73226514;0;25;25.372047645
A3509;18500;81938;106187;DebtCon;ProfExe;2;0;0;282.90060926;1;21;40.038841103
A3510;18500;23618;37539;;Office;1;0;0;199.7237771;0;15;36.982729198
A3511;18500;67686;95949;HomeImp;ProfExe;9;0;0;78.949070691;0;16;31.808242985
A3512;18500;42683;68000;DebtCon;Office;3;0;0;229.3;0;12;
A3513;18500;67290;95750;DebtCon;Other;;2;1;237.1;2;14;
A3514;18500;71000;95000;DebtCon;Mgr;6;0;0;71;7;24;
A3515;18500;49367;71485;DebtCon;ProfExe;10;0;0;175.38704889;1;42;37.772221651
A3516;18500;99474;127470;DebtCon;Office;22;0;0;287.00225626;3;16;30.996027629
A3517;18500;38145;59415;HomeImp;Other;25;0;0;241.89735737;0;14;23.870792259
A3519;18600;72860;90347;DebtCon;Other;0;1;1;104.04046687;2;26;36.025925278
A3520;18600;73473;105848;HomeImp;Mgr;9;0;4;186.71283572;1;14;27.646036576
A3521;18600;84874;115759;DebtCon;ProfExe;9;0;0;146.06981083;3;18;39.834319933
A3522;18600;47199;70134;DebtCon;Other;8;0;0;86.558860141;3;15;43.507938545
A3523;18600;23850;61808;HomeImp;Other;12;0;0;46.946164052;0;8;40.852927503
A3524;18600;60709;89683;DebtCon;Other;1;0;0;316.31385839;2;16;43.756566038
A3526;18600;96993;134785;DebtCon;Mgr;14;0;0;173.89751303;2;25;33.363269718
A3527;18600;23792;79716;HomeImp;Other;;0;0;238.78983667;0;50;42.127124258
A3528;18600;14167;71194;DebtCon;Office;;0;0;264.01712414;0;21;40.246901138
A3529;18600;98200;123662;DebtCon;Office;0;;3;241.64223157;0;29;41.05065735
A3530;18600;100144;153751;HomeImp;ProfExe;4;0;0;93.662170489;0;16;34.892733618
A3531;18600;20915;40098;;Office;2;0;0;213.45053689;0;16;40.250033734
A3532;18600;38674;63641;HomeImp;Other;23;0;0;245.04937197;0;13;25.180989842
A3533;18600;50167;96312;DebtCon;ProfExe;5;0;0;128.33943385;1;21;36.377322201
A3535;18600;119741;212530;DebtCon;Other;4;1;0;202.28857763;0;17;27.07376116
A3536;18600;48711;69611;HomeImp;Office;2;0;0;130.25313366;0;17;33.691188019
A3537;18600;64248;82690;DebtCon;Mgr;0;1;0;89.189005469;0;23;53.848219887
A3538;18600;49385;70220;DebtCon;ProfExe;6;0;0;229.474919;2;32;30.731396529
A3539;18600;57300;8000;DebtCon;Other;6;;;68;1;17;
A3540;18600;132785;155644;DebtCon;Mgr;;0;0;225.72750616;0;20;37.32857399
A3541;18600;43438;69441;DebtCon;Office;1;0;0;229.2744494;0;11;35.800071424
A3542;18600;;95085;;Other;;0;0;175.78799489;1;10;32.250915334
A3543;18600;;20700;DebtCon;ProfExe;6;0;0;104.53333333;1;19;
A3544;18600;80970;101244;DebtCon;ProfExe;0;0;0;272.88259897;2;20;39.808993217
A3545;18600;15243;172611;HomeImp;Mgr;25;0;0;73.441538538;2;21;29.095882796
A3546;18600;51936;75278;DebtCon;ProfExe;3;0;0;199.80175424;0;21;36.995645842
A3547;18600;96476;119780;DebtCon;Office;0;;2;264.15312468;0;29;40.805743364
A3548;18700;37883;64763;HomeImp;Other;25;0;0;236.99683653;0;13;23.621203075
A3549;18700;58498;90135;DebtCon;Office;30;0;0;199.10927232;0;21;33.182239494
A3550;18700;65458;84639;DebtCon;Other;0;1;2;97.146544029;2;25;33.690687903
A3551;18700;39441;71345;DebtCon;Other;11;0;4;132.83675752;0;13;27.691648158
A3552;18700;69954;104510;DebtCon;Office;10;0;0;211.24331121;2;13;33.549858765
A3554;18700;47903;63933;HomeImp;Office;3;0;0;120.41804194;1;17;32.977596653
A3555;18700;136790;178135;DebtCon;Mgr;12;0;0;246.95441969;0;21;30.11861356
A3557;18700;63990;94035;;ProfExe;9;0;0;;0;14;25.783356591
A3558;18700;110292;132953;DebtCon;ProfExe;7;0;0;105.4248876;0;14;30.552752321
A3559;18700;50354;79011;DebtCon;Other;1;;1;290.82702957;1;10;35.139034361
A3560;18700;68196;89641;DebtCon;Other;0;2;1;112.97604123;1;26;34.414621628
A3561;18700;93210;109980;DebtCon;ProfExe;7;0;0;145.48592651;2;20;22.496235519
A3562;18700;70562;91223;DebtCon;Other;27;0;2;112.71036806;4;35;64.272476898
A3563;18700;66197;83151;HomeImp;ProfExe;12;0;2;157.94598178;0;14;29.349485795
A3564;18700;66891;94454;DebtCon;Office;0;0;0;160.71128201;3;20;32.784193505
A3565;18700;66003;82410;DebtCon;Mgr;0;1;0;85.77380757;1;23;51.517385302
A3566;18700;45365;71853;DebtCon;Other;7;0;0;98.456484436;3;15;41.388747587
A3569;18700;118208;130216;DebtCon;;14;0;0;190.95732454;0;17;40.748234633
A3571;18800;110098;120662;DebtCon;Other;0;0;0;122.16982106;1;21;39.322315408
A3572;18800;77025;103322;HomeImp;ProfExe;8;0;0;87.133722098;0;15;33.405896838
A3573;18800;70102;99841;HomeImp;ProfExe;10;0;0;68.168572872;0;16;32.853794362
A3574;18800;67666;167619;HomeImp;ProfExe;14;0;0;135.95180823;1;11;47.590528653
A3575;18800;166737;199303;DebtCon;ProfExe;9;0;0;270.88268753;1;38;25.532128787
A3576;18800;73396;137076;DebtCon;Office;18;0;1;163.59204517;4;20;40.375372412
A3577;18800;96272;163250;DebtCon;Mgr;2;0;0;204.49258593;1;19;37.868355391
A3579;18800;7739;65181;DebtCon;Sales;0;0;0;315.23089754;0;6;37.983557776
A3582;18800;102120;165302;;Other;;0;;274.11292609;;24;40.105029842
A3583;18800;91731;125902;DebtCon;Office;24;0;0;276.7274249;2;16;32.294304005
A3584;18800;22782;60590;HomeImp;ProfExe;8;0;0;198.87639548;0;13;30.329929987
A3585;18800;88828;116683;DebtCon;ProfExe;6;0;0;141.84139798;1;20;21.679278339
A3587;18900;;49442;DebtCon;Office;2;0;0;76.571848001;1;9;38.8759867
A3588;18900;87081;115165;DebtCon;Other;13;0;0;120.46218617;1;8;34.400376562
A3589;18900;83474;104133;HomeImp;ProfExe;4;0;0;109.9887849;1;24;38.864019539
A3590;18900;34583;59247;DebtCon;Other;15;0;0;89.340627109;0;17;39.990188361
A3591;18900;91784;117626;DebtCon;Other;21;0;0;280.1234728;0;16;25.67302186
A3592;18900;87657;117577;DebtCon;ProfExe;9;0;0;142.46649495;2;19;39.96618165
A3594;18900;51075;78045;DebtCon;Office;2;1;5;74.091196034;1;15;42.198282202
A3595;18900;39727;68477;DebtCon;Office;11;0;2;134.27984227;0;22;40.42119971
A3596;18900;17800;40798;DebtCon;Office;6;2;0;167.46666667;2;16;
A3597;18900;68315;98175;HomeImp;Mgr;14;0;0;161.33333333;0;28;
A3598;18900;127559;154545;DebtCon;Mgr;;0;0;216.66951535;0;18;36.915878204
A3599;18900;55238;112776;DebtCon;ProfExe;16;0;0;251.54939236;0;19;25.769499901
A3600;18900;123206;205608;DebtCon;Other;4;0;0;201.30237176;0;17;27.527502021
A3602;18900;100416;161147;DebtCon;Mgr;1;0;0;216.09704957;1;18;38.460499883
A3603;18900;44605;65489;DebtCon;ProfExe;15;0;0;189.00845586;0;23;38.57108327
A3605;18900;61429;84990;DebtCon;ProfExe;8;3;1;166.17939921;2;64;40.436704805
A3608;18900;103130;120119;DebtCon;Other;7;0;0;292.7517427;1;19;30.681688914
A3609;18900;64290;87837;DebtCon;Other;2;0;0;309.00545799;3;15;42.168358483
A3610;18900;82537;117610;DebtCon;Mgr;16;0;0;233.84853474;5;30;39.064892967
A3611;19000;52157;157459;DebtCon;ProfExe;19;0;0;248.72353316;0;28;21.92019846
A3612;19000;62356;92299;DebtCon;Office;0;0;0;60.294143175;0;23;34.816959504
A3614;19000;43479;78631;DebtCon;Other;1;;1;301.40369147;1;10;38.253096875
A3615;19000;172108;195892;DebtCon;ProfExe;10;0;0;276.76334062;0;38;24.475689897
A3616;19000;130291;168187;DebtCon;Office;3;0;0;140.68934288;0;20;24.788150207
A3617;19000;167104;200184;DebtCon;ProfExe;9;0;0;256.64834362;0;38;23.668678492
A3618;19000;22236;169461;HomeImp;Self;7;0;0;296.08019369;0;27;27.640018057
A3619;19000;75673;100335;HomeImp;ProfExe;8;0;0;93.159544907;0;16;33.518480526
A3622;19000;47400;80000;DebtCon;Other;12;0;0;95.366666667;1;10;
A3623;19000;43074;75700;;;;;;;;;
A3624;19000;122000;158000;DebtCon;Office;2;;1;374.03333333;;52;
A3625;19000;145800;190300;DebtCon;ProfExe;13;;;109.66666667;1;24;
A3626;19000;42000;64000;DebtCon;Mgr;9;0;0;30.466666667;3;8;
A3627;19000;64758;119780;DebtCon;ProfExe;19;0;4;349;0;20;
A3628;19000;46300;72000;DebtCon;ProfExe;5;1;1;215.03333333;6;24;
A3629;19000;171106;200000;DebtCon;Other;9.8;3;0;153.16666667;0;26;
A3630;19000;93050;118000;DebtCon;Office;1;0;0;40.566666667;0;10;
A3631;19000;104176;165086;;Other;;0;;254.74248035;;24;39.613205573
A3632;19000;105200;130000;HomeImp;Self;5;1;0;237.43333333;1;27;
A3633;19000;165988;217000;DebtCon;Office;13;0;0;214.03333333;1;32;
A3634;19000;100670;122581;DebtCon;Mgr;10;0;;81.252547416;0;27;41.863631054
A3635;19000;24658;47027;HomeImp;Mgr;19;0;0;159.10522518;4;31;53.548195849
A3636;19000;15100;23200;HomeImp;Other;3.2;1;1;64.9;3;21;
A3637;19000;105729;172555;DebtCon;Office;6;0;0;216.43903593;4;23;41.046748124
A3638;19000;42488;65636;DebtCon;Other;7;0;0;90.676444354;3;14;42.226716481
A3640;19100;31442;57151;DebtCon;Other;16;0;0;100.03263589;1;17;39.907041625
A3641;19100;105111;176829;DebtCon;Office;6;0;0;211.40033751;4;24;41.413123846
A3642;19100;46406;64413;DebtCon;Other;16;0;0;285.72525765;0;22;30.774536167
A3643;19100;129111;197592;HomeImp;ProfExe;12;0;0;207.15517384;0;21;36.141777843
A3644;19100;48730;115967;DebtCon;ProfExe;15;0;0;264.91508429;0;19;25.40820478
A3646;19100;22094;61820;HomeImp;ProfExe;5;0;0;201.13547773;0;13;28.888876198
A3647;19100;73217;93033;DebtCon;Other;1;2;1;113.69456607;2;26;36.384163815
A3648;19200;68902;98737;DebtCon;Office;1;0;0;166.81657408;4;19;33.035075976
A3649;19200;54483;81690;DebtCon;Other;16;0;0;198.70251643;0;21;37.749426528
A3650;19200;62334;91300;DebtCon;Mgr;8;0;1;92.333333333;4;13;
A3651;19200;73339;95426;DebtCon;Office;1;0;0;169.97974973;4;19;33.299295759
A3652;19200;101641;160839;;Other;;1;;260.83499293;;23;37.123604306
A3653;19200;83591;109772;HomeImp;ProfExe;4;0;0;101.49881202;1;25;37.077041528
A3654;19200;96401;115545;DebtCon;ProfExe;7;0;0;128.71451378;1;20;22.187289994
A3655;19200;153722;199812;DebtCon;ProfExe;13;;;121.94291622;0;24;29.802859083
A3656;19200;65206;13933;DebtCon;Other;7;;;57.59183135;0;16;42.50243535
A3657;19200;62215;76573;DebtCon;Other;18;0;0;199.87564576;1;21;36.02366277
A3658;19200;32417;97000;HomeImp;Other;6;0;0;130.86666667;0;15;
A3661;19200;31307;60202;DebtCon;ProfExe;18;0;0;170.5812991;1;20;35.600544953
A3662;19300;109000;135000;DebtCon;Office;3;0;0;98.433333333;13;14;
A3663;19300;83141;112096;DebtCon;Mgr;15;0;0;255.78828901;5;31;35.514487999
A3664;19300;84425;119351;DebtCon;Mgr;15;0;0;238.66869708;4;31;38.298278157
A3665;19300;50554;76140;DebtCon;Mgr;9;2;0;78.276625282;3;27;36.026904369
A3666;19300;53710;78082;DebtCon;Other;5;;;114.14269623;0;7;36.991343492
A3667;19300;148542;195791;DebtCon;ProfExe;12;;;110.32763507;0;23;30.536610591
A3668;19300;73668;89061;DebtCon;Other;0;2;1;113.45356121;2;25;33.498815377
A3669;19300;31950;53814;DebtCon;ProfExe;17;0;0;178.45963721;1;20;37.134712329
A3670;19300;27747;43740;DebtCon;Office;7;1;0;167.65798082;1;16;35.086070551
A3671;19300;76807;103026;HomeImp;Mgr;13;0;0;169.24875269;0;27;34.876358722
A3672;19300;99714;126965;HomeImp;Mgr;0;0;1;301.75357401;1;20;43.290941693
A3673;19300;152000;182000;HomeImp;Self;1;;;;;;
A3674;19300;39926;101208;HomeImp;Other;4;0;0;140.05163825;0;14;31.545694154
A3675;19300;33970;102792;HomeImp;Other;6;0;0;145.02024526;0;14;31.874217469
A3676;19300;98769;121140;HomeImp;Mgr;0;0;1;313.92451539;0;20;43.085543048
A3678;19300;91004;116827;DebtCon;ProfExe;6;0;0;163.28211809;1;20;20.206032584
A3679;19300;51580;83518;DebtCon;Other;13;0;0;89.525931995;0;9;7.1484132133
A3680;19300;96454;157809;DebtCon;Other;3;0;0;1168.2335609;0;0;40.206138263
A3681;19300;72752;106084;DebtCon;Office;11;0;0;193.7070998;1;13;30.686105632
A3682;19400;39928;106271;HomeImp;Other;6;0;0;129.17827724;0;14;31.922154922
A3683;19400;45036;78900;;;;;;;;;40.023967978
A3684;19400;63508;12414;DebtCon;Other;5;;;64.407604619;1;16;40.570169157
A3685;19400;167450;200902;DebtCon;ProfExe;9;0;0;264.69798241;1;37;25.630798735
A3686;19400;51360;76100;DebtCon;Office;1;0;0;222.83211812;0;11;36.263336197
A3687;19400;39334;103578;HomeImp;Other;6;0;0;127.5305161;0;15;31.367627185
A3688;19400;53000;82800;DebtCon;Other;18;0;0;206.96666667;1;22;
A3689;19400;109812;172705;DebtCon;Office;5;0;0;204.10541489;3;23;43.338407206
A3690;19400;110745;173474;DebtCon;Office;6;0;0;217.40670533;4;23;42.220407153
A3691;19400;86219;126904;HomeImp;Other;0;0;0;;0;0;34.480849784
A3692;19400;178000;219300;HomeImp;ProfExe;12;0;0;214.36666667;0;26;
A3693;19400;52677;80424;DebtCon;Mgr;9;2;0;65.847530367;2;28;34.950823101
A3694;19400;71515;100771;DebtCon;Other;;1;1;223.17108437;2;13;40.705043705
A3696;19500;100077;122352;DebtCon;Office;3;0;0;58.861027463;0;9;38.121518334
A3697;19500;51333;77732;;;;;;;;;37.398316563
A3699;19500;98718;122659;HomeImp;Mgr;0;0;1;324.25708383;0;20;42.546020912
A3700;19500;88909;140092;DebtCon;Mgr;13;0;0;163.56250439;1;25;33.005016664
A3701;19500;9475;30000;DebtCon;Other;0;1;0;33.466666667;2;4;
A3702;19500;105000;138375;DebtCon;Office;12;0;2;219.13333333;0;25;
A3703;19500;50000;89100;;ProfExe;7;2;1;86.233333333;4;25;
A3705;19500;8861;170687;HomeImp;Mgr;23;0;0;76.788495476;2;20;31.584002863
A3706;19500;58474;89240;DebtCon;Office;6;;;172.87214555;;15;38.823782794
A3707;19500;52080;89913;DebtCon;Other;12;0;0;110.76030661;0;9;4.337283357
A3708;19500;58638;13930;DebtCon;Other;4;;;69.005027135;0;16;42.50002486
A3709;19500;48835;72566;DebtCon;ProfExe;9;0;0;191.27539659;1;42;39.612425643
A3710;19500;10506;70945;DebtCon;Office;;0;0;247.79199149;0;22;39.755605133
A3711;19500;100446;121516;HomeImp;Mgr;0;0;0;306.11110407;1;20;43.021823381
A3712;19600;64000;90000;DebtCon;Mgr;9;0;0;195.8;2;19;
A3713;19600;117646;149975;DebtCon;Other;4;0;0;114.21361486;1;12;31.222802648
A3714;19600;94419;123705;DebtCon;Self;19;;2;92.739380404;0;22;84.379034083
A3715;19600;55169;86203;DebtCon;Other;18;0;0;223.60332921;1;22;33.755272795
A3716;19600;109500;136000;DebtCon;ProfExe;12;2;0;183.96666667;3;32;
A3717;19600;33284;61824;DebtCon;Other;14;0;0;119.47307291;1;17;37.784523666
A3718;19600;53662;80055;DebtCon;Other;6;;;99.085542373;0;8;37.518297806
A3719;19600;49984;84519;DebtCon;Other;12;0;0;92.811333225;0;10;7.6140654223
A3720;19600;85984;112721;DebtCon;Mgr;18;0;0;239.13779406;4;31;36.031180289
A3721;19600;128876;162994;DebtCon;Office;2;;1;382.31221703;;52;36.06796344
A3722;19700;33529;61209;DebtCon;Other;17;0;0;112.15874119;0;18;40.725296117
A3723;19700;49793;113200;DebtCon;ProfExe;16;0;0;251.10419791;0;19;25.033745755
A3724;19700;62351;84624;DebtCon;Mgr;0;1;0;88.126516775;1;22;54.241334737
A3725;19700;93040;113362;DebtCon;ProfExe;6;0;0;135.81385685;3;21;19.704394465
A3726;19700;32989;75950;DebtCon;ProfExe;9;0;0;283.1;0;19;
A3727;19700;23921;134867;DebtCon;Other;9;0;0;374.1271833;0;10;38.865655196
A3728;19700;60999;89841;DebtCon;Office;0;0;0;82.103881006;0;22;36.279990349
A3729;19700;5700;24457;DebtCon;Other;;0;0;60.156329912;1;19;41.363878281
A3731;19700;70709;97394;DebtCon;Mgr;0;0;0;94.860466383;0;17;25.556707636
A3732;19700;139534;172125;DebtCon;Other;0;0;0;101.94351853;6;17;32.761083981
A3733;19700;19349;133226;DebtCon;Other;9;0;0;342.31635733;1;9;40.147908351
A3734;19800;73557;95770;DebtCon;Mgr;0;0;0;70.029159184;0;17;25.596617373
A3736;19800;51454;68073;HomeImp;Office;1;0;0;130.97479082;0;17;32.304944123
A3737;19800;47488;77916;;;;;;;;;37.308246697
A3738;19800;99137;121781;HomeImp;Mgr;4;0;1;302.1278732;1;20;39.510628341
A3739;19800;13830;85587;DebtCon;Other;20;0;0;229.51829511;3;40;35.311065856
A3740;19800;63701;14609;DebtCon;Other;4;;;62.359738199;1;17;41.874197914
A3742;19800;69174;95154;HomeImp;ProfExe;6;0;0;59.459256192;0;16;31.254821634
A3744;19900;128219;162012;DebtCon;Office;1;;0;374.02376692;;52;37.888166956
A3746;19900;64620;91504;DebtCon;Office;6;;;178.57486595;;16;37.725801189
A3747;19900;45748;82516;;;;;;;;;39.313878015
A3748;19900;96435;130019;DebtCon;Office;27;0;0;274.2825562;3;16;32.469202654
A3751;19900;93619;130000;DebtCon;Office;9;2;5;210.96666667;2;18;
A3753;19900;68830;107598;DebtCon;Office;10;0;0;202.93419537;2;13;30.957516266
A3754;19900;4641;23636;DebtCon;Other;;0;0;63.535254747;1;19;40.442378233
A3755;19900;16232;70592;DebtCon;Office;;0;0;242.36540259;0;22;39.446251418
A3756;19900;74193;94078;HomeImp;ProfExe;7;0;0;81.414351704;0;15;32.033550455
A3757;19900;78142;102085;HomeImp;Mgr;12;0;0;160.36703279;0;27;34.099757111
A3758;20000;59936;12737;DebtCon;Other;5;;;63.395400361;0;17;40.446579317
A3759;20000;38955;80680;DebtCon;ProfExe;8;0;0;295.3007793;0;18;40.390956012
A3760;20000;9647;31920;DebtCon;Other;0;1;0;24.686231454;1;3;28.94036033
A3761;20000;43087;61438;DebtCon;Other;14;0;0;276.56241531;0;20;29.295178776
A3762;20000;99000;140000;HomeImp;;;;;;;;
A3763;20000;72000;103000;DebtCon;ProfExe;0.5;0;0;174.3;3;23;
A3764;20000;170706;224233;DebtCon;Office;11;0;0;207.03468454;0;32;41.102489224
A3765;20000;46775;70236;DebtCon;ProfExe;9;0;0;179.08237426;1;41;40.430695412
A3766;20000;68958;99875;DebtCon;ProfExe;11;1;1;117.66666667;0;23;
A3770;20000;145500;194000;HomeImp;Self;4.5;0;0;67.9;5;5;
A3771;20000;125000;165000;DebtCon;ProfExe;2;0;0;314.5;0;30;
A3772;20000;73400;94000;DebtCon;Mgr;9;0;0;270;2;14;
A3773;20000;99300;139150;HomeImp;ProfExe;10;0;0;162.36666667;1;23;
A3774;20000;69742.61;180000;;Other;11;0;0;366.3;1;17;
A3777;20000;30000;46500;HomeImp;Self;5;1;;127.6;;11;
A3780;20000;85704;94200;DebtCon;ProfExe;2;1;0;123.9;0;20;
A3781;20000;;73800;DebtCon;Sales;4;0;0;404.76666667;0;24;
A3782;20000;125000;162975;DebtCon;ProfExe;7;0;0;178.53333333;0;38;
A3783;20000;13316;50150;DebtCon;Other;26;0;2;214.03333333;0;25;
A3784;20000;32000;56373;DebtCon;Other;1;0;0;113.56666667;1;17;
A3785;20000;126324;171450;;Mgr;26;;5;329.56666667;1;28;
A3786;20000;;64928.84;HomeImp;Office;8;0;0;122.66666667;2;5;
A3787;20000;66820;100000;HomeImp;Other;5;0;0;217.26666667;1;13;
A3788;20000;56135;93234;HomeImp;ProfExe;18;0;0;630.03333333;1;24;
A3791;20000;49034;98250;DebtCon;Office;2;0;4;167.36666667;0;47;
A3792;20000;74368;105000;DebtCon;Other;;0;0;180.6;2;25;
A3793;20000;145000;117500;;ProfExe;5;0;0;96.4;3;34;
A3794;20000;56683;90600;DebtCon;Office;2;0;0;155.2;1;22;
A3795;20000;135631.66;177000;HomeImp;Mgr;8;0;0;321.63333333;0;17;
A3796;20000;;128042;HomeImp;Other;0;0;0;314.53333333;3;21;
A3797;20000;29400;52000;DebtCon;Other;;0;0;219.13333333;0;13;
A3798;20000;132436;180000;DebtCon;ProfExe;22;0;0;221.16666667;1;24;
A3799;20000;83205;132000;DebtCon;Other;11;0;0;97.4;3;15;
A3800;20000;127826;277500;HomeImp;Mgr;3;0;0;193.8;0;15;
A3802;20000;161000;204000;DebtCon;ProfExe;5;3;7;205.93333333;5;25;
A3803;20000;117820;154000;DebtCon;Mgr;3;0;0;70.998127341;0;29;
A3804;20000;60336;132430;DebtCon;Other;25;1;0;258.66666667;1;21;
A3805;20000;151982;;DebtCon;Self;;2;5;146.5;1;43;
A3807;20000;104000;139900;DebtCon;Other;15;1;1;95.366666667;4;49;
A3808;20000;16000;87300;DebtCon;Other;28;1;6;232.33333333;1;21;
A3810;20000;47696.03;112700;DebtCon;Other;16;0;3;123.76666667;0;23;
A3811;20000;14361;50000;DebtCon;Other;;0;1;216.06666667;1;10;
A3812;20000;143000;185625;DebtCon;Office;1.5;2;3;73.033333333;2;11;
A3813;20000;21300;308600;HomeImp;ProfExe;2;1;0;274.9;0;30;
A3814;20000;11000;75000;DebtCon;Other;7;1;3;267.83333333;1;23;
A3816;20000;70862;201500;;Mgr;9.3;0;1;290.16670565;1;25;
A3817;20000;87800;163800;;Mgr;14;2;6;244.06666667;;25;
A3818;20000;86019;94350;DebtCon;Other;3.7;0;1;119.7;0;16;
A3821;20000;77900;105400;DebtCon;Mgr;4;0;0;110.6;0;17;
A3822;20000;23140;47548;DebtCon;Other;1;;;322.00459581;;24;35.459509616
A3823;20000;27782;58313;DebtCon;ProfExe;16;0;0;185.17063715;1;20;38.68480699
A3826;20000;28440;91704;DebtCon;ProfExe;10;0;0;143.63743879;0;20;30.206893343
A3827;20000;9722;173518;HomeImp;Mgr;21;0;0;89.211954836;2;20;31.120877405
A3829;20000;;26507;DebtCon;ProfExe;7;0;0;92.426673817;1;19;20.683740382
A3830;20000;;130063;HomeImp;Other;2;0;0;323.90195474;2;21;32.314419378
A3832;20100;78915;119400;DebtCon;Mgr;18;0;0;232.82670618;4;30;36.648679723
A3834;20100;14749;74584;DebtCon;Office;;0;0;252.60593155;0;22;38.801877068
A3835;20100;38614;56295;HomeImp;Self;3;1;;132.61652146;;11;25.792653495
A3836;20100;20153;94279;DebtCon;Other;21;0;0;227.18251723;2;40;36.696630096
A3838;20100;70491;100797;DebtCon;Other;;2;0;247.03727185;2;14;40.272149382
A3839;20100;16755;29412;HomeImp;Other;3;1;0;62.050110801;2;21;58.132182899
A3841;20100;62661;87329;DebtCon;Other;18;0;0;198.34134329;0;22;32.83817817
A3842;20100;36486;46883;HomeImp;Self;3;0;;117.78337902;;10;24.851456756
A3844;20100;45764;79967;;;;;;;;;38.647727907
A3845;20100;59726;79982;DebtCon;Mgr;8;1;0;74.210758656;2;28;36.846921785
A3846;20100;57192;82870;DebtCon;Other;5;;;91.701436768;0;7;36.635230799
A3847;20100;104183;139637;HomeImp;ProfExe;10;0;0;162.00418077;1;23;34.624202813
A3849;20100;171132;201214;DebtCon;ProfExe;11;0;0;250.92306961;0;38;25.965532663
A3850;20100;137009;286955;HomeImp;Mgr;3;0;0;196.98411618;0;14;30.08535009
A3851;20100;84965;110676;DebtCon;Mgr;18;0;0;244.02972997;5;30;38.627830219
A3852;20200;105278;180304;DebtCon;Office;6;0;0;218.65781872;3;24;41.80676309
A3854;20200;88020;139200;DebtCon;Other;10;0;0;99.04640244;3;15;39.916957294
A3855;20200;25956;92553;DebtCon;ProfExe;7;0;0;156.2693203;0;21;28.290439504
A3857;20200;61303;97780;HomeImp;ProfExe;17;0;1;632.1031857;1;24;20.737039009
A3858;20200;;72469;HomeImp;Office;8;0;0;120.30325703;2;5;20.505771156
A3859;20200;137000;174685;DebtCon;ProfExe;6;;;183.66666667;5;43;
A3860;20200;35819;49843;HomeImp;Self;4;0;;121.10222953;;11;27.037512902
A3861;20200;51588;121752;DebtCon;ProfExe;14;0;0;253.24896672;0;20;26.43068063
A3862;20200;153084;196968;DebtCon;Other;6;0;0;;1;16;32.011799943
A3864;20200;33000;62400;HomeImp;Other;1;0;0;123.8;2;2;
A3865;20200;61477;98143;DebtCon;Office;1;0;0;156.92908886;0;21;36.099868346
A3866;20200;51449;69060;DebtCon;Office;2;0;0;216.21808098;0;12;33.333582017
A3868;20200;34676;62987;DebtCon;Other;1;0;0;112.79908664;0;17;22.093045945
A3869;20200;59347;97816;HomeImp;ProfExe;18;0;0;618.73589016;1;24;21.668642273
A3870;20200;41479;70102;DebtCon;Office;5;0;0;172.91171488;2;26;33.834671174
A3871;20200;82181;119535;DebtCon;Office;41;0;0;105.21929675;3;28;52.734860612
A3872;20200;130401;171686;DebtCon;ProfExe;7;0;0;178.94254482;0;38;20.327137907
A3873;20300;59809;107994;DebtCon;ProfExe;15;0;3;263.99129317;0;36;26.50856379
A3874;20300;90048;129230;DebtCon;ProfExe;13;;;134.94259728;;25;30.236554055
A3875;20300;71387;107363;HomeImp;Other;4;0;0;219.87473017;0;13;29.567221404
A3876;20300;37056;55027;DebtCon;Other;;0;0;223.55369158;0;13;40.326049305
A3878;20300;36360;57905;DebtCon;Other;;0;0;214.97048428;0;12;39.263094236
A3879;20300;153896;200279;DebtCon;Other;7;0;0;;2;16;29.075187648
A3880;20300;21281;90551;DebtCon;Other;22;0;0;219.08822376;2;41;37.15549756
A3881;20300;63803;89079;DebtCon;ProfExe;21;0;4;323.80857327;4;28;45.875916904
A3882;20300;37388;55703;DebtCon;Other;;0;0;222.733567;0;12;39.814736842
A3883;20300;77325;133075;DebtCon;Office;19;1;0;166.12608913;4;21;40.736021938
A3885;20300;66667;92158;DebtCon;ProfExe;9;3;1;174.89210564;2;64;40.545680998
A3886;20300;94781;125948;DebtCon;ProfExe;12;;;148.65568751;;24;33.183677311
A3887;20300;13838;30813;DebtCon;Other;0;0;0;39.645887291;1;3;29.98518301
A3889;20400;29985;54038;DebtCon;ProfExe;15;0;0;177.59367277;1;20;35.554303677
A3890;20400;86559;123114;DebtCon;Other;9;0;0;280.79322574;2;16;34.439171107
A3891;20400;99781;128452;DebtCon;Office;23;0;0;265.95084552;2;16;33.79937887
A3892;20400;;94446;HomeImp;Other;6;0;0;184.82428996;1;16;40.775864346
A3893;20400;153958;195834;DebtCon;Other;9;0;0;;1;15;31.134624378
A3894;20400;44746;63433;DebtCon;Office;5;0;0;176.32849657;2;26;36.676878306
A3895;20400;19265;43962;DebtCon;Office;5;2;0;177.90470706;1;15;35.404638874
A3896;20400;68928;98587;HomeImp;Office;13;0;0;153.57813544;0;13;36.176091839
A3897;20400;38267;68684;DebtCon;Office;12;0;1;121.45336289;0;22;42.206433219
A3898;20400;81823;114832;DebtCon;Mgr;18;0;0;234.39204154;4;31;35.205818844
A3899;20400;132443;204082;HomeImp;ProfExe;13;0;0;187.01869159;0;22;36.821887439
A3900;20400;76305;103430;HomeImp;ProfExe;8;0;0;68.441583027;0;16;31.515593407
A3902;20400;52109;100316;DebtCon;Office;0;0;4;166.93819992;0;46;35.526227509
A3903;20400;41985;100096;HomeImp;Other;4;0;0;141.03308812;0;14;32.930781881
A3904;20400;60393;98247;DebtCon;Office;3;0;0;149.57119967;0;22;34.342249385
A3905;20500;82638;109915;DebtCon;Other;;0;0;176.3666652;1;25;37.864832833
A3906;20500;93761;94895;DebtCon;ProfExe;1;1;0;118.27605096;0;20;33.70161545
A3910;20500;86236;138729;DebtCon;Other;11;0;0;97.862172571;3;14;38.699441104
A3911;20500;113963;131135;HomeImp;Self;3;1;0;243.68060389;1;26;143.94960495
A3915;20500;41899;65418;DebtCon;Office;12;0;2;113.48245982;1;22;43.206598833
A3916;20500;169689;198931;DebtCon;ProfExe;9;0;0;258.62004189;1;37;26.366126268
A3917;20500;67852;97944;HomeImp;Office;14;0;0;141.00534478;0;14;36.609389404
A3918;20500;59969;90311;DebtCon;Office;5;;;151.57534173;;15;36.50493346
A3920;20500;183000;230000;DebtCon;ProfExe;2;0;0;288.86666667;1;27;
A3921;20500;89269;132500;DebtCon;ProfExe;;0;0;203.9;0;21;
A3923;20500;87892;136867;DebtCon;Other;10;0;0;96.929644692;3;15;40.162919392
A3925;20500;76620;185666;;Other;8;0;0;360.64005406;1;16;33.754318614
A3926;20500;39147;58049;DebtCon;Other;;0;0;202.90305427;0;12;38.646018727
A3927;20500;106839;144460;DebtCon;Other;13;1;1;107.67138171;4;49;39.687089435
A3928;20500;85884;103546;DebtCon;Other;5;9;0;39.985829576;5;16;34.068268927
A3929;20500;64113;98322;HomeImp;ProfExe;16;0;0;634.46189264;1;23;19.574316261
A3930;20600;67086;108006;DebtCon;Office;6;;1;116.32865754;2;18;36.966325226
A3932;20600;69949;101807;HomeImp;Other;3;0;0;218.39093903;0;13;30.271239302
A3933;20600;74828;106493;HomeImp;Other;5;1;0;204.07440932;1;12;30.222959942
A3934;20600;;24894;DebtCon;ProfExe;3;0;0;90.914931758;0;18;22.033579932
A3935;20600;16779;56481;DebtCon;Other;24;0;1;228.05700238;0;24;27.176647716
A3936;20600;44826;66226;DebtCon;Office;13;0;1;120.43326243;0;22;40.911949864
A3937;20600;124323;166781;DebtCon;Office;4;;1;381.02564753;;51;37.169048081
A3938;20600;35530;105838;HomeImp;Other;7;0;0;106.162918;0;15;32.093866518
A3940;20600;52946;83558;DebtCon;Other;0;0;0;65.882879392;0;10;65.143593455
A3941;20600;62531;96584;DebtCon;Office;1;0;0;146.83996796;0;21;33.945586146
A3942;20600;48500;72000;DebtCon;Other;17;0;0;;0;0;
A3943;20600;32439;55024;DebtCon;Other;0;;;302.78394945;;24;35.388379715
A3944;20600;79590;106014;DebtCon;Other;;0;0;180.05415376;2;25;40.69308168
A3945;20600;138918;175989;DebtCon;ProfExe;5;;;189.95591947;4;42;40.862678366
A3946;20600;;28635;DebtCon;ProfExe;5;0;0;102.98686317;0;18;19.447185151
A3947;20600;147855;125839;;ProfExe;4;1;0;97.109583625;3;34;29.697506653
A3948;20600;185050;234004;DebtCon;ProfExe;3;0;0;313.60448942;0;27;40.049112625
A3949;20600;114947;173502;DebtCon;Office;4;0;0;219.33687955;4;24;40.543738916
A3950;20700;80124;99938;DebtCon;Mgr;7;0;0;69.324719576;7;24;38.679633572
A3951;20700;110307;140902;DebtCon;Office;13;0;1;243.32391625;0;24;41.336740097
A3952;20700;71408;103991;HomeImp;Other;4;0;0;208.35175048;1;12;31.327394441
A3954;20700;41000;65000;DebtCon;Other;26;0;0;305.26666667;3;32;
A3955;20700;48134;78954;;;;;;;;;37.760482419
A3956;20700;;64980;HomeImp;Office;6;0;0;112.63586026;1;5;17.693144182
A3958;20700;107766;146937;DebtCon;Office;12;0;2;223.13789747;0;24;42.547274756
A3959;20700;72698;96691;DebtCon;Other;;2;0;233.5953067;1;13;42.62634036
A3960;20700;140776;183621;HomeImp;Mgr;7;0;0;315.37439124;0;17;43.85601978
A3961;20700;69810;100756;HomeImp;Other;3;0;0;213.72829182;1;13;32.871908969
A3962;20700;32817;101720;HomeImp;Other;5;0;0;132.94093789;0;15;31.606217408
A3963;20800;70758;;DebtCon;Other;0;4;2;107.53333333;3;19;
A3964;20800;176235;209695;DebtCon;Other;9;3;0;159.70677027;0;25;38.591939971
A3965;20800;155315;192038;DebtCon;ProfExe;11;;;114.48219764;0;23;29.891571941
A3966;20800;56364;115760;DebtCon;ProfExe;16;0;0;261.81405582;0;19;24.797958173
A3968;20800;46434;68490;DebtCon;Office;6;0;0;171.28347285;2;26;35.999296466
A3969;20800;107787;182140;DebtCon;Office;7;0;0;214.33056821;3;23;41.928469494
A3970;20800;156393;199881;DebtCon;Other;7;0;0;;2;16;30.923407463
A3971;20800;51562;99997;DebtCon;Office;1;0;4;168.31457712;0;47;35.231392707
A3973;20800;150507;126763;;ProfExe;4;0;0;102.42238785;2;33;31.990310996
A3974;20800;107379;147014;HomeImp;ProfExe;10;0;0;161.53748239;1;22;31.925329416
A3975;20800;97360;123854;HomeImp;Mgr;0;0;0;310.23181959;1;20;43.217416959
A3976;20800;;26732;DebtCon;ProfExe;6;0;0;103.03112953;1;19;21.304272086
A3977;20800;;74486;DebtCon;Sales;6;0;0;407.58562369;0;24;22.16287266
A3978;20800;27453;49041;DebtCon;Other;0;;;296.3963289;;24;37.069956867
A3980;20800;58440;99244;DebtCon;Office;1;0;4;174.95857724;0;46;37.488545687
A3982;20800;;130472;HomeImp;Other;1;0;0;308.41035403;3;21;29.665452406
A3983;20800;96994;140564;DebtCon;Mgr;13;0;0;169.68715741;1;25;33.525064301
A3984;20800;56597;79582;DebtCon;Mgr;9;1;0;67.691938554;3;27;36.06123372
A3985;20800;136884;180053;HomeImp;Mgr;9;0;0;323.5951974;0;17;43.037750039
A3986;20900;30517;58756;DebtCon;Other;;0;0;222.03799456;0;12;40.42166884
A3987;20900;71972;101745;DebtCon;Mgr;6;0;0;67.324562017;6;23;38.513256182
A3988;20900;111464;144487;DebtCon;Office;11;0;1;206.67735326;0;25;40.065477156
A3989;20900;16174;34886;DebtCon;Other;1;0;0;52.303656254;1;4;29.752732197
A3990;20900;;74233;HomeImp;Office;6;0;0;123.11488171;1;4;20.781741228
A3991;20900;127077;204192;HomeImp;ProfExe;13;0;0;181.65088033;0;22;34.589581433
A3992;20900;59228;92224;DebtCon;Office;1;0;0;157.07118358;1;21;37.677209372
A3993;20900;39244;55582;HomeImp;Self;5;1;;120.2198845;;10;26.225758833
A3994;20900;63038;86870;DebtCon;;3;0;0;113.69883344;0;16;38.732521813
A3995;20900;45279;73814;DebtCon;Office;1;0;0;235.39555279;0;12;34.571844248
A3996;20900;55000;79900;HomeImp;Other;2.5;0;0;45.631135531;1;14;
A3997;20900;51960;105524;DebtCon;Office;2;0;3;179.92563497;0;47;37.179602413
A3999;20900;60553;91364;DebtCon;Office;1;0;0;75.563803334;0;22;37.411200653
A4000;20900;66575;79416;DebtCon;ProfExe;13;2;1;107.26951261;7;28;28.382337015
A4002;20900;61402;88659;DebtCon;ProfExe;9;3;0;164.24893233;1;63;40.921433337
A4003;20900;62615;87904;DebtCon;Office;5;;;177.86484921;;15;36.831076151
A4004;20900;133213;174787;;Mgr;26;;4;332.08282636;1;27;32.346398825
A4005;20900;;73849;HomeImp;Office;7;0;0;124.95599784;1;5;18.481293525
A4006;20900;152994;117934;;ProfExe;4;0;0;98.50936023;3;34;32.313187157
A4007;20900;58299;78684;DebtCon;;3;0;0;98.66282045;0;16;38.972003875
A4008;21000;101678;144063;HomeImp;ProfExe;9;0;0;167.71839354;0;22;32.204926222
A4009;21000;81848;109860;DebtCon;Other;;0;0;173.78616163;1;24;40.057527407
A4011;21000;94063;139868;DebtCon;ProfExe;;0;0;207.21003554;0;21;30.247822552
A4012;21000;69097;105200;DebtCon;Other;;1;0;237.82012891;1;13;40.305773569
A4013;21000;63405;86804;DebtCon;Office;5;;;156.87275074;;15;37.433784588
A4014;21000;133430;189263;DebtCon;ProfExe;22;0;0;229.98699803;1;23;40.564121581
A4015;21000;113954;136249;DebtCon;Office;2;0;0;97.544252184;13;14;33.620883435
A4016;21000;48735;71694;DebtCon;Other;8;0;0;48.498970842;3;10;32.921400637
A4018;21000;86545;118000;HomeImp;Mgr;9.9;0;0;121.76666667;2;24;
A4019;21000;64100;85100;DebtCon;Other;3.5;0;0;97.633333333;2;30;
A4020;21000;90267;134000;HomeImp;ProfExe;7;0;0;160.9;0;32;
A4021;21000;42000;67000;DebtCon;Other;7;0;0;66.633333333;2;19;
A4022;21000;87000;140000;DebtCon;ProfExe;22;1;0;163.36666667;1;25;
A4023;21000;110000;138000;DebtCon;Mgr;16;8;2;154.2;3;30;
A4025;21000;96000;125000;DebtCon;Sales;0.3;1;;116.9;1;19;
A4026;21000;42000;67000;DebtCon;Office;7;0;0;65.966666667;2;18;
A4028;21000;90425;97741;DebtCon;ProfExe;1;0;0;123.97280612;0;20;33.56414529
A4029;21000;106011;173778;DebtCon;Office;7;0;0;223.76961057;3;24;40.564750356
A4030;21000;52411;90031;;ProfExe;5;2;1;90.425474601;3;24;41.966249467
A4031;21000;94019;134565;DebtCon;ProfExe;;0;0;196.19790754;0;21;26.86773396
A4032;21000;;91455;HomeImp;Other;7;0;0;174.42896876;1;15;38.593376406
A4033;21000;131378;199687;HomeImp;ProfExe;12;0;0;208.60596567;0;21;37.099279114
A4034;21000;65205;86313;DebtCon;;4;0;0;99.369470346;0;15;40.143170748
A4035;21100;16110;54436;DebtCon;Other;24;0;2;207.20795161;1;25;28.093375587
A4036;21100;48624;83448;;;;;;;;;39.671408305
A4037;21100;55863;81406;DebtCon;Mgr;10;1;0;74.576426981;2;27;36.760275709
A4038;21100;81389;123842;DebtCon;Other;9;0;0;285.04691618;1;17;37.13906786
A4039;21100;72000;98000;DebtCon;Office;6;0;2;79.166666667;4;29;
A4040;21100;61427;83722;DebtCon;Other;19;0;0;220.55353362;0;21;32.72762776
A4041;21100;63955;95621;HomeImp;ProfExe;19;0;0;626.29709367;0;24;20.01032357
A4042;21100;91479;127110;DebtCon;Office;25;0;0;279.46823675;3;16;33.078522222
A4043;21100;143487;180122;HomeImp;Mgr;7;0;0;324.1633286;0;16;43.251182523
A4044;21100;;26450;DebtCon;ProfExe;6;1;0;112.57824309;0;19;19.842902485
A4046;21200;85092;139345;DebtCon;Other;9;0;1;87.64505947;3;14;42.13884767
A4047;21200;23088;56535;DebtCon;Other;27;0;1;216.1560174;0;24;27.395233882
A4048;21200;103264;148968;HomeImp;ProfExe;8;0;0;161.85911856;1;22;34.548541271
A4049;21200;109747;174666;DebtCon;Office;7;0;0;211.8072267;3;24;40.39483989
A4050;21200;70096;108632;HomeImp;Other;4;0;0;200.01491752;1;13;29.641286443
A4051;21200;44097;64703;DebtCon;Office;12;0;2;123.89394862;1;21;40.139231794
A4052;21200;69212;106273;DebtCon;ProfExe;12;0;1;97.2311228;0;22;18.11489583
A4053;21200;67272;107667;HomeImp;Other;5;0;0;224.12044079;0;12;30.510532094
A4054;21200;62067;104579;HomeImp;Office;13;0;0;143.36452964;0;14;36.107667396
A4056;21200;84117;118884;DebtCon;Other;9;0;0;302.20690049;2;16;36.190524264
A4058;21200;70400;96999;HomeImp;Office;14;0;0;135.26453705;0;13;38.823169631
A4059;21200;55203;90639;DebtCon;Other;17;0;0;196.93374862;1;21;32.913874116
A4060;21200;63093;101789;HomeImp;ProfExe;18;0;0;623.45620883;1;24;19.414587953
A4061;21200;91759;95165;DebtCon;ProfExe;2;0;0;106.8357327;0;19;34.216689169
A4062;21200;113648;145650;DebtCon;Office;11;0;1;231.01924428;0;24;41.559303671
A4063;21300;133942;282972;HomeImp;Mgr;3;0;0;197.14819053;0;15;30.545400667
A4064;21300;58209;84200;DebtCon;Other;18;0;0;212.9322977;0;22;33.033146414
A4065;21300;63263;94180;DebtCon;Office;1;0;0;138.34845525;1;22;35.549295097
A4066;21300;104000;155250;DebtCon;Mgr;16;0;0;185.7;0;26;
A4067;21300;134578;176968;;Mgr;25;;5;334.06591692;0;27;31.875771087
A4068;21300;56729;114643;DebtCon;ProfExe;14;0;3;276.17016698;1;36;25.830883226
A4070;21300;145324;179995;DebtCon;ProfExe;5;;;199.47673517;5;42;39.839640135
A4071;21300;185874;235968;DebtCon;ProfExe;3;0;0;291.81953877;1;26;36.993649952
A4073;21300;99613;147991;HomeImp;;;;;;;;38.497560593
A4074;21300;67282;86861;DebtCon;Office;4;;;173.79250726;;15;37.364528826
A4075;21300;101524;141859;HomeImp;ProfExe;10;0;0;162.32211917;0;23;31.987636327
A4076;21300;183386;230443;DebtCon;ProfExe;1;0;0;288.37369758;1;26;39.334879021
A4077;21300;72450;88622;DebtCon;Other;3;0;0;117.21012608;1;29;32.66110554
A4078;21300;94642;125062;DebtCon;Office;24;0;0;278.691315;2;17;32.988531805
A4079;21300;74081;102810;DebtCon;Office;9;0;0;200.91114932;1;12;31.155585928
A4080;21300;98507;125539;HomeImp;Mgr;0;0;1;311.32570371;0;19;42.227214966
A4081;21300;68544;89908;DebtCon;Other;3;0;0;101.77402013;2;30;32.825450581
A4082;21300;55140;81692;DebtCon;Other;12;0;0;109.90068569;1;10;4.384983222
A4083;21300;143676;181960;HomeImp;Mgr;8;0;0;313.18746512;0;17;43.645348659
A4084;21300;66573;100519;DebtCon;Office;7;;0;98.89218205;1;18;34.964141026
A4086;21400;88147;115000;DebtCon;Self;3;0;0;213.23333333;2;27;
A4087;21400;77794;105330;DebtCon;Other;;0;0;187.37085369;1;24;38.188345011
A4089;21400;134041;163103;DebtCon;ProfExe;6;1;0;172.03106931;0;38;19.637068751
A4090;21400;85609;108469;DebtCon;Mgr;24;;1;306.18366191;0;43;39.919289908
A4091;21400;166244;212505;DebtCon;ProfExe;4;2;7;183.5480397;4;24;38.149059231
A4092;21400;104657;147364;DebtCon;Other;7;2;0;149.25448005;2;20;46.305072149
A4093;21400;75563;96159;DebtCon;Other;;1;0;248.64649535;2;13;42.176585064
A4095;21400;113053;147467;DebtCon;Office;11;0;2;219.1538803;0;24;41.824914424
A4096;21400;90912;121714;DebtCon;Self;3;0;0;221.51542597;2;26;34.885541428
A4097;21400;44573;80915;;;;;;;;;37.827218756
A4098;21400;49459;69461;DebtCon;Other;25;0;0;314.6389579;2;32;35.982083645
A4099;21400;64378;99343;HomeImp;ProfExe;18;0;0;627.70238954;1;23;20.688714822
A4100;21400;92241;133791;DebtCon;Other;11;0;0;81.446380314;3;15;41.395461831
A4101;21400;7259;24770;DebtCon;Other;;0;0;62.26356587;2;18;41.576700518
A4102;21400;41671;103427;HomeImp;Other;6;0;0;122.15334415;0;15;31.614679534
A4104;21400;143151;185014;HomeImp;Mgr;7;0;0;314.98428693;0;17;43.10300163
A4105;21400;128095;167824;DebtCon;ProfExe;6;0;0;180.41735424;0;38;17.495700487
A4106;21400;95147;132304;DebtCon;Office;7;1;5;206.12766482;1;18;36.235665389
A4107;21500;100727;146904;HomeImp;ProfExe;11;0;0;153.22388819;1;23;34.965962753
A4109;21500;9579;30807;DebtCon;Other;;0;0;58.117463621;2;19;42.49201034
A4110;21500;107799;160526;DebtCon;Mgr;16;0;0;195.48568002;0;25;32.378768136
A4111;21500;110712;178045;DebtCon;Office;6;0;0;212.60407973;4;24;43.310856295
A4112;21500;141688;184241;HomeImp;Mgr;8;0;0;311.42612789;0;16;44.590155228
A4113;21500;25984;47386;DebtCon;Other;1;;;305.84971646;;25;36.600613063
A4114;21500;129361;284790;HomeImp;Mgr;3;0;0;199.21959548;0;15;30.406259432
A4115;21500;135899;186976;DebtCon;ProfExe;18;0;0;227.34748644;1;24;42.660677489
A4116;21500;96993;143240;DebtCon;ProfExe;20;0;0;173.34166492;0;25;39.858726886
A4117;21500;125451;200594;HomeImp;ProfExe;13;0;0;205.27836456;0;22;36.89339399
A4118;21500;90000;111500;DebtCon;Other;24;0;0;243.5;1;27;
A4119;21500;18875;42500;DebtCon;Other;27;0;0;304.36666667;;13;
A4120;21500;153783;191069;DebtCon;ProfExe;10;;;105.35993104;0;23;31.792387827
A4121;21500;71636;96678;HomeImp;Office;13;0;0;135.94054149;0;13;37.872473718
A4122;21500;30546;53300;DebtCon;Other;1;;;319.78080229;;25;33.449009861
A4123;21500;47451;78645;;;;;;;;;38.46833167
A4124;21500;94310;142986;DebtCon;ProfExe;22;1;0;170.20499962;0;25;39.566646239
A4125;21500;90321;103778;DebtCon;ProfExe;2;0;0;128.64278574;0;20;34.282675916
A4127;21500;10193;75649;DebtCon;Office;;0;0;247.81397141;0;22;39.148512421
A4128;21500;67377;86502;DebtCon;Office;5;;;158.64070667;;15;37.754842589
A4129;21500;58646;90807;DebtCon;Other;17;0;0;196.80879268;1;22;31.697960362
A4130;21600;144276;190797;DebtCon;Mgr;0;1;4;313.42732166;2;18;37.971354949
A4131;21600;30022;51337;DebtCon;Other;0;;;312.19978392;;25;35.379681226
A4132;21600;45421;75632;DebtCon;Office;2;0;1;230.24223467;0;11;33.457380881
A4133;21600;105654;155460;DebtCon;Mgr;16;0;0;193.04880318;0;25;33.600608463
A4135;21600;36777;68300;DebtCon;Office;11;0;2;121.49424873;0;22;41.138299388
A4136;21600;105759;139002;DebtCon;Office;11;0;2;213.03452176;0;24;40.903058402
A4138;21600;;65935;HomeImp;Office;8;0;0;111.06809784;1;5;19.429084265
A4139;21600;70832;96503;HomeImp;Office;13;0;0;136.39714173;0;14;37.580530415
A4141;21600;152639;195661;DebtCon;ProfExe;14;;;127.7781102;0;24;29.153071493
A4142;21600;106308;147378;HomeImp;;;;;;;;39.137644634
A4143;21600;66711;105267;HomeImp;Office;13;0;0;145.93538381;0;14;37.114915588
A4144;21600;59219;98111;HomeImp;ProfExe;18;0;0;626.77139277;1;23;21.241684226
A4145;21600;108923;142716;HomeImp;ProfExe;9;0;0;162.44691401;0;23;33.41977874
A4146;21600;;54212;DebtCon;Other;;0;1;303.43333333;0;19;
A4147;21600;154991;;DebtCon;Self;;2;4;165.60083001;0;43;38.014917273
A4148;21600;43449;68744;DebtCon;Office;11;0;1;121.95099104;1;22;40.916477381
A4149;21600;93937;147792;DebtCon;ProfExe;23;0;0;156.6673122;0;25;40.190636075
A4150;21600;94477;135936;DebtCon;ProfExe;;0;0;205.01683542;0;20;26.800946168
A4151;21700;58363;78411;DebtCon;;5;0;0;104.17477035;0;16;38.188435476
A4152;21700;56822;78399;DebtCon;Mgr;10;1;0;70.691072722;3;28;36.610540064
A4153;21700;70252;186320;;Other;11;0;0;356.88649897;1;16;30.184001338
A4155;21700;8606;75530;DebtCon;Office;;0;0;257.12072182;0;21;38.739218905
A4156;21700;60792;14580;DebtCon;Other;5;;;62.856356954;1;17;40.315819301
A4158;21700;79240;96784;DebtCon;Mgr;5;0;0;64.508423594;6;24;38.078963128
A4159;21700;45640;67023;DebtCon;Other;25;0;0;293.76207666;1;32;34.285372575
A4160;21700;24771;48361;DebtCon;Other;0;;;309.02844551;;24;33.877264297
A4161;21700;29500;53943;DebtCon;ProfExe;14;0;0;185.68207969;1;19;37.751545837
A4163;21700;69000;98000;DebtCon;Mgr;2;;;232.06666667;5;24;
A4164;21700;93025;140438;HomeImp;ProfExe;5;0;0;166.17765781;0;32;32.775079361
A4165;21700;93868;147228;DebtCon;ProfExe;22;0;0;153.68459626;0;25;39.533954235
A4166;21700;47024;71628;DebtCon;ProfExe;10;0;0;177.60206564;1;41;37.125361745
A4168;21700;20627;52040;DebtCon;Other;26;0;2;199.98543166;0;25;27.117689551
A4169;21700;91637;126105;HomeImp;Mgr;10;0;0;131.87535395;1;23;30.961292024
A4170;21700;59947;94103;DebtCon;Office;0;0;0;154.55254739;1;21;34.771708596
A4171;21700;88313;139567;DebtCon;Other;11;0;0;89.839558205;3;14;39.09887429
A4172;21700;128841;172954;DebtCon;ProfExe;4;0;0;165.31028179;0;37;20.342810799
A4174;21700;188525;234269;DebtCon;ProfExe;0;0;0;301.5210741;0;26;37.339520058
A4175;21700;24984;92297;DebtCon;Other;26;0;6;238.36963726;1;20;16.397160872
A4176;21700;187311;230513;DebtCon;ProfExe;2;0;0;270.47903997;0;27;38.999232038
A4177;21800;21000;45000;;ProfExe;20;0;0;256.7;1;19;
A4179;21800;48139;80114;DebtCon;Other;13;0;0;111.99863079;1;9;4.1427039717
A4180;21800;90065;122335;DebtCon;Self;3;0;0;212.69546756;1;26;34.84691939
A4182;21800;;25566;DebtCon;ProfExe;8;0;0;114.54175113;1;19;21.825631046
A4183;21800;82817;114732;DebtCon;Other;;0;0;190.0874448;1;24;40.748211757
A4184;21800;67305;99006;DebtCon;Other;;2;1;245.08777445;1;14;41.567662749
A4185;21800;;60392;DebtCon;Other;;0;1;300.84142875;0;18;39.419136583
A4186;21800;48162;70361;DebtCon;Office;2;0;0;227.98627911;0;12;36.061816398
A4187;21800;99753;128000;HomeImp;ProfExe;15;1;2;286.1;3;26;
A4188;21800;107271;161219;DebtCon;Mgr;15;0;0;187.29747694;0;26;31.556948739
A4189;21800;96709;123613;DebtCon;Self;3;0;0;218.73033314;2;27;35.874494554
A4190;21800;133812;166893;DebtCon;ProfExe;6;0;0;169.76714449;0;37;20.059527176
A4191;21800;41582;71574;DebtCon;Other;25;0;0;308.73705314;2;32;34.369367561
A4192;21800;;59736;DebtCon;Other;;0;0;304.73693031;0;18;36.713113714
A4193;21800;76324;102287;DebtCon;Office;6;0;1;61.641325377;4;29;41.03238603
A4197;21900;63967;102113;DebtCon;Office;10;;0;107.44989467;2;19;36.183734398
A4198;21900;91327;139106;DebtCon;ProfExe;;0;0;201.68554815;0;21;30.019555132
A4202;21900;52735;75372;DebtCon;ProfExe;5;0;1;217.02094018;6;23;34.015914976
A4203;21900;62387;113827;DebtCon;ProfExe;15;0;3;281.05914082;1;36;26.031709113
A4204;21900;66859;104878;DebtCon;Office;7;;1;116.5339256;1;18;38.884826945
A4205;21900;10421;24808;DebtCon;Other;;0;0;61.286698451;2;19;40.016621624
A4206;21900;108000;144940;DebtCon;Other;13;0;0;260.76666667;1;22;
A4207;21900;61468;87450;DebtCon;Office;5;;;166.61081662;;16;38.201210401
A4208;21900;53458;77455;DebtCon;ProfExe;10;0;0;192.88774922;1;42;40.956310782
A4209;21900;61423;103075;DebtCon;Office;7;;1;125.52302355;1;17;37.006766746
A4210;21900;70152;188365;;Other;9;0;0;367.54149045;0;17;32.692515336
A4211;21900;61838;92091;DebtCon;Office;5;;;171.57670006;;16;37.800400889
A4212;21900;148955;118862;;ProfExe;6;0;0;93.92588206;3;34;30.322114625
A4213;21900;;57036;DebtCon;Other;;0;0;308.60344479;0;18;39.2346081
A4214;21900;94320;140698;DebtCon;ProfExe;;0;0;208.24175781;0;20;29.188979738
A4216;22000;142072;181484;DebtCon;ProfExe;6;;;162.53864032;5;42;41.270820127
A4217;22000;36738;100040;HomeImp;Other;6;0;0;138.94245756;0;14;30.78315421
A4218;22000;71664;98015;DebtCon;Mgr;9;0;0;191.31360881;1;19;34.921021057
A4219;22000;48041;88433;DebtCon;Other;12;0;0;96.336434623;0;10;5.2266736193
A4221;22000;15774;60115;DebtCon;Other;27;0;1;213.41423807;0;24;25.576809652
A4222;22000;54010;97800;DebtCon;ProfExe;1;0;0;192.73333333;0;26;
A4223;22000;64000;89000;DebtCon;ProfExe;8;1;1;133.26666667;4;26;
A4224;22000;48000;80990;DebtCon;Mgr;6;0;0;262.73333333;2;26;
A4225;22000;71858;99000;DebtCon;Other;18;0;0;201.86666667;1;13;
A4227;22000;74200;109800;DebtCon;ProfExe;1;1;0;317.53333333;4;42;
A4228;22000;96127;122000;DebtCon;Mgr;24;0;2;301.3;3;36;
A4229;22000;92000;;DebtCon;Office;4;;12;218;1;39;
A4231;22000;81668;123978;DebtCon;Other;8;0;0;285.14175022;1;16;37.417108014
A4232;22000;76367;103928;DebtCon;Other;20;0;0;202.57815197;1;13;38.717194911
A4233;22000;88898;121357;HomeImp;Mgr;12;0;0;115.8322132;2;24;31.108960859
A4234;22000;143355;183799;DebtCon;ProfExe;6;;;174.84628965;3;43;42.221164626
A4235;22000;70139;95042;DebtCon;Other;2;0;0;97.908582906;2;29;32.524528239
A4236;22000;188982;231933;DebtCon;ProfExe;2;0;0;294.96016922;0;26;36.43459137
A4237;22000;53212;85006;DebtCon;Other;20;0;0;218.48411292;1;21;32.855701395
A4238;22000;61251;91744;DebtCon;Office;0;0;0;145.48915532;0;21;34.347908749
A4239;22000;61042;96622;HomeImp;ProfExe;17;0;0;638.27536109;1;23;21.457349807
A4240;22100;69697;102155;HomeImp;Mgr;13;0;0;164.78494744;0;28;36.278473908
A4241;22100;92724;126348;HomeImp;Mgr;11;0;0;122.26578117;1;24;30.843505268
A4242;22100;84114;97775;HomeImp;;8;;;;;;
A4243;22100;95351;117905;DebtCon;Other;25;0;0;233.74845181;1;27;41.52372299
A4244;22100;60396;101741;DebtCon;Office;8;;0;97.023226329;1;17;35.681521324
A4247;22100;73053;105750;DebtCon;Mgr;9;0;1;293.23333333;2;29;
A4248;22100;57000;83000;DebtCon;Other;7;0;0;;0;0;
A4251;22100;;65192;HomeImp;Office;9;0;0;128.1567931;1;4;18.882955601
A4252;22100;33435;52340;HomeImp;Self;4;1;;134.0000742;;10;24.023930727
A4253;22100;45993;67208;DebtCon;Other;8;0;1;60.457004767;2;18;34.780920331
A4254;22100;36084;84734;HomeImp;Other;25;0;0;257.84572885;0;6;24.52600298
A4255;22200;138584;180415;DebtCon;ProfExe;5;;;195.63280771;4;43;41.205399011
A4256;22200;45148;85341;HomeImp;Other;24;0;0;275.60104104;1;7;23.461608751
A4257;22200;;60904;DebtCon;Other;;0;0;288.4596954;0;18;37.747019613
A4260;22200;102345;148299;HomeImp;ProfExe;11;0;0;169.08897399;0;22;34.472879729
A4262;22200;93947;116176;DebtCon;Self;2;0;0;205.02940851;2;26;34.93940311
A4264;22200;98624;140938;DebtCon;ProfExe;;0;0;207.28893316;0;20;29.218895419
A4265;22200;64809;96831;HomeImp;ProfExe;17;0;0;639.05817227;0;24;22.614181908
A4266;22200;67626;109042;HomeImp;Other;4;0;0;203.96491282;0;12;31.529028699
A4268;22200;137889;182973;HomeImp;Mgr;6;0;0;317.35612488;0;17;44.968713692
A4270;22300;52322;102958;DebtCon;Office;2;1;4;174.53641204;0;47;36.853084972
A4271;22300;;136587;HomeImp;Other;1;0;0;311.65908119;3;20;29.910707758
A4272;22300;69002;105292;DebtCon;Office;8;;0;96.342139921;2;17;35.755106732
A4274;22300;;135000;DebtCon;Office;9;;;;;;
A4276;22300;71800;100000;DebtCon;Sales;0.1;0;0;220.13333333;1;26;
A4277;22300;72814;186463;;Other;10;0;0;367.24735835;1;16;30.333587908
A4278;22300;34326;103199;HomeImp;Other;6;0;0;141.67702987;0;14;30.471798518
A4279;22300;21571;42590;DebtCon;Other;25;0;0;297.67446271;;13;33.117017357
A4280;22300;59809;90883;DebtCon;Office;2;0;0;161.40290565;1;22;36.174251253
A4282;22300;93305;143672;DebtCon;ProfExe;21;0;0;176.4166175;0;25;40.471092138
A4283;22300;60513;111713;DebtCon;ProfExe;15;0;3;291.61871998;1;35;27.705170635
A4284;22300;89591;149566;DebtCon;ProfExe;23;0;0;157.65172986;0;24;41.85930497
A4285;22300;;22399;DebtCon;ProfExe;5;0;0;96.642686986;1;18;22.196624712
A4289;22400;38669;105881;HomeImp;Other;6;0;0;125.24284167;0;14;32.778270828
A4290;22400;135912;181863;HomeImp;Mgr;7;0;0;316.99290614;0;17;45.006818085
A4291;22400;98238;135561;DebtCon;ProfExe;;0;0;194.28209915;0;20;29.37360717
A4292;22400;65502;104373;HomeImp;Office;14;0;0;141.81282338;0;13;36.221943144
A4293;22400;52597;69312;DebtCon;Office;2;0;0;224.24133068;0;12;33.82410789
A4294;22400;72866;95734;DebtCon;Mgr;5;0;0;75.955735269;7;23;37.50722389
A4295;22400;127967;167764;DebtCon;Office;1;;0;377.86498468;;52;36.438724078
A4296;22400;130184;164189;DebtCon;ProfExe;6;0;0;173.64133881;0;39;19.640667266
A4297;22400;93140;120977;DebtCon;Other;23;0;0;232.85548365;0;27;39.744314309
A4298;22400;40605;76986;DebtCon;ProfExe;9;0;0;276.27591395;0;19;39.730192796
A4299;22400;80226;111307;DebtCon;Other;;0;0;186.6311118;1;24;38.936175687
A4301;22400;71051;102374;HomeImp;Office;14;0;0;137.1896556;0;14;36.122068493
A4302;22400;51470;68139;DebtCon;Mgr;9;0;0;31.16869601;2;8;37.952179906
A4303;22400;62354;88287;DebtCon;Office;3;;;163.05640935;;16;37.171395539
A4304;22400;69774;107601;DebtCon;Mgr;2;;;248.39323688;5;23;40.962995121
A4305;22400;15765;40456;HomeImp;Other;0;1;3;117.66666667;0;12;
A4306;22400;95539;124566;HomeImp;Mgr;9;0;0;140.69550244;1;24;31.86981041
A4307;22400;25585;54049;;ProfExe;20;0;0;251.35800302;0;19;25.202706374
A4310;22400;106561;157214;DebtCon;Mgr;15;0;0;186.62809656;0;25;33.430637604
A4311;22400;79022;105086;DebtCon;Other;;0;0;179.45891702;2;25;38.306398215
A4312;22400;16630;56824;DebtCon;Other;25;0;1;199.7384646;0;24;27.027787429
A4313;22400;32665;56639;DebtCon;Other;13;0;0;101.75835507;1;25;31.470031281
A4314;22400;47687;65704;DebtCon;Office;6;0;0;174.55789705;2;27;36.219767833
A4318;22400;71784;101695;DebtCon;Other;;2;1;239.90330404;2;14;42.816367563
A4319;22400;18371;38311;DebtCon;Other;1;0;0;37.235000479;2;3;29.476003401
A4320;22500;44228;86872;HomeImp;Other;24;0;0;256.28691889;1;6;26.853259022
A4321;22500;127709;167975;DebtCon;Office;1;;0;367.18951506;;51;37.888049808
A4324;22500;52000;87250;DebtCon;Other;7;0;0;232.33333333;1;20;
A4325;22500;;42800;DebtCon;Other;;;;89.3;;13;
A4326;22500;60700;91000;DebtCon;Self;13;0;0;145.06666667;6;29;
A4327;22500;57762;95790;DebtCon;Office;3;0;0;151.71506582;1;21;34.863596079
A4328;22500;48405;86989;DebtCon;Other;14;0;0;94.928088498;1;9;4.029951372
A4329;22500;76493;105545;DebtCon;Other;;1;1;235.54177624;2;13;43.061669134
A4330;22500;96170;118502;HomeImp;Mgr;10;0;0;118.15195;1;24;33.200548022
A4331;22500;40884;76895;DebtCon;ProfExe;8;0;0;270.26019668;0;18;39.954572785
A4332;22500;73567;88157;DebtCon;Other;2;0;0;111.4005357;1;30;33.519228144
A4333;22500;87361;140632;DebtCon;ProfExe;24;0;0;146.29617189;0;25;39.876769931
A4334;22500;75010;114769;DebtCon;Mgr;9;0;1;294.29716609;1;28;30.611051161
A4335;22500;;24811;DebtCon;ProfExe;7;0;0;97.536619949;1;19;19.472272471
A4336;22500;136086;180804;;Mgr;26;;4;329.40723708;1;27;33.031415536
A4337;22600;133264;172882;DebtCon;ProfExe;6;1;0;190.24756023;0;37;19.973955025
A4338;22600;59050;99152;DebtCon;ProfExe;0;0;0;195.08386181;0;26;33.404212205
A4339;22600;91177;112123;DebtCon;Other;24;0;0;251.58240353;1;26;42.077988376
A4340;22600;96485;120470;HomeImp;Mgr;9;0;0;112.84033563;2;24;31.865916827
A4342;22600;72522;91587;DebtCon;Other;2;0;0;99.000467962;2;30;35.262113587
A4343;22600;63363;90816;DebtCon;Office;3;;;174.32656084;;15;38.742481605
A4344;22600;;144841;;;;;;;;;16.382390686
A4345;22600;;55376;DebtCon;Other;;0;1;316.09687448;0;18;38.135866892
A4346;22600;233000;260000;HomeImp;Self;6;1;0;244.53333333;3;51;
A4347;22600;69675;92300;DebtCon;Other;16;0;6;240.43333333;0;30;
A4348;22600;155056;187000;DebtCon;Mgr;0.1;0;0;253.6;0;27;
A4349;22600;78975;103374;DebtCon;Mgr;11;0;0;259.31975498;1;14;27.744055511
A4350;22600;109808;139133;DebtCon;Mgr;9;1;0;195.45882578;4;18;40.206106424
A4352;22600;;45744;DebtCon;Other;;;;84.231761118;;12;28.453876923
A4353;22600;41920;70383;DebtCon;Office;5;0;0;178.78664033;1;26;36.098694125
A4354;22600;;58856;DebtCon;Other;;0;1;298.81954171;0;18;38.195026538
A4355;22600;239115;264462;HomeImp;Self;5;0;0;244.17973039;2;50;36.700870555
A4357;22600;;55419;DebtCon;Other;;0;0;299.95579613;0;18;39.095195695
A4358;22600;61503;101786;HomeImp;ProfExe;17;0;0;622.35576774;1;24;21.686668612
A4359;22600;131098;176119;;Mgr;26;;5;339.67701817;1;28;33.057559856
A4360;22700;73280;92961;DebtCon;ProfExe;8;0;1;109.57029237;3;26;34.614422556
A4362;22700;;132297;HomeImp;Other;1;0;0;309.44594908;3;20;29.371002276
A4366;22700;93542;99198;HomeImp;;6;;;;;;30.080343444
A4368;22700;36253;88461;HomeImp;Other;24;0;0;255.0887578;0;7;26.867617382
A4369;22700;128020;164199;DebtCon;ProfExe;7;0;0;175.88480789;0;37;21.232357898
A4370;22700;94601;99755;DebtCon;Other;3;0;0;129.56430076;0;16;37.969304541
A4371;22700;46929;71169;DebtCon;Other;6;0;0;57.880815934;2;19;35.552088146
A4372;22700;155284;197634;DebtCon;ProfExe;15;;;103.7859943;0;24;29.540322043
A4373;22700;108488;139559;HomeImp;ProfExe;11;0;0;190.9727785;0;23;34.080016231
A4374;22700;;57156;DebtCon;Other;;0;0;289.54567264;0;19;40.162944538
A4375;22800;76502;101288;DebtCon;Other;20;0;0;188.07772245;0;12;40.351902286
A4377;22800;74979;109716;DebtCon;Mgr;9;0;1;289.82236965;1;28;31.479906883
A4378;22800;76733;105624;DebtCon;Mgr;1;;;225.32750789;5;23;40.691953683
A4379;22800;49361;81914;DebtCon;Mgr;4;0;0;264.93706618;2;25;32.010244608
A4381;22800;39166;84407;DebtCon;ProfExe;11;0;0;276.12197299;0;19;38.968366525
A4383;22800;;97634;HomeImp;Other;8;0;0;177.56974031;1;16;40.772248428
A4386;22800;132706;170396;DebtCon;ProfExe;8;0;0;147.41494905;0;37;19.518531863
A4387;22800;52760;81362;;;;;;;;;38.024677319
A4388;22800;;57761;DebtCon;Other;;0;0;310.48293878;0;18;38.505705059
A4389;22800;64659;96063;DebtCon;Mgr;8;0;0;201.06828707;2;18;31.541822123
A4390;22800;52644;96376;DebtCon;Other;7;0;0;238.38014523;0;19;34.94670077
A4391;22800;62754;101781;HomeImp;ProfExe;19;0;0;628.98194793;0;24;20.200302232
A4392;22800;129697;167475;DebtCon;ProfExe;5;0;1;202.60380291;1;18;22.043933842
A4393;22900;;148018;;;;;;;;;15.938057792
A4396;22900;90702;115355;DebtCon;Mgr;24;;0;308.85054;1;42;38.793334326
A4398;22900;41279;59993;DebtCon;Other;0;0;0;111.23759721;0;17;20.929729402
A4399;22900;18059;57109;DebtCon;Other;26;0;1;213.03628478;0;24;25.547010323
A4400;22900;95321;123082;DebtCon;Self;3;0;0;205.44151908;2;26;34.05349114
A4403;22900;59702;97591;HomeImp;ProfExe;16;0;0;627.66207954;0;24;22.118852085
A4404;22900;136032;180899;DebtCon;ProfExe;21;0;0;240.34747113;0;24;41.596747473
A4408;22900;107241;138883;DebtCon;Mgr;9;1;0;201.7857441;5;18;41.140752079
A4409;22900;161754;193666;DebtCon;Mgr;2;0;0;260.25108099;0;27;30.278929391
A4410;22900;28217;52804;DebtCon;Other;14;0;0;109.36568457;1;25;30.587728164
A4411;22900;41174;86851;HomeImp;Other;25;0;0;267.13260885;0;7;24.380389513
A4412;22900;131767;174684;;Mgr;24;;4;329.64779497;1;28;32.361627061
A4413;22900;41130;81069;DebtCon;ProfExe;8;0;0;276.08761885;0;19;38.501406575
A4415;22900;50876;74270;DebtCon;Other;5;0;0;72.004509982;1;19;34.957029896
A4416;23000;108464;155821;DebtCon;Mgr;16;0;0;170.22315657;0;26;35.059327002
A4418;23000;58696;102176;HomeImp;ProfExe;18;0;0;629.09576631;0;23;22.825607116
A4419;23000;;150364;;;;;;;;;17.125660427
A4420;23000;91732;140728;DebtCon;ProfExe;;0;0;203.90667763;0;21;27.692237423
A4422;23000;76561;111389;DebtCon;Mgr;8;0;1;301.23291075;2;28;30.346706109
A4423;23000;68275;89967;DebtCon;ProfExe;8;1;0;140.71441489;4;25;33.694943696
A4424;23000;58577;69327;;Other;4;0;2;110.4144797;2;33;133.52827043
A4425;23000;;46846;DebtCon;Other;;;;77.553203053;;13;25.614294668
A4426;23000;72681;105405;DebtCon;Mgr;0;;;230.07506449;4;23;43.519093321
A4427;23000;76213;184360;;Other;12;0;0;379.34995485;0;16;32.040366079
A4429;23000;72638;109183;DebtCon;ProfExe;2;0;0;177.61164796;2;22;48.277591224
A4430;23000;163805;216500;HomeImp;Self;3.5;;;;;;
A4431;23000;131200;163390;DebtCon;Other;7;1;0;215.06666667;1;20;
A4432;23000;213000;280000;HomeImp;ProfExe;7;;5;468.86666667;;56;
A4433;23000;42600;69500;DebtCon;Other;10;0;0;119.7;1;20;
A4434;23000;56000;92000;DebtCon;Other;8;1;4;69.133333333;2;27;
A4435;23000;47000;78000;DebtCon;Other;17.8;2;1;100.46666667;0;28;
A4437;23000;48003;64720;DebtCon;Office;4;0;0;160.6060458;1;26;33.629923296
A4438;23000;32946;52054;HomeImp;Self;6;0;;123.06721674;;10;24.02181712
A4440;23000;71902;101750;HomeImp;Other;5;0;0;214.38925238;0;13;29.045964061
A4441;23100;95352;115077;DebtCon;Other;24;0;0;253.32937133;0;26;39.816800565
A4442;23100;71680;101492;DebtCon;Mgr;1;;;230.36161621;5;24;39.872708847
A4443;23100;61524;96308;DebtCon;Office;1;0;0;160.38316815;1;21;35.112241195
A4444;23100;141937;179756;HomeImp;Mgr;6;0;0;328.39849318;0;16;43.910045849
A4445;23100;75837;183443;;Other;9;0;0;377.29103995;0;17;31.435316117
A4446;23100;93805;135780;HomeImp;ProfExe;5;0;0;155.02538165;0;31;34.644921651
A4448;23100;133867;174105;;Mgr;26;;3;332.40983989;0;28;30.768637688
A4449;23100;42862;63916;DebtCon;Office;5;0;0;182.93211997;1;26;35.583789235
A4450;23100;72712;185787;;Other;10;0;0;362.18170443;1;16;31.86715522
A4451;23100;109498;156191;DebtCon;Mgr;15;0;0;186.20199627;0;25;33.794211606
A4453;23100;235937;266793;HomeImp;Self;5;1;0;242.61486138;2;51;36.88704865
A4454;23200;184526;237546;DebtCon;ProfExe;2;0;0;291.6334148;0;26;39.483913745
A4455;23200;62811;99320;DebtCon;Office;3;0;0;166.86109892;1;21;36.071271567
A4456;23200;96345;135081;DebtCon;ProfExe;;0;0;217.48054226;0;20;26.799930011
A4458;23200;129355;171709;DebtCon;ProfExe;0;0;0;328.51412138;0;30;40.048440044
A4460;23200;14511;81579;DebtCon;Other;7;0;3;272.938299;0;23;47.120580493
A4461;23200;40905;81651;DebtCon;ProfExe;6;0;0;274.00207957;0;19;40.109442513
A4463;23200;144542;176611;DebtCon;ProfExe;5;;;179.239077;5;42;40.823160429
A4464;23300;82472;110321;DebtCon;Other;;0;0;174.23998064;2;25;37.912872473
A4465;23300;103162;135013;DebtCon;Mgr;9;1;0;188.93983988;5;18;40.670817077
A4466;23300;81144;106102;DebtCon;Mgr;7;0;0;288.37273939;1;28;33.271413361
A4467;23300;65310;89959;DebtCon;Other;2;0;0;89.794149202;1;30;33.986098814
A4469;23300;36000;;DebtCon;Other;19;4;0;113.56666667;2;20;
A4470;23300;84083;107407;DebtCon;Self;2;0;1;153.23333333;6;23;
A4471;23300;61496;102823;HomeImp;ProfExe;18;0;0;649.74710438;1;24;20.872560266
A4472;23300;71734;100072;DebtCon;ProfExe;6;0;7;122.79944314;0;21;34.530438587
A4475;23300;91957;135827;DebtCon;ProfExe;;0;1;203.07168751;0;20;27.833356125
A4476;23300;88825;104609;HomeImp;;8;;;;;;28.013238842
A4477;23300;89847;136259;DebtCon;ProfExe;;0;0;210.01611964;0;21;29.779942256
A4478;23400;64332;95770;HomeImp;Office;13;0;0;128.23922251;0;13;35.157645613
A4479;23400;81379;105005;DebtCon;Other;;0;0;186.89092458;1;24;37.889768706
A4481;23400;72262;94646;DebtCon;Other;2;0;0;105.99926564;1;29;31.8406351
A4482;23400;89427;106590;HomeImp;;6;;;;;;29.371651522
A4484;23400;125750;165732;DebtCon;ProfExe;6;0;0;195.08453906;0;38;20.733031637
A4485;23400;97865;120172;DebtCon;Self;2;0;0;200.57575228;1;26;36.398728722
A4487;23400;89226;119604;DebtCon;Self;3;0;0;221.68138332;1;26;34.556201402
A4488;23400;90924;116819;DebtCon;Other;24;0;0;245.89786162;1;27;40.857427037
A4490;23500;95289;122273;HomeImp;Mgr;9;0;0;118.61613434;1;23;30.447274539
A4491;23500;;90205;HomeImp;Other;9;0;0;169.01497354;0;16;38.698735922
A4492;23500;90246;119320;DebtCon;Other;22;0;0;239.25964489;1;26;41.336696482
A4493;23500;52457;77436;DebtCon;Other;16;0;0;;0;0;33.568766269
A4494;23500;18989;51607;DebtCon;Other;26;0;1;206.76549496;0;24;27.551408817
A4495;23500;44952;70191;DebtCon;Office;6;0;0;164.96393992;1;26;35.788157705
A4496;23500;68049;93394;DebtCon;Mgr;6;0;0;191.1124423;2;18;32.13282224
A4497;23500;133197;168990;DebtCon;Other;8;1;0;214.28459938;0;19;36.642629039
A4498;23500;48286;81958;DebtCon;Mgr;6;0;0;248.86009427;2;25;32.467300894
A4499;23500;54816;87000;DebtCon;Other;3.5;0;1;223.2;0;17;
A4500;23500;;143168;DebtCon;Office;10;;;;;;35.733567331
A4501;23500;;131203;HomeImp;Other;0;0;0;318.84712976;3;21;31.084155792
A4502;23500;146371;179434;DebtCon;ProfExe;6;;;195.17814464;4;43;39.94505447
A4504;23500;;59600;DebtCon;Other;26;0;0;127.8;0;9;
A4509;23500;132737;285749;HomeImp;Mgr;4;0;0;213.39299486;0;14;31.236113807
A4510;23500;94109;97194;DebtCon;ProfExe;1;1;0;116.81864817;0;20;35.866116431
A4511;23500;;66217;DebtCon;Other;24;0;1;122.14755148;1;8;20.17202126
A4512;23500;55731;89079;DebtCon;Mgr;4;0;0;273.67437989;1;25;33.509409038
A4513;23500;190239;233603;DebtCon;ProfExe;3;0;0;285.33129265;0;27;39.916482966
A4515;23500;86144;138953;DebtCon;Other;13;0;0;110.05419832;3;15;41.841690898
A4516;23500;62441;97293;DebtCon;Office;1;0;0;152.83275416;0;21;34.531259989
A4517;23500;;116983;HomeImp;Other;;0;1;143.4146448;0;10;35.060319852
A4518;23600;70769;183593;;Other;11;0;0;367.09848754;1;17;33.789192331
A4519;23600;30758;57280;DebtCon;Other;13;0;0;104.39569049;2;24;31.120398625
A4520;23600;87875;139025;DebtCon;Other;10;0;0;112.91251455;2;15;38.505897277
A4521;23600;136607;172414;DebtCon;Other;6;0;0;226.04029456;0;20;36.976930394
A4522;23600;;68208;DebtCon;Other;26;0;0;119.58590128;0;8;20.818255542
A4523;23600;50424;70281;DebtCon;Other;24;0;0;312.73847118;4;31;35.771675924
A4524;23600;69846;189234;;Other;11;0;0;357.8050619;0;17;30.564280336
A4527;23600;94908;101678;DebtCon;ProfExe;1;1;0;125.70170443;0;19;33.224319129
A4528;23600;141000;175000;DebtCon;Other;2;0;0;192.76666667;0;35;
A4529;23600;82639;114266;DebtCon;Other;;0;0;186.15634723;2;25;37.943868201
A4530;23600;96452;125277;HomeImp;Mgr;11;0;0;127.35992199;1;23;30.985538961
A4531;23600;126254;169638;DebtCon;ProfExe;6;0;0;176.74916309;0;38;17.620920214
A4533;23600;140284;182591;DebtCon;ProfExe;21;0;0;224.94134673;0;24;41.871755799
A4534;23600;56023;83659;DebtCon;Mgr;5;0;0;267.75553453;2;25;32.200781329
A4535;23700;76196;100929;DebtCon;Other;17;0;0;180.73115396;1;13;41.526026449
A4536;23700;;78878;DebtCon;Sales;4;0;0;408.18764616;0;23;24.200935826
A4538;23700;43712;75191;DebtCon;Office;6;0;0;50.717534833;2;18;37.10325125
A4539;23700;;78812;DebtCon;Sales;4;0;0;412.02054674;0;24;25.637263088
A4540;23700;138632;186585;DebtCon;ProfExe;20;0;0;225.89772555;0;24;42.766829612
A4542;23700;;46665;DebtCon;Other;;;;85.128353796;;12;24.991359419
A4543;23700;46910;75136;DebtCon;Other;10;0;0;119.23120438;1;19;43.829588004
A4544;23700;93734;98099;HomeImp;;8;;;;;;30.020087994
A4545;23700;62949;99295;HomeImp;Office;15;0;0;145.35528027;0;14;36.032760292
A4547;23700;82983;106877;DebtCon;Other;;0;0;177.01767442;2;24;40.995208218
A4548;23700;87141;140428;DebtCon;ProfExe;22;1;0;169.28363143;1;25;40.980615645
A4549;23700;104752;143913;HomeImp;;;;;;;;36.761014189
A4550;23700;18825;55549;DebtCon;Other;26;0;1;203.8609299;0;25;26.629077387
A4551;23700;58068;97948;DebtCon;Office;1;0;0;160.05823642;1;21;34.355460775
A4552;23800;74390;186176;;Other;10;0;0;363.14019166;1;16;30.27099531
A4553;23800;;71798;HomeImp;Office;6;0;0;119.71195475;2;5;19.624527791
A4554;23800;76390;110315;DebtCon;Mgr;7;0;0;275.95535624;2;29;29.713601037
A4555;23800;45279;68939;DebtCon;Other;6;0;0;77.228821947;1;19;35.5214873
A4556;23800;19612;77300;DebtCon;ProfExe;15;0;6;173.46666667;0;19;
A4558;23800;55753;87971;HomeImp;Other;1;0;0;56.667099395;0;13;64.775727757
A4559;23800;9124;41900;DebtCon;Other;28;0;2;120.73333333;1;16;
A4560;23800;46884;68142;DebtCon;Other;8;0;0;59.405775058;1;18;35.696636225
A4561;23800;;55669;DebtCon;Other;;0;1;308.42512578;0;18;37.654075235
A4562;23800;101536;147601;HomeImp;ProfExe;10;0;0;161.25574183;1;23;32.719421241
A4563;23800;44372;67279;DebtCon;Other;6;0;0;75.813971337;2;19;36.529569478
A4564;23900;7500;26500;DebtCon;Other;17;3;0;126.83333333;2;19;
A4565;23900;236803;267036;HomeImp;Self;7;0;0;252.07354491;1;50;38.074090593
A4568;23900;90475;136094;DebtCon;ProfExe;;0;1;207.78427098;0;21;30.549215834
A4569;23900;70694;95718;HomeImp;Office;11;0;0;138.16735959;0;13;38.561206281
A4570;23900;16082;31196;DebtCon;Other;17;2;0;123.36864612;1;19;26.71625685
A4571;23900;95060;134567;DebtCon;ProfExe;;0;0;194.25100609;0;20;27.157061267
A4572;23900;31992;57986;DebtCon;Other;;0;0;226.24324322;0;12;38.67184311
A4573;23900;;105700;DebtCon;Other;0.8;;;;;;
A4574;23900;80406;108122;DebtCon;Other;17;0;0;211.92327535;0;13;41.494839796
A4575;23900;27800;43403;DebtCon;Other;27;0;0;307.62423878;;12;31.913704682
A4576;23900;85097;100730;HomeImp;;9;;;;;;29.508517268
A4577;23900;90244;120751;DebtCon;Self;3;0;0;194.98725245;1;26;35.406059646
A4578;23900;55284;92305;DebtCon;Other;7;0;0;241.08364933;1;19;37.479757124
A4579;23900;;62276;DebtCon;Other;26;0;0;127.02462497;0;8;20.407825584
A4580;23900;140328;183533;HomeImp;Mgr;8;0;0;322.78811436;0;17;45.413177555
A4581;23900;87884;116559;DebtCon;Mgr;23;;0;314.39449343;0;42;37.98813172
A4582;23900;;151738;;;;;;;;;16.426394706
A4583;24000;43427;68308;DebtCon;Other;25;0;0;302.77226199;2;31;34.871855162
A4584;24000;96072;122441;HomeImp;Mgr;10;0;0;127.741782;1;24;33.608037305
A4585;24000;31243;50602;HomeImp;Self;3;1;;135.19851865;;11;25.357164928
A4586;24000;144975;180539;DebtCon;ProfExe;6;;;193.1196811;5;43;39.593595223
A4587;24000;43948;86111;HomeImp;Other;24;0;0;258.30359386;0;7;26.61774876
A4588;24000;88783;116967;DebtCon;Self;2;0;0;171.50625674;5;23;56.961838569
A4589;24000;19500;38000;DebtCon;Other;;0;1;198.9;;17;
A4590;24000;16997;45000;DebtCon;Other;25;0;0;118.66666667;1;11;
A4591;24000;137000;204963;HomeImp;ProfExe;5;0;0;189.7;1;28;
A4592;24000;114196;150000;DebtCon;Mgr;4;0;0;289.13333333;0;25;
A4593;24000;59300;88000;DebtCon;Other;16;0;0;97.933333333;1;17;
A4594;24000;35000;;DebtCon;Self;3;1;0;177.5;0;16;
A4595;24000;136000;;DebtCon;ProfExe;3;1;6;303.29428571;1;27;
A4596;24000;18655;48800;HomeImp;Other;3;0;0;65.966666667;3;12;
A4597;24000;239568;266430;HomeImp;Self;7;0;0;243.73241747;3;50;35.871958946
A4598;24000;111488;163796;DebtCon;Mgr;15;0;0;185.80205049;0;25;32.22967397
A4599;24000;17575;50375;DebtCon;Other;23;0;0;135.76405083;0;11;22.981005101
A4600;24100;164155;225184;HomeImp;Self;2;;;;;;31.564226916
A4603;24100;30951;58000;DebtCon;Mgr;11;0;4;36.5;0;12;
A4604;24100;184697;238729;DebtCon;ProfExe;2;0;0;317.69255678;0;26;37.782036284
A4605;24100;61811;97086;DebtCon;Other;6;0;0;222.62659082;1;19;34.68253701
A4607;24100;104442;161366;DebtCon;Mgr;14;0;0;195.64233318;0;25;34.540809522
A4608;24100;95549;112283;DebtCon;Other;22;0;0;243.34973257;0;28;39.082696629
A4609;24100;57555;90732;DebtCon;Other;8;0;0;236.96199248;1;19;37.934877857
A4610;24100;;49433;DebtCon;Other;;;;83.099726126;;13;26.148970181
A4611;24200;10286;;DebtCon;Other;24.5;0;1;216.13333333;4;32;
A4613;24200;91491;141827;DebtCon;ProfExe;21;1;0;163.17437719;0;25;42.060981767
A4614;24200;92572;121310;HomeImp;Mgr;9;0;0;117.04550066;1;24;30.482780029
A4616;24200;49798;67458;DebtCon;Other;6;0;0;68.931110225;2;18;36.46436586
A4617;24200;121000;162900;DebtCon;Self;13;1;1;151.93333333;1;35;
A4618;24200;37500;;;ProfExe;4;0;0;123.8;0;14;
A4620;24200;68477;91598;DebtCon;Other;16;0;0;88.665201262;0;17;32.523092223
A4621;24200;22763;47622;DebtCon;Other;23;0;0;126.92269121;1;10;23.040944709
A4623;24200;150939;183208;DebtCon;Other;1;0;0;205.77680196;0;34;39.656334058
A4624;24200;90626;116601;DebtCon;Self;2;0;0;226.11638661;1;27;34.499938365
A4626;24300;142000;175000;DebtCon;ProfExe;6;0;0;323.66666667;0;35;
A4627;24300;70912;98353;DebtCon;ProfExe;9;1;0;126.2435974;3;26;36.372531415
A4628;24300;50826;68199;DebtCon;Other;7;0;0;71.1819889;1;19;36.496201084
A4629;24300;93520;137241;DebtCon;ProfExe;;0;0;199.76356315;0;20;27.471559692
A4630;24300;41323;73309;DebtCon;Other;27;0;1;298.18590413;2;32;36.155277517
A4631;24300;110442;138581;DebtCon;Mgr;9;2;0;175.15368945;4;17;40.348885329
A4632;24300;236390;262210;HomeImp;Self;6;0;0;243.07790007;2;50;36.906664969
A4634;24300;55579;98320;DebtCon;ProfExe;1;0;0;187.02181081;0;26;33.473373585
A4635;24300;21660;48475;DebtCon;Other;26;0;0;102.78283553;0;10;23.247958281
A4636;24300;123686;153184;DebtCon;Mgr;4;0;0;298.28291333;0;25;36.336564389
A4638;24300;42276;68775;DebtCon;Other;24;0;0;309.68358561;2;31;32.746506891
A4639;24400;110177;145000;DebtCon;Office;5;;;293.23652482;2;36;
A4640;24400;119000;144400;DebtCon;Mgr;33;0;2;229.3;7;36;
A4642;24400;237543;261393;HomeImp;Self;3;1;0;254.51744803;2;50;37.90658567
A4643;24400;69873;101484;DebtCon;Other;15;0;6;225.7525542;0;29;
A4644;24400;50317;71327;DebtCon;Other;6;0;0;45.485801767;1;18;37.014140786
A4645;24400;87838;104468;HomeImp;;6;;;;;;30.280354844
A4646;24400;119111;154860;DebtCon;Mgr;3;0;0;296.93039006;0;25;38.493132607
A4648;24400;26366;54775;DebtCon;Other;13;0;0;101.63623493;2;24;29.095881268
A4650;24400;;28900;HomeImp;Other;24;0;0;81.166666667;2;15;
A4651;24400;109253;158257;DebtCon;Mgr;17;0;0;193.96528716;0;25;34.594492544
A4652;24400;93411;140031;HomeImp;ProfExe;6;0;0;177.51124938;0;32;31.027335916
A4653;24400;65233;96473;DebtCon;Other;15;0;0;80.098690968;1;17;35.442946765
A4654;24400;91316;147837;DebtCon;ProfExe;23;0;0;170.05674853;0;24;42.668454647
A4655;24400;80065;118423;DebtCon;ProfExe;8;0;1;126.54274617;0;18;26.273908099
A4656;24400;61260;103842;DebtCon;ProfExe;1;0;0;179.5402847;0;26;33.590455142
A4657;24400;217533;289931;HomeImp;ProfExe;6;;3;471.88752664;;55;31.337807889
A4658;24400;112178;159638;DebtCon;Mgr;17;0;0;197.96955851;0;26;33.130175892
A4660;24500;33537;57048;DebtCon;Other;14;0;0;99.376132515;1;24;28.495004812
A4663;24500;80072;107559;DebtCon;Other;18;0;0;194.87746019;0;12;39.210169634
A4664;24500;118251;158758;DebtCon;Mgr;2;0;0;282.64992165;0;24;38.844801954
A4666;24500;134188;171658;DebtCon;Other;5;1;0;219.16757792;0;20;34.986140572
A4669;24500;95736;134000;HomeImp;Mgr;1.5;0;1;122.5;2;20;
A4670;24500;52000;84915;DebtCon;Office;0.4;0;1;93.166666667;0;23;
A4671;24500;216787;281351;HomeImp;ProfExe;5;;4;473.81398606;;55;31.201174854
A4672;24500;;51623;DebtCon;Other;;;;91.862388359;;12;28.879570662
A4674;24500;123319;159934;DebtCon;Mgr;2;0;0;300.62518954;0;25;37.786175201
A4675;24500;;35543;HomeImp;Other;21;0;0;83.111988152;1;15;29.855633501
A4676;24600;113034;165176;DebtCon;Mgr;15;0;0;194.84216401;0;26;32.770147929
A4677;24600;83099;113245;DebtCon;ProfExe;9;0;1;122.74921636;0;19;28.125731087
A4679;24600;41300;61700;DebtCon;Office;19;0;0;181.63333333;2;22;
A4680;24600;135278;164559;DebtCon;Other;5;1;0;225.36684849;0;20;34.079157691
A4681;24600;;146804;;;;;;;;;17.263534849
A4682;24600;75636;112956;DebtCon;ProfExe;1;1;0;318.54616542;3;42;
A4683;24600;221331;289991;HomeImp;ProfExe;5;;4;474.0270741;;55;31.463384548
A4684;24700;55435;89663;DebtCon;Mgr;7;0;0;252.62206943;2;26;34.741847932
A4685;24700;149235;178454;DebtCon;ProfExe;5;0;0;324.13778352;0;34;38.709991448
A4687;24700;23231;54024;DebtCon;Other;24;0;0;118.15409152;0;11;23.265224918
A4688;24700;109377;133116;DebtCon;Mgr;10;1;0;184.35578292;5;17;40.202630102
A4689;24700;79347;108238;DebtCon;Other;0;1;0;45.62588779;6;49;46.996034289
A4690;24700;53925;83056;DebtCon;Mgr;4;0;0;251.1883928;2;25;34.889241727
A4691;24700;44306;74197;DebtCon;Other;5;0;0;73.715250636;1;18;35.441570262
A4693;24700;77022;112172;DebtCon;Mgr;9;0;1;306.87107786;2;28;30.120041947
A4694;24800;;59934;DebtCon;Other;;0;1;305.68234683;0;18;38.029738357
A4695;24800;;63753;DebtCon;Other;;0;0;300.7572856;0;19;40.134476763
A4696;24800;144410;211936;HomeImp;ProfExe;3;0;0;195.07035954;1;28;38.926156879
A4697;24800;109084;140355;DebtCon;Mgr;11;2;0;183.79525849;5;18;40.604795833
A4698;24800;;45167;DebtCon;Other;;;;84.735617935;;12;28.457018931
A4699;24800;98139;121696;DebtCon;Self;3;0;0;208.52326694;1;27;32.64426513
A4701;24800;37200;67000;DebtCon;Other;10;1;8;242.46666667;4;23;
A4703;24800;43287;72898;DebtCon;Other;8;0;0;87.01103562;1;18;34.0310957
A4705;24800;64537;93212;DebtCon;ProfExe;7;1;1;120.35142038;4;25;34.686088674
A4706;24900;46116;77519;DebtCon;Other;9;0;0;120.08355192;1;19;42.929509267
A4707;24900;60778;94374;DebtCon;Other;5;0;0;232.1188078;1;20;34.92549001
A4708;24900;17139;33269;DebtCon;Other;16;3;0;124.19682654;1;18;26.275832415
A4710;24900;89530;146815;DebtCon;ProfExe;19;1;0;164.77031037;1;25;39.345858588
A4712;24900;62191;83694;HomeImp;Other;3;0;0;55.937512295;0;14;62.110721871
A4713;24900;51155;83000;DebtCon;Other;9;1;1;139.03333333;3;30;
A4714;24900;139241;171296;DebtCon;Other;6;1;0;220.68715833;0;19;35.591655668
A4715;24900;77000;115006;DebtCon;Other;10;0;0;293.23333333;0;36;
A4716;24900;;48291;DebtCon;Other;;;;94.078377582;;12;25.617845725
A4717;25000;74800;105000;DebtCon;Mgr;10;0;5;163.3;2;46;
A4719;25000;60504;93907;DebtCon;Office;1;0;0;99.993715323;0;23;33.490354241
A4720;25000;95651;148280;DebtCon;ProfExe;21;1;0;154.5654328;0;24;42.695331274
A4721;25000;47032;75957;DebtCon;Other;9;0;7;259.46652785;3;22;40.787975749
A4723;25000;109000;175000;DebtCon;Sales;17;0;0;298.33333333;1;31;
A4724;25000;94000;125000;DebtCon;Office;11;0;1;151.13333333;0;29;
A4725;25000;99348;200000;DebtCon;Other;23;0;0;199.83333333;0;19;
A4726;25000;149000;202500;HomeImp;Other;11;0;0;256.66666667;2;34;
A4727;25000;177000;226000;DebtCon;ProfExe;0.4;0;0;305.13312531;1;33;
A4728;25000;136375;236250;HomeImp;ProfExe;29;0;0;354.1;1;19;
A4729;25000;23900;55700;;Office;2.5;0;0;116.63333333;2;7;
A4730;25000;19600;71000;DebtCon;Other;;2;2;93.333333333;2;26;
A4732;25000;57459;96000;DebtCon;Other;16;0;1;133.76666667;0;30;
A4733;25000;188545;241279;DebtCon;Other;9;0;0;102.5;2;26;
A4734;25000;84000;120000;DebtCon;Other;1.5;0;0;188.76821306;2;25;
A4735;25000;94000;141750;DebtCon;Mgr;22;0;0;209;0;13;
A4736;25000;77590;108290;DebtCon;Office;10;0;1;396.73333333;0;45;
A4737;25000;126462;207200;DebtCon;ProfExe;10;0;0;239.8;3;27;
A4738;25000;89000;122000;DebtCon;ProfExe;0;1;0;193.8;3;38;
A4739;25000;199000;236200;HomeImp;Other;8;0;0;133.36666667;1;42;
A4740;25000;140000;183600;DebtCon;ProfExe;12.6;0;1;148.13333333;0;37;
A4741;25000;22800;49523;DebtCon;Other;36;0;0;281.06666667;1;24;
A4742;25000;;113000;DebtCon;Mgr;9;1;0;168.4;0;27;
A4743;25000;65000;99000;DebtCon;ProfExe;12;0;0;283.06666667;1;33;
A4744;25000;42632;71000;DebtCon;Other;24;;1;284.93333333;1;30;
A4745;25000;70150;;DebtCon;Office;4;2;;104.53333333;0;7;
A4746;25000;71700;122500;DebtCon;Office;0;0;0;303.4;1;24;
A4747;25000;69300;111800;DebtCon;Other;5;0;0;95.366666667;2;32;
A4748;25000;127491;178453;DebtCon;Mgr;1;;;120.4;;39;
A4749;25000;65700;93400;DebtCon;Office;10;0;0;149.16666667;0;21;
A4750;25000;98500;130000;DebtCon;Other;5;0;1;201.83333333;4;43;
A4751;25000;46451;89600;DebtCon;Office;10;1;2;95.366666667;2;15;
A4752;25000;71081;112500;DebtCon;Mgr;3;2;0;87.2;1;27;
A4753;25000;;;DebtCon;Other;22;0;2;203.2;0;23;
A4755;25000;110048;;DebtCon;Other;1;0;1;126.4;2;24;
A4757;25000;184000;232760;DebtCon;Other;4;0;4;230.1;2;44;
A4758;25000;160000;220000;DebtCon;Other;7;0;6;228.06666667;2;35;
A4760;25000;95000;127000;HomeImp;ProfExe;15;1;2;296.2;2;27;
A4762;25000;;72970;DebtCon;ProfExe;1.8;4;0;198.8;0;18;
A4763;25000;117500;165000;DebtCon;ProfExe;17.5;0;3;239.4;1;27;
A4764;25000;123184;200000;DebtCon;Other;12;0;1;160.3;1;32;
A4765;25000;90000;128000;DebtCon;Other;10;1;1;73.033333333;5;40;
A4766;25000;;48700;DebtCon;ProfExe;11;0;3;41.566666667;3;6;
A4767;25000;101250;135000;DebtCon;Self;3;0;0;301.3;4;46;
A4769;25000;86000;;DebtCon;Other;14;1;0;144.03333333;2;40;
A4770;25000;59000;34000;DebtCon;Sales;10;4;2;125.83333333;7;23;
A4771;25000;106282;167500;HomeImp;ProfExe;14;2;4;198.86666667;2;28;
A4774;25000;59841;108620;;Self;20;0;0;101.46666667;0;4;
A4775;25000;132000;165000;DebtCon;ProfExe;10;0;0;196.83333333;1;29;
A4776;25000;122000;151200;DebtCon;Office;1;1;6;262.33333333;3;30;
A4777;25000;104000;188500;DebtCon;Other;0.7;0;11;194.8;1;14;
A4778;25000;86000;120000;DebtCon;Mgr;6;2;1;105.53333333;8;16;
A4779;25000;11300;154340;DebtCon;Other;19;1;5;119.66666667;1;21;
A4780;25000;39000;72500;DebtCon;Other;3;0;1;114.66666667;3;22;
A4781;25000;112000;157000;DebtCon;Office;5.5;0;0;63.9;3;9;
A4782;25000;103700;172762;DebtCon;Other;4;0;0;;0;0;
A4783;25000;75110;114208;DebtCon;Mgr;3;2;0;83.052647472;1;27;45.743949059
A4784;25000;;45764;DebtCon;Other;;;;107.14476083;;12;27.779905337
A4787;25000;83624;116976;DebtCon;ProfExe;9;0;0;129.54959324;0;19;29.427733682
A4788;25000;72077;104294;DebtCon;Mgr;1;;;232.05112346;4;24;40.645479766
A4789;25000;36108;84365;HomeImp;Other;23;0;0;248.85150089;0;7;26.027040254
A4791;25100;28778;50872;DebtCon;Other;28;0;0;304.19515319;;12;31.599464331
A4792;25100;147622;187441;HomeImp;Self;3;0;0;170.48072082;0;16;41.52143161
A4793;25100;77088;111568;DebtCon;Mgr;7;0;0;288.00802523;2;29;32.550837642
A4795;25100;28244;48375;DebtCon;Other;28;0;0;303.09508449;;13;31.688818252
A4797;25100;;59783;DebtCon;Other;;0;0;307.74973593;0;19;39.277021984
A4798;25100;65633;100776;DebtCon;Other;15;0;1;141.93813032;0;29;40.62020969
A4799;25100;41314;71357;DebtCon;Office;19;0;0;183.6314283;1;22;33.665534117
A4800;25100;58042;98964;DebtCon;Other;16;0;1;125.79586391;0;29;38.372223501
A4801;25100;26889;47061;DebtCon;Other;28;0;0;318.90133251;;13;31.32456596
A4802;25100;118559;150172;DebtCon;Office;4;;;279.19802143;1;37;42.987979461
A4804;25100;96627;128022;DebtCon;ProfExe;1;0;0;197.63347142;3;37;35.980542351
A4805;25100;66938;92544;DebtCon;ProfExe;8;1;1;135.66507023;4;26;34.565876305
A4806;25100;23269;75668;DebtCon;Other;;2;1;73.317884984;2;25;28.165930143
A4807;25100;143881;243809;HomeImp;ProfExe;27;0;0;353.99083647;1;18;39.87670703
A4808;25100;73398;115065;DebtCon;Other;5;0;0;88.606337474;2;31;42.050244454
A4809;25100;44639;75412;DebtCon;Other;22;;1;284.91367043;0;29;39.518017085
A4810;25100;24205;54464;DebtCon;Other;25;0;0;116.44076966;0;11;22.459369364
A4811;25100;137489;168216;DebtCon;Other;7;1;0;211.20898093;1;20;34.767948845
A4812;25100;108235;201918;DebtCon;Other;24;0;0;199.48646366;0;19;23.652339813
A4814;25200;55283;103324;DebtCon;ProfExe;0;0;0;181.45136816;0;26;32.923860468
A4816;25200;22773;72541;DebtCon;Other;;1;2;92.583557;1;26;30.420914823
A4818;25200;26255;50963;DebtCon;Other;24;0;0;302.43122405;;12;31.258328648
A4822;25200;73168;93608;DebtCon;Office;9;0;0;151.12147952;0;21;35.590326769
A4823;25200;55823;90658;DebtCon;Office;0;0;0;85.314143075;0;22;35.571294933
A4824;25200;69510;90781;DebtCon;ProfExe;6;0;1;143.83135388;4;25;35.326912601
A4825;25200;74038;114722;DebtCon;Mgr;9;0;1;304.00415592;1;28;31.360727251
A4826;25300;60084;88898;DebtCon;Other;7;0;0;227.08692441;0;19;36.444430994
A4827;25300;137813;214014;HomeImp;ProfExe;5;0;0;187.19250991;0;27;38.656846663
A4829;25300;115226;153900;DebtCon;Office;6;;;303.01408346;2;36;41.715110686
A4830;25300;118744;153552;DebtCon;Office;5;;;307.87619897;1;35;43.469263374
A4832;25300;22361;50688;DebtCon;Other;24;0;0;125.40746401;0;11;25.181498839
A4833;25300;122933;157009;DebtCon;Mgr;3;0;0;280.57384454;0;24;38.740801417
A4835;25300;56393;86612;DebtCon;Mgr;6;0;0;258.14736866;1;25;33.193875534
A4836;25300;46780;62536;DebtCon;Office;18;0;0;189.13668831;0;22;30.746724366
A4837;25300;62540;101165;DebtCon;ProfExe;0;0;0;195.45133124;0;25;35.200864505
A4838;25400;136322;;DebtCon;ProfExe;2;0;5;303.73793473;1;27;16.644674498
A4839;25400;76194;98188;DebtCon;Mgr;0;;;245.26785331;5;23;42.138106434
A4840;25400;107343;192642;DebtCon;Other;1;0;10;192.6716931;1;14;35.759760239
A4841;25400;61907;87133;DebtCon;Office;0;0;1;81.49211941;0;22;34.36469831
A4842;25400;149364;210724;HomeImp;Other;10;0;0;266.50672409;1;34;41.617983034
A4843;25400;82553;107422;DebtCon;Mgr;9;1;0;305.75970536;2;29;32.72167844
A4844;25400;44800;78000;DebtCon;Other;21;0;0;211.03333333;1;27;
A4846;25400;83943;129189;DebtCon;Mgr;;1;1;5.2433410438;;41;42.93355731
A4847;25400;62906;96327;DebtCon;Other;17;0;0;110.62012706;1;16;33.760748359
A4848;25400;138132;243327;HomeImp;ProfExe;27;0;0;349.94092953;0;19;37.820054519
A4850;25400;61771;105880;DebtCon;Other;17;0;1;130.15042286;0;29;37.195249012
A4851;25400;;45369;DebtCon;Other;;;;87.26384702;;12;27.529497704
A4854;25500;143881;178914;DebtCon;ProfExe;7;0;0;323.0225718;0;35;37.575821975
A4855;25500;63967;87239;DebtCon;Other;6;0;0;;0;0;33.051073753
A4856;25500;79689;117577;DebtCon;ProfExe;9;0;0;114.96849873;0;19;26.484886371
A4857;25500;44562;79481;DebtCon;Other;10;0;0;126.27780817;1;19;40.250738027
A4860;25500;79593;113063;DebtCon;ProfExe;9;0;0;135.74061354;0;19;28.040793179
A4861;25500;113204;184561;DebtCon;Sales;17;1;0;308.95819842;1;31;34.357866
A4862;25500;26603;64347;;Office;1;0;0;117.43236504;1;6;39.257912029
A4863;25500;84267;117833;DebtCon;ProfExe;12;0;1;123.75685647;0;18;27.47115778
A4866;25500;;44707;DebtCon;Other;;;;95.595496082;;12;27.503570973
A4867;25500;32458;52329;DebtCon;Other;15;0;0;105.7836806;2;24;29.866278228
A4868;25500;;43031;DebtCon;Other;;;;89.169267306;;13;28.865282118
A4869;25500;73083;126995;DebtCon;Office;1;0;0;289.20089863;1;24;37.316207652
A4870;25600;;51974;DebtCon;Other;;;;100.67686562;;13;28.116067418
A4871;25600;47936;80600;DebtCon;Other;23;;1;290.47827682;0;30;37.734940524
A4872;25600;241570;264772;HomeImp;Self;4;1;0;260.74198887;2;50;37.379974648
A4873;25600;196689;247025;DebtCon;Other;8;0;0;105.42535396;1;25;42.670275302
A4874;25600;58606;89508;DebtCon;Other;8;1;0;140.71275774;2;30;41.669963714
A4875;25600;78441;128814;DebtCon;Office;2;0;0;310.50009981;1;24;38.738649619
A4876;25600;240092;263958;HomeImp;Self;5;1;0;245.67947059;2;51;38.973539329
A4877;25600;111000;153000;DebtCon;ProfExe;7;0;0;112.63333333;3;27;
A4878;25600;46000;80000;DebtCon;Other;;0;0;135.9;2;19;
A4880;25600;105480;126389;DebtCon;Mgr;25;0;2;307.40290366;2;35;36.763824165
A4881;25600;;147598;;;;;;;;;14.461987334
A4882;25600;50910;87358;DebtCon;Other;19;2;0;104.40647219;0;27;42.677450653
A4883;25600;144616;211230;HomeImp;ProfExe;7;0;0;199.09130807;0;27;39.002928326
A4884;25600;65030;92453;DebtCon;Other;5;0;0;;0;0;35.028856424
A4885;25600;77123;103014;DebtCon;Mgr;1;;;231.79420106;3;24;43.671281432
A4886;25600;140649;212089;HomeImp;ProfExe;4;0;0;187.87142092;0;29;40.033218625
A4887;25600;76102;119391;DebtCon;Other;5;0;0;87.625382168;1;32;40.929954323
A4888;25600;139746;210298;HomeImp;ProfExe;6;0;0;185.11257638;1;28;38.368890383
A4889;25700;94295;143788;DebtCon;Mgr;23;0;0;220.72951888;0;13;42.358128042
A4890;25700;31333;56733;DebtCon;Other;13;0;0;97.086150555;2;25;30.619786755
A4891;25700;32039;54499;DebtCon;Other;15;0;0;114.8074121;2;24;31.142957048
A4892;25700;189995;250814;DebtCon;Other;9;0;0;100.80094267;1;25;41.00583277
A4893;25700;26059;51800;DebtCon;Other;24;0;0;118.03113124;0;10;23.085478541
A4894;25700;50800;85000;DebtCon;Other;23;1;2;184.26666667;1;20;
A4896;25700;43881;69954;DebtCon;Other;10;0;0;126.47306563;0;20;40.769061823
A4897;25700;83733;116386;DebtCon;Office;8;0;1;397.87068918;0;44;41.869893336
A4898;25700;32613;63065;DebtCon;Other;0;0;0;218.48527507;0;22;41.210107042
A4899;25700;23047;76575;DebtCon;Other;;2;1;104.5662029;2;26;29.296633491
A4900;25700;85417;98179;HomeImp;;7;;;;;;30.829477167
A4902;25700;63054;104624;DebtCon;Other;15;0;1;132.10711721;0;29;40.205292882
A4904;25800;;63456;DebtCon;Other;25;0;0;148.81628466;0;8;22.06576364
A4905;25800;;68913;DebtCon;Other;26;0;0;123.64448805;0;9;22.925136063
A4906;25800;70804;106892;DebtCon;ProfExe;12;0;0;291.07202753;1;33;40.772283258
A4907;25800;82058;116330;DebtCon;ProfExe;11;0;1;128.44716991;0;18;27.98945739
A4908;25800;112388;180313;DebtCon;Sales;16;0;0;295.54600578;0;31;33.241096011
A4909;25800;137140;167096;DebtCon;Other;7;0;1;209.08528296;1;19;36.18947433
A4910;25800;;51824;DebtCon;Other;;;;89.599815077;;12;28.546478459
A4912;25900;42105;73249;DebtCon;Other;2;0;0;109.21115611;3;22;31.809085921
A4913;25900;118965;154728;DebtCon;ProfExe;8;0;0;101.19760679;3;26;32.598401872
A4914;25900;;33888;HomeImp;Other;24;0;0;73.858496717;2;14;28.243062567
A4915;25900;;;DebtCon;Other;20;0;2;190.99656481;0;22;31.16238948
A4917;25900;58000;95000;;Self;3;0;1;34.666666667;6;28;
A4918;25900;145700;211151;HomeImp;ProfExe;6;0;0;182.17137213;1;27;38.48048457
A4919;25900;80663;122372;DebtCon;ProfExe;10;0;1;133.66949395;0;18;26.573930791
A4920;25900;152071;185893;HomeImp;Self;0;0;0;185.54351198;0;16;40.642278896
A4921;25900;59575;85837;DebtCon;Other;22;0;1;189.75535052;0;19;24.874615108
A4922;25900;56784;91401;DebtCon;Office;2;0;1;90.16369704;0;23;34.098931734
A4925;25900;61064;94714;DebtCon;Office;2;0;0;98.809374842;0;23;34.565944252
A4926;26000;43314;71303;DebtCon;Other;8;0;7;246.31867494;3;23;43.215233511
A4927;26000;150773;179077;DebtCon;Other;1;0;0;186.91446699;0;35;38.707779709
A4930;26000;107291;137426;DebtCon;Mgr;9;2;0;191.57344003;4;18;40.767401412
A4932;26000;222681;286283;HomeImp;ProfExe;6;;4;485.94535834;;55;33.239355484
A4933;26000;139904;172310;DebtCon;Other;6;1;0;204.11441471;0;19;34.83482969
A4934;26000;75034;100852;DebtCon;Office;10;0;0;152.3539807;0;20;36.356309397
A4935;26000;79714;;DebtCon;ProfExe;1;0;4;125.76666667;0;23;
A4936;26000;154000;190000;;Other;0;0;4;171.43333333;3;58;
A4937;26000;58794;91413;DebtCon;Other;5;0;0;230.68023074;0;19;37.996923331
A4938;26000;119553;158687;DebtCon;Mgr;5;0;0;290.75850449;0;24;36.977518905
A4939;26000;81764;118388;DebtCon;ProfExe;9;0;0;130.19241813;0;18;28.154134662
A4940;26000;20119;54563;DebtCon;Other;24;0;0;126.98795944;0;11;25.623638507
A4941;26000;47067;63292;DebtCon;Office;17;0;0;174.62101544;2;21;33.673146444
A4942;26100;;36277;DebtCon;Other;9;0;;79.331459835;;13;20.517146277
A4943;26100;75164;108483;DebtCon;Mgr;7;0;0;300.83595806;2;28;30.071402046
A4944;26100;113266;182082;DebtCon;Sales;18;0;0;304.85246909;1;31;33.193949357
A4947;26100;80176;113247;DebtCon;Mgr;9;0;1;294.75203341;1;29;33.19212531
A4948;26100;;151429;;;;;;;;;15.567001073
A4949;26100;;120470;DebtCon;Mgr;7;0;0;161.2876716;0;27;34.130003661
A4950;26100;103949;208432;DebtCon;Other;23;0;0;202.59264703;0;18;23.290234477
A4952;26100;73525;;DebtCon;Office;3;1;;106.65229841;0;6;22.508172514
A4953;26100;20566;50534;DebtCon;Other;24;0;0;140.5532102;1;10;24.098266761
A4954;26200;105096;136580;DebtCon;Mgr;9;2;0;181.35859173;4;17;39.187361612
A4957;26200;141109;245422;HomeImp;ProfExe;28;0;0;343.78712232;1;18;38.113555937
A4958;26200;72648;123582;DebtCon;Office;0;1;0;331.35288565;0;23;37.545837379
A4959;26200;49323;77160;DebtCon;Other;23;;1;286.18165514;0;29;39.676304649
A4960;26200;149599;181869;DebtCon;Other;1;0;0;204.02898979;0;35;39.800879561
A4961;26200;100931;132627;DebtCon;Office;11;0;1;169.03209387;0;28;41.089569186
A4962;26200;51599;87148;DebtCon;Other;;0;0;129.93392053;2;19;
A4963;26200;189252;241754;DebtCon;Other;9;0;0;97.314887744;2;25;40.312697726
A4965;26300;;37310;HomeImp;Other;26;0;0;92.855129432;2;15;27.217028651
A4966;26300;94337;123054;DebtCon;ProfExe;0;1;0;204.91733941;2;38;35.725852186
A4967;26300;147600;184207;DebtCon;ProfExe;5;0;0;310.34814574;0;35;38.235086271
A4970;26300;52394;93307;DebtCon;Other;24;0;1;184.65609577;0;19;23.54869835
A4971;26300;58369;88124;DebtCon;Other;7;0;0;234.22154725;1;20;37.158294824
A4972;26300;52296;91041;DebtCon;Other;24;1;2;193.85371322;0;19;24.893781127
A4974;26300;114956;147793;DebtCon;Office;3;;;296.56015445;2;35;43.807293163
A4975;26300;;45913;DebtCon;Other;;;;92.577224078;;13;27.924000892
A4976;26300;;43472;DebtCon;Other;;;;90.080326966;;12;28.688500322
A4977;26300;25530;79885;DebtCon;Other;;1;1;105.6387889;2;26;29.928636834
A4978;26300;78851;109090;DebtCon;Office;8;0;0;405.43042921;0;44;42.341626392
A4979;26300;189302;249773;DebtCon;Other;7;0;0;106.60930741;1;26;42.769386705
A4980;26300;94916;127526;DebtCon;ProfExe;0;0;0;195.84762449;2;37;36.018495649
A4981;26400;43781;66030;DebtCon;Office;17;0;0;184.3849541;2;21;31.489905776
A4982;26400;79163;123792;DebtCon;Office;0;0;0;310.61455492;0;24;38.109978597
A4983;26400;73679;98614;DebtCon;Office;10;0;0;151.62870365;0;20;38.159622791
A4984;26400;130672;212536;DebtCon;ProfExe;10;0;0;221.50683161;3;26;20.269918789
A4985;26400;128413;207302;DebtCon;ProfExe;9;0;0;228.01513165;3;26;17.872195182
A4987;26400;153853;188760;HomeImp;Self;2;0;0;172.57083327;0;17;43.35819405
A4988;26400;240907;260638;HomeImp;Self;7;1;0;255.41551402;3;51;37.652919106
A4989;26400;134642;182719;DebtCon;Mgr;0;;;122.45686327;;39;32.698800459
A4990;26400;44333;68945;DebtCon;Office;18;0;0;173.49539211;2;21;32.349412052
A4991;26400;220432;283978;HomeImp;ProfExe;6;;5;480.35601368;;56;33.714239099
A4992;26400;196412;250164;DebtCon;Other;9;0;0;97.278349271;1;26;42.334245998
A4993;26400;59288;87753;DebtCon;Other;8;1;1;145.88249239;3;29;38.972486705
A4994;26500;29751;57501;;Office;1;0;0;114.35918901;2;7;37.075471865
A4995;26500;23742;77878;DebtCon;Other;;2;1;99.37716841;2;26;28.876723751
A4996;26500;145393;187324;HomeImp;Self;3;0;0;194.22774484;1;16;40.854864993
A4997;26500;;63918;DebtCon;Other;25;0;0;135.44094715;0;8;20.161387851
A4998;26500;63345;100332;DebtCon;Other;16;0;0;139.51054588;0;30;38.427444569
A4999;26500;240782;267675;HomeImp;Self;6;0;0;229.30702576;1;50;37.740918996
A5000;26500;;38964;DebtCon;Other;11;1;;102.75290244;;14;20.353582085
A5002;26500;77198;131090;DebtCon;Office;0;0;0;312.90880367;0;24;37.830163787
A5003;26500;;64211;DebtCon;Other;26;0;0;127.4120114;0;10;22.289490827
A5005;26500;61223;92255;DebtCon;Other;2;0;1;214.03253889;0;17;1.8555399803
A5007;26500;14000;45000;DebtCon;Other;0;0;0;195.23333333;1;7;
A5008;26500;82859;;HomeImp;Office;0.4;2;0;177.5;0;22;
A5009;26500;76599;119041;DebtCon;Other;4;0;0;97.265658469;1;31;40.12650973
A5010;26500;134952;165451;DebtCon;Other;8;1;0;225.32367218;1;19;35.734856373
A5011;26500;;61089;DebtCon;Other;27;0;0;144.19203429;0;9;22.813867857
A5014;26600;62895;103000;DebtCon;Self;1;0;5;187.46666667;2;34;
A5015;26600;148986;175750;DebtCon;Other;1;0;0;197.39171326;0;35;40.514989578
A5016;26600;61151;97072;DebtCon;Other;16;0;1;133.44811044;0;29;39.229711537
A5017;26600;94954;131913;DebtCon;ProfExe;0;1;0;187.14082357;2;37;35.270113219
A5018;26600;78491;121598;DebtCon;Other;4;1;0;84.583010054;1;33;41.342343086
A5019;26600;140561;208775;HomeImp;ProfExe;5;0;0;197.52410245;1;27;36.878389116
A5020;26600;84843;115850;DebtCon;Sales;2;0;0;137.53887762;2;37;42.571889924
A5021;26600;49610;78355;DebtCon;Other;23;;0;278.60356404;0;30;39.529903612
A5022;26600;128238;165316;DebtCon;Mgr;1;0;0;236.06597186;2;23;36.939319169
A5023;26600;122501;153280;DebtCon;Mgr;2;0;0;289.58172299;0;25;38.129711796
A5024;26700;146193;185200;DebtCon;ProfExe;11;0;0;156.2294564;0;36;39.210272093
A5025;26700;40785;75601;DebtCon;Mgr;14;1;0;98.240520895;5;15;34.154228193
A5026;26700;144243;176096;DebtCon;Other;1;0;0;194.67979612;0;34;40.479243579
A5027;26700;73468;108774;DebtCon;ProfExe;11;0;0;290.08059139;1;32;39.042204499
A5028;26700;;120179;DebtCon;Mgr;8;0;0;162.12582;0;27;35.095519931
A5029;26700;81968;114647;DebtCon;ProfExe;10;0;1;126.70731968;0;19;27.056726972
A5030;26700;23361;55483;DebtCon;Other;36;0;0;280.80760568;1;23;39.891654292
A5031;26700;186185;233480;DebtCon;ProfExe;0;0;0;290.57883702;1;32;41.741201045
A5032;26700;129559;170042;DebtCon;Mgr;1;0;0;232.64617336;1;24;34.117532893
A5033;26700;18590;53462;DebtCon;Other;25;0;0;111.99557084;1;11;22.959806769
A5034;26800;149729;183027;DebtCon;ProfExe;7;0;0;331.25655711;0;34;37.000883221
A5035;26800;133594;173255;DebtCon;Other;8;0;0;215.968328;1;19;36.946997493
A5037;26800;96895;144482;DebtCon;Mgr;23;0;0;201.96787517;0;13;40.162160653
A5040;26800;89146;128923;DebtCon;Mgr;7;2;1;114.46195526;7;16;2.8302971697
A5042;26800;46236;62711;DebtCon;Office;17;0;0;175.07505804;1;22;33.059933638
A5043;26800;35485;74949;DebtCon;Mgr;14;0;0;84.766624812;5;15;36.191458547
A5044;26800;145745;211400;HomeImp;ProfExe;6;0;0;184.71163469;1;27;39.848391232
A5045;26800;213165;282068;HomeImp;ProfExe;5;;4;476.72828095;;55;31.181661193
A5046;26800;138216;170052;DebtCon;ProfExe;10;0;0;199.73871138;1;29;76.421478047
A5047;26800;18459;53907;DebtCon;Other;0;0;0;200.41702708;0;6;71.512110567
A5048;26900;74982;126972;DebtCon;Office;0;0;0;315.81891124;0;23;38.325989849
A5049;26900;;35397;DebtCon;Other;7;0;;85.250840722;;13;20.837255468
A5052;26900;115638;145440;DebtCon;Office;4;;;294.70019205;2;36;43.908645333
A5054;26900;67144;92923;DebtCon;Other;16;0;0;89.112173485;1;17;32.791478032
A5057;26900;54071;85557;DebtCon;Office;0;0;2;91.209976228;0;22;34.597191903
A5058;26900;113724;151969;DebtCon;Office;4;;;294.89276272;1;36;42.397248986
A5059;26900;72848;101736;DebtCon;Office;10;0;0;131.4096343;0;21;36.369027462
A5060;26900;45763;73797;DebtCon;Other;23;;0;291.59168152;1;29;39.370858155
A5061;26900;215692;286555;HomeImp;ProfExe;8;;5;468.1781224;;55;30.55300542
A5062;27000;79218;115721;DebtCon;Other;9;0;0;280.3437201;0;35;33.227763077
A5063;27000;77910;117590;DebtCon;Other;4;0;0;91.874211097;2;31;38.497154977
A5066;27000;144901;178093;DebtCon;ProfExe;7;0;0;331.1139721;0;34;40.566551898
A5068;27000;124000;162000;DebtCon;Other;0.8;0;2;166.36666667;1;34;
A5069;27000;54515;82539;DebtCon;Other;20;0;0;203.8613989;0;26;37.11235228
A5070;27000;45880;82425;DebtCon;Other;21;0;0;212.64422077;0;27;36.997793604
A5071;27000;54834;85391;DebtCon;Other;9;0;1;132.57854459;2;30;39.305739117
A5073;27000;60631;86091;DebtCon;Other;24;0;2;200.14145359;1;20;26.248756632
A5074;27000;23160;58074;DebtCon;Other;36;0;0;275.84323074;1;24;40.133220412
A5076;27000;;38356;DebtCon;Other;8;0;;87.474223059;;13;20.927415374
A5077;27100;63844;101000;DebtCon;Other;8;1;1;128.8;0;22;
A5078;27100;140305;237302;HomeImp;ProfExe;27;0;0;349.51426763;2;18;37.420847161
A5079;27100;44095;77587;DebtCon;Mgr;14;1;0;92.140029015;6;15;33.535547201
A5080;27100;24494;77479;DebtCon;Other;;1;1;101.3129167;1;26;31.124553856
A5081;27100;;31681;HomeImp;Other;23;0;0;92.514030362;2;15;29.741908938
A5082;27100;33649;63214;;Office;2;0;0;113.03673652;2;6;37.837863874
A5083;27100;20479;46735;DebtCon;Other;24;0;0;103.81628973;0;10;24.258677221
A5084;27100;118200;159739;DebtCon;ProfExe;6;0;1;117.15216054;3;27;34.206008445
A5086;27200;70730;93752;DebtCon;Office;8;0;0;165.91933287;0;20;36.170905486
A5087;27200;145725;179197;DebtCon;Other;1;0;0;183.37628836;0;34;40.287479925
A5088;27200;83894;121302;DebtCon;ProfExe;6;0;1;124.2746965;0;18;29.732489312
A5089;27200;110470;180982;DebtCon;Sales;17;0;0;295.47144922;1;30;34.766949696
A5090;27200;61000;104044;DebtCon;Other;16;0;1;141.98123448;0;30;39.546507583
A5091;27200;101680;134864;DebtCon;Office;10;0;1;150.59619803;0;29;40.880494666
A5092;27200;97541;126368;DebtCon;ProfExe;0;1;0;186.77854794;3;38;34.81068944
A5093;27200;61118;35184;DebtCon;Sales;10;4;2;134.6489043;7;23;45.25528966
A5095;27200;58383;92484;DebtCon;Other;22;1;2;170.07232349;1;20;23.809820262
A5096;27300;66878;93656;DebtCon;Office;11;0;0;153.79590463;0;20;39.085006344
A5097;27300;72314;118839;DebtCon;Other;5;0;0;99.693832459;1;31;42.343420263
A5098;27300;44026;71597;DebtCon;Other;22;;1;287.22679628;0;30;38.486948668
A5099;27300;97373;126102;DebtCon;Office;10;0;1;139.13259829;0;28;39.173553951
A5100;27300;55973;93503;DebtCon;Other;22;0;1;167.74173154;0;19;26.210175973
A5102;27300;135823;185416;DebtCon;Mgr;1;;;135.35974766;;38;32.794976443
A5103;27300;106221;137727;DebtCon;Self;3;0;0;300.57451085;3;45;32.560359399
A5104;27300;37636;73328;DebtCon;Mgr;12;0;0;80.792693759;6;16;34.268228014
A5106;27300;127260;212953;DebtCon;ProfExe;9;0;0;244.1654213;3;26;21.241194773
A5107;27300;;43277;DebtCon;Other;9;0;;101.88661478;;14;20.808196179
A5108;27300;149950;177309;DebtCon;ProfExe;6;0;0;328.16812274;0;35;39.159553757
A5109;27300;;116708;DebtCon;Mgr;11;0;0;175.20096024;0;26;33.747826295
A5110;27300;140773;188414;DebtCon;ProfExe;12;0;0;144.09346485;0;37;41.482803685
A5111;27400;99900;143437;DebtCon;Mgr;21;0;0;211.10827714;0;12;39.110297625
A5112;27400;113364;146520;HomeImp;Office;16;1;1;284.3680179;2;13;34.627659402
A5114;27400;;121625;DebtCon;Mgr;7;1;0;154.43784762;0;27;33.373813672
A5116;27400;51298;90010;DebtCon;Other;6;1;0;146.65622021;3;29;42.159936538
A5118;27400;46575;85263;DebtCon;Office;1;0;0;155.64704116;2;19;39.489317202
A5119;27400;100951;149305;DebtCon;Mgr;21;0;0;194.53302791;0;13;41.644172047
A5120;27400;41370;70528;DebtCon;Office;18;0;0;180.20434499;1;21;33.495088701
A5121;27500;54511;84470;DebtCon;Other;9;0;1;140.24779602;3;29;40.278298303
A5122;27500;97679;149877;DebtCon;Mgr;23;0;0;193.0056328;0;12;39.415166848
A5123;27500;145774;206788;HomeImp;ProfExe;4;0;0;191.94101884;0;27;38.001192233
A5125;27500;137900;184000;DebtCon;Office;10;0;0;;0;0;
A5126;27500;150666;192346;HomeImp;Self;3;0;0;177.87147325;0;17;39.978650331
A5127;27500;;40807;DebtCon;Other;8;1;;95.533519165;;13;20.39892362
A5128;27500;69579;117799;DebtCon;Other;5;0;0;84.373124498;2;32;38.862120807
A5129;27500;97601;136546;DebtCon;Other;9;0;0;80.497147072;5;39;
A5130;27500;131269;211014;DebtCon;ProfExe;10;0;0;234.35128879;2;26;18.735147443
A5131;27500;23439;47177;DebtCon;Other;25;0;0;112.89450731;0;11;23.022894085
A5132;27600;54584;86568;DebtCon;Other;22;0;0;214.8157373;1;27;35.223970798
A5133;27600;73846;100216;DebtCon;ProfExe;12;0;0;282.37066144;1;33;38.191251339
A5135;27600;121592;153432;DebtCon;Mgr;2;0;0;297.0016085;0;24;40.015316476
A5136;27600;103898;130784;DebtCon;Office;11;0;0;147.12839778;0;29;42.009813582
A5137;27600;131887;174323;DebtCon;Mgr;0;0;0;243.05371295;2;24;35.271867032
A5138;27600;150120;191972;HomeImp;Self;3;0;0;178.03849109;1;16;41.807428045
A5141;27600;57327;87683;DebtCon;Office;0;0;0;98.521771002;0;23;34.760575409
A5142;27600;;117581;DebtCon;Mgr;10;0;0;165.00583942;0;27;34.998727775
A5143;27600;54328;94216;DebtCon;Other;24;1;2;188.39374192;1;19;26.833312167
A5144;27600;124139;157940;DebtCon;Mgr;4;0;0;288.88653955;0;24;38.22673698
A5145;27600;123121;157337;DebtCon;Mgr;2;0;0;283.28285346;0;24;36.948273863
A5146;27600;72468;106906;DebtCon;ProfExe;12;0;0;288.84955151;1;32;38.984013009
A5148;27600;129311;188143;DebtCon;Mgr;1;;;122.51688476;;39;30.474173738
A5149;27600;74964;118507;DebtCon;Other;5;0;0;91.711246204;1;32;39.146755766
A5152;27700;97834;132396;HomeImp;ProfExe;18;0;2;303.95191452;2;26;6.8870241268
A5153;27700;54617;87722;DebtCon;Other;9;0;1;132.41138177;3;29;39.631102993
A5155;27700;;65635;HomeImp;Other;18;0;3;221.1;1;28;
A5157;27700;25947;49836;DebtCon;Other;24;0;0;120.02585206;0;10;23.810173362
A5158;27700;77886;114494;DebtCon;ProfExe;9;0;0;118.47135379;0;18;28.344078391
A5159;27700;54541;78832;DebtCon;Office;0;0;0;186.02084261;2;19;39.614334977
A5160;27700;149169;183234;DebtCon;ProfExe;8;0;0;314.78583915;0;35;37.636682724
A5161;27700;19300;39000;DebtCon;Mgr;12;3;0;212.06666667;0;46;
A5162;27700;83300;;HomeImp;Mgr;20;1;4;247.93333333;1;19;
A5164;27700;76055;126560;DebtCon;Office;0;0;0;310.6263344;1;23;38.983558116
A5165;27700;;42515;DebtCon;Other;11;1;;95.043074141;;13;20.209037687
A5166;27700;120070;153652;DebtCon;Office;4;;;300.16806121;2;35;43.920191228
A5167;27700;141930;182516;DebtCon;ProfExe;0;0;0;235.63057648;2;19;41.958813501
A5168;27700;35132;71456;DebtCon;Mgr;13;0;0;84.874967196;5;16;35.650730315
A5169;27700;67446;99206;DebtCon;ProfExe;11;0;0;286.96597112;0;32;38.995164401
A5172;27800;19600;50594;DebtCon;Other;24;0;0;137.23404427;1;10;24.522374645
A5173;27800;64804;97553;DebtCon;Other;15;1;0;105.09866375;1;17;32.177861062
A5174;27800;127770;169440;DebtCon;Mgr;2;0;0;235.72854702;1;24;34.844155434
A5175;27800;142356;177328;DebtCon;ProfExe;6;0;0;315.17556745;0;35;38.595990922
A5176;27800;181405;229116;DebtCon;ProfExe;0;0;0;297.99814427;0;32;43.520428182
A5177;27900;55859;92179;DebtCon;Office;0;0;1;94.932544383;0;23;33.09789894
A5178;27900;73630;106757;DebtCon;ProfExe;11;0;0;282.75969838;1;32;38.266573205
A5180;27900;66027;102745;DebtCon;ProfExe;9;0;0;298.10325142;1;32;38.250306047
A5181;27900;69589;115061;DebtCon;Other;5;0;0;97.8638453;1;32;41.473971731
A5182;27900;62264;39604;DebtCon;Sales;10;3;1;118.77826456;7;23;48.077531472
A5183;27900;149359;192955;HomeImp;Self;0;0;0;172.57959055;1;16;40.135531359
A5184;27900;142346;185057;DebtCon;ProfExe;9;0;1;155.54869901;0;36;39.397042716
A5185;27900;50988;81533;DebtCon;Office;1;0;0;167.61445006;2;18;40.620884753
A5186;27900;113843;156282;DebtCon;ProfExe;7;0;0;109.95962619;2;27;33.942464847
A5187;27900;135511;184219;DebtCon;ProfExe;1;1;0;241.05228345;2;19;38.606492713
A5189;28000;58002;86427;DebtCon;Other;9;0;1;129.57535197;2;29;39.362693216
A5190;28000;59775;87390;DebtCon;Other;8;0;0;138.48647658;3;30;41.543804711
A5191;28000;140770;209726;HomeImp;ProfExe;5;0;0;190.32952199;0;27;38.886605965
A5192;28000;49764;74526;DebtCon;Other;24;;1;294.59478302;1;30;37.611309376
A5193;28000;62376;104073;DebtCon;Other;16;1;0;146.14192957;0;30;39.759849639
A5194;28000;77322;118082;DebtCon;Other;7;0;0;80.658093685;1;31;38.815438401
A5196;28000;86600;127000;DebtCon;ProfExe;6.5;0;4;234.36666667;5;35;
A5197;28000;28042;63500;DebtCon;ProfExe;14;2;4;121.73333333;4;28;
A5198;28000;96015;127551;DebtCon;ProfExe;0;1;0;196.52348814;3;37;34.871643115
A5199;28100;100420;207737;DebtCon;Other;22;0;0;197.19812185;0;19;26.372548724
A5200;28100;135991;183598;DebtCon;Mgr;0;;;131.58912441;;38;31.085617659
A5201;28100;96160;128767;DebtCon;Office;10;0;1;154.67285803;0;29;41.117944577
A5202;28100;86778;110851;DebtCon;Office;9;0;0;398.4023372;0;44;41.04058878
A5203;28100;32470;54522;DebtCon;Other;35;0;0;295.49668351;0;23;38.7994829
A5204;28100;61000;99000;DebtCon;Mgr;7;0;1;129.16666667;1;31;
A5205;28100;72100;112000;DebtCon;ProfExe;20;4;1;120.73333333;1;58;
A5206;28100;112564;162129;DebtCon;ProfExe;7;0;0;115.56446202;2;26;33.091681472
A5207;28100;75768;;DebtCon;Other;9;;0;133.12186695;3;33;46.751800109
A5208;28200;90485;123674;DebtCon;Other;1;0;1;189.73474189;2;25;41.676985544
A5209;28200;76011;129352;DebtCon;Office;1;0;0;302.80326065;0;23;36.390473606
A5210;28200;58232;97555;DebtCon;Other;17;0;1;130.45076488;0;29;38.092730303
A5211;28200;44363;72966;DebtCon;Mgr;16;1;0;82.270594585;6;16;34.980525368
A5213;28200;118728;160486;DebtCon;ProfExe;7;0;0;112.52081792;2;26;34.537342291
A5214;28200;109184;207035;DebtCon;Other;23;0;0;179.93775089;0;18;23.662456689
A5215;28200;44321;63050;DebtCon;Office;19;0;0;182.24730572;2;22;32.477167031
A5216;28200;185607;227617;DebtCon;ProfExe;0;0;0;311.06275541;0;33;42.435284999
A5217;28200;;117181;DebtCon;Mgr;9;0;0;170.64615367;0;26;31.601436148
A5218;28200;148455;191419;HomeImp;Self;1;0;0;186.98304288;0;17;39.563303075
A5219;28200;100353;131386;DebtCon;Office;9;0;0;146.06548333;0;28;38.679207625
A5220;28200;51663;92860;DebtCon;Other;24;0;1;172.34065431;0;20;26.913004797
A5221;28200;148772;186023;HomeImp;Self;3;0;0;203.57585973;1;17;43.304658069
A5222;28200;66242;109762;DebtCon;Other;8;0;1;130.96956536;0;21;60.295413494
A5223;28300;72572;117311;DebtCon;Other;6;0;0;85.797248152;1;32;39.876503701
A5224;28300;;29512;HomeImp;Other;24;0;0;78.109069731;2;14;30.513283442
A5225;28300;126942;166797;DebtCon;Mgr;0;0;0;244.72228465;1;23;33.394853996
A5226;28300;105000;147000;DebtCon;ProfExe;11;0;0;162.36666667;1;17;
A5227;28300;71973;119224;DebtCon;Other;4;0;0;89.379952321;2;32;39.98105906
A5228;28300;68959;102048;DebtCon;ProfExe;12;0;0;278.71470424;1;32;39.932750126
A5230;28300;137159;186153;DebtCon;Mgr;0;;;112.17281254;;38;29.874731494
A5231;28300;145931;239990;HomeImp;ProfExe;27;0;0;357.23095382;0;19;38.268469992
A5232;28300;104686;136033;HomeImp;ProfExe;13;0;2;291.17166139;1;27;5.7629948717
A5233;28400;90823;126845;DebtCon;Other;1;0;0;188.77345493;1;25;42.896715113
A5234;28400;72870;95647;DebtCon;Office;11;0;0;139.04525472;0;20;37.820678455
A5235;28400;46126;66942;DebtCon;Office;18;0;0;180.66830818;2;21;33.76903515
A5236;28400;150784;192411;HomeImp;Self;0;0;0;173.30549337;1;16;41.543254137
A5237;28400;197852;243593;DebtCon;Other;10;0;0;111.10868013;2;26;41.214965339
A5238;28400;207687;242544;HomeImp;Other;8;0;0;134.00768046;0;41;41.298386628
A5239;28400;106020;206030;DebtCon;Other;22;0;0;188.75246946;0;18;25.33037232
A5240;28400;112996;175817;DebtCon;Sales;17;0;0;303.28205506;1;31;36.289002598
A5241;28400;53480;90560;DebtCon;Other;24;0;1;174.47472367;0;19;24.490839114
A5242;28400;183314;232345;DebtCon;ProfExe;1;0;0;300.90431006;1;32;42.336226896
A5243;28400;36484;73478;DebtCon;Mgr;13;1;0;100.9750908;6;16;34.763993775
A5245;28500;49461;83352;DebtCon;Other;21;0;0;210.02505835;0;26;37.301764099
A5246;28500;73188;111925;HomeImp;Other;5;;;123.61317437;11;21;44.520554753
A5247;28500;97262;131830;DebtCon;Office;10;0;0;168.8035325;0;29;42.324924696
A5249;28500;108293;135317;DebtCon;Other;5;0;0;219.61525186;4;43;31.209731086
A5250;28500;84908;108385;DebtCon;Office;10;0;0;384.28504689;0;45;41.342010942
A5251;28500;43413;73248;DebtCon;Mgr;13;0;0;102.56701711;6;16;35.671505075
A5252;28500;100145;130522;DebtCon;Office;10;0;0;137.94286922;0;29;39.072589176
A5253;28500;137174;186118;DebtCon;Mgr;1;;;115.29481113;;39;32.87512565
A5254;28500;29338;62220;;Office;2;0;0;113.20592381;1;6;36.877098508
A5256;28600;94165;130285;DebtCon;Office;10;0;1;137.81333094;0;28;42.080016037
A5257;28600;85174;127306;DebtCon;Other;1;0;0;193.07391349;1;24;40.656248579
A5258;28600;136546;185507;DebtCon;ProfExe;0;0;0;212.31409848;3;19;40.516801315
A5259;28600;26189;50409;DebtCon;Other;36;0;0;287.49617332;0;23;38.644394598
A5260;28600;39009;75893;DebtCon;Mgr;12;1;0;85.625519988;6;15;33.975814412
A5261;28600;105907;156126;DebtCon;ProfExe;10;0;0;165.09073496;1;17;33.231300882
A5262;28600;31634;65157;;Office;5;0;0;119.36202556;1;6;40.159418765
A5263;28600;126189;167157;DebtCon;ProfExe;19;0;2;239.22703591;0;26;31.012748928
A5264;28700;107281;155874;DebtCon;ProfExe;10;0;0;173.83583579;0;17;32.740368493
A5265;28700;137247;186685;DebtCon;Mgr;0;;;110.49500235;;39;30.859724325
A5266;28700;131767;214558;DebtCon;ProfExe;10;0;0;238.79489103;2;27;20.523272269
A5268;28700;133188;179454;DebtCon;ProfExe;1;1;0;223.34866354;1;19;41.136159259
A5269;28700;25190;59841;DebtCon;Office;1;0;1;201.17678326;0;11;35.72928694
A5271;28800;132019;168828;DebtCon;Mgr;0;0;0;231.28613401;1;24;35.490305671
A5272;28800;;121560;DebtCon;Mgr;8;1;0;175.2063398;0;26;31.612038453
A5273;28800;151328;194243;HomeImp;Self;2;0;0;174.97705282;0;17;42.112540128
A5274;28800;;44761;DebtCon;Other;10;0;;84.728267958;;14;22.841663187
A5275;28800;134144;185910;DebtCon;Mgr;2;;;122.5038922;;39;30.338219429
A5278;28900;135770;188368;DebtCon;ProfExe;0;1;0;229.75322241;2;19;40.631871388
A5279;28900;91683;127833;DebtCon;ProfExe;0;1;0;187.24240278;3;37;33.168756851
A5280;28900;134509;211558;DebtCon;ProfExe;10;0;0;247.84445257;2;27;20.610706647
A5281;28900;89945;124453;DebtCon;Other;2;0;0;194.91024949;2;25;42.719774573
A5282;28900;;117991;DebtCon;Mgr;7;0;0;159.55002458;0;27;32.16500253
A5283;28900;63748;36392;DebtCon;Sales;9;4;1;124.24789861;6;23;44.578500055
A5285;28900;75887;117989;DebtCon;Other;4;0;0;92.090542151;2;32;40.778888426
A5286;28900;77916;130728;DebtCon;Office;2;0;0;290.77260805;1;23;39.095476448
A5287;28900;109888;182229;DebtCon;Sales;16;0;0;302.22641765;1;30;33.319061895
A5288;28900;29515;49525;DebtCon;Other;36;0;0;288.65624667;0;24;39.60580772
A5289;29000;152065;192445;HomeImp;Self;2;0;0;166.94856833;0;16;41.563839245
A5290;29000;32109;49912;DebtCon;Other;34;0;0;278.56500343;1;23;39.796560762
A5292;29000;79000;;HomeImp;ProfExe;8;0;1;189.7;1;33;
A5294;29000;101824;;DebtCon;Mgr;4;2;4;186.7;0;14;
A5295;29200;116202;160084;DebtCon;ProfExe;6;0;0;124.12146165;3;26;32.644529835
A5296;29200;50105;83815;DebtCon;Other;21;0;0;188.20102865;0;26;35.595750669
A5297;29200;139299;180818;DebtCon;ProfExe;1;0;0;226.86114488;1;19;40.817309246
A5298;29200;99600;143000;DebtCon;Other;15;0;0;232.33333333;1;40;
A5299;29300;228059;291314;DebtCon;ProfExe;16;0;1;259.67720211;2;26;28.173645541
A5300;29300;68024;115954;HomeImp;Other;6;;;109.91502045;11;21;44.369170763
A5301;29400;119256;160683;DebtCon;ProfExe;6;0;0;109.12119697;3;27;33.301762888
A5302;29400;48800;86000;DebtCon;Other;5;1;0;52.766532731;2;21;
A5303;29400;39354;75553;DebtCon;Mgr;13;1;0;77.342597043;6;15;35.110448893
A5304;29400;109457;145453;DebtCon;Other;15;0;0;222.85871099;1;40;40.697418457
A5305;29500;232801;289260;DebtCon;ProfExe;13;0;0;264.43150764;2;25;26.981363085
A5306;29500;50079;80222;DebtCon;Office;1;0;0;147.99011817;2;19;38.139021997
A5307;29500;48590;81354;DebtCon;Office;0;0;0;157.02632626;3;18;40.170618286
A5308;29500;118000;169900;DebtCon;Mgr;8;0;0;138.96666667;1;23;
A5309;29600;233916;291490;DebtCon;ProfExe;15;0;1;259.73346527;2;25;25.105086064
A5310;29700;46268;79463;DebtCon;Office;0;0;0;161.27602904;3;19;40.261962227
A5311;29700;100657;148653;DebtCon;Other;14;0;0;221.92531148;0;40;42.302907328
A5312;29800;134560;187551;DebtCon;ProfExe;1;0;0;225.09229867;1;19;39.211937494
A5313;29800;225481;290762;DebtCon;ProfExe;13;0;1;239.32163058;1;26;24.77798542
A5317;29900;73506;115000;DebtCon;Mgr;11;0;0;77.133333333;1;35;
A5318;29900;22000;;DebtCon;Other;2;2;0;81.133333333;11;10;
A5319;29900;131756;167302;DebtCon;Mgr;0;0;0;237.56224137;1;24;35.043100516
A5320;30000;74975;118886;DebtCon;Mgr;12;0;0;85.045754904;0;34;26.349131932
A5323;30000;12223;35875.06;DebtCon;Other;28.5;0;0;199.83333333;0;15;
A5324;30000;187000;293000;DebtCon;Other;28;0;0;156.63333333;0;23;
A5325;30000;32657;76000;DebtCon;Other;;;;288.33333333;0;16;
A5326;30000;48000;97000;DebtCon;Office;3;0;0;173.5;2;25;
A5327;30000;224000;282000;DebtCon;ProfExe;5;0;1;209.36666667;0;30;
A5328;30000;8875;57000;DebtCon;Other;0;0;0;100.46666667;1;6;
A5330;30000;17696;53100;DebtCon;Mgr;20;4;5;147.86666667;0;28;
A5331;30000;176000;240000;DebtCon;ProfExe;1;1;0;198.86666667;2;13;
A5332;30000;;46200;;;0;1;3;200.93333333;10;15;
A5334;30000;15214;38094;DebtCon;Other;26;0;0;199.46979091;0;15;39.549873804
A5335;30000;20000;38000;DebtCon;Other;0.9;0;0;59.833333333;0;7;
A5337;30100;92249;;HomeImp;Office;2;1;0;180.68015364;0;21;31.089120287
A5338;30100;138322;186139;DebtCon;ProfExe;2;0;0;215.75086797;2;19;39.189141603
A5339;30100;228006;285921;DebtCon;ProfExe;15;0;0;250.53988412;2;25;27.813291406
A5340;30100;78124;116280;DebtCon;Mgr;10;0;0;73.753383522;1;35;26.406331958
A5341;30100;42747;71360;DebtCon;Other;10;;;89.516265457;;24;34.036663762
A5342;30200;36000;73500;DebtCon;Office;14;0;1;202.96666667;0;33;
A5343;30200;80951;116160;DebtCon;ProfExe;19;4;0;130.36036182;0;58;50.352998788
A5344;30200;124000;171366;DebtCon;Mgr;13;0;0;176.5;2;28;
A5345;30200;20956;39333;DebtCon;Other;0;1;0;73.391797524;0;7;13.495367368
A5346;30200;106594;148695;DebtCon;Other;13;0;0;239.91840501;1;39;41.275208993
A5347;30200;34955;79556;DebtCon;Other;8;;;121.02331335;;23;32.804530596
A5348;30300;137927;182588;DebtCon;ProfExe;1;1;0;248.98067202;1;18;40.361852067
A5349;30300;;52545;;;1;1;3;187.72218451;10;15;2.5943644469
A5350;30300;54352;79302;DebtCon;Office;0;0;0;152.20277687;3;19;41.62936282
A5351;30300;109859;153240;DebtCon;ProfExe;10;0;0;172.68797976;0;17;34.549496477
A5352;30300;18306;66747;DebtCon;Other;1;0;0;95.181437553;1;6;37.582898412
A5353;30300;36014;76525;DebtCon;Mgr;14;0;0;88.934468851;5;16;34.9372716
A5354;30400;45747;78829;DebtCon;Office;0;0;0;174.36374815;3;18;41.256794683
A5355;30400;40386;68120;DebtCon;Mgr;12;1;0;98.820153684;5;15;34.020257191
A5356;30400;46948;80473;DebtCon;Office;0;0;0;151.59709716;2;19;37.753876623
A5357;30400;55429;103948;DebtCon;Office;3;0;0;182.48416421;1;25;35.150980788
A5358;30500;77246;121758;DebtCon;Mgr;10;0;0;79.21417248;0;34;26.521740538
A5359;30500;57516;103086;DebtCon;Office;3;0;0;166.19952717;2;24;37.814089094
A5360;30500;113822;148478;DebtCon;ProfExe;10;0;0;165.78827835;0;16;31.163207005
A5361;30500;108736;147531;DebtCon;Other;13;0;0;228.61035912;1;40;43.12276156
A5362;30500;138082;181157;DebtCon;ProfExe;2;1;0;219.24730717;1;19;40.874698522
A5363;30500;10952;65166;DebtCon;Other;0;0;0;91.951603506;1;6;37.692624384
A5364;30500;124225;181129;DebtCon;Mgr;11;0;0;189.43917118;2;28;43.168391726
A5365;30500;18375;61738;DebtCon;Mgr;20;3;5;141.70313333;0;28;45.354788696
A5366;30600;35332;71898;DebtCon;Other;10;;;115.21089553;;24;33.071350275
A5368;30600;231344;284199;DebtCon;ProfExe;7;0;1;202.52860351;0;29;15.823900056
A5370;30700;36804;83295;DebtCon;Other;;;;289.39981606;0;15;42.21386978
A5371;30700;14834;64870;DebtCon;Other;1;0;0;99.704362118;1;5;36.692324058
A5372;30800;129062;176389;DebtCon;Mgr;13;0;0;184.31937605;2;28;40.894302088
A5373;30800;29226;44735;DebtCon;Other;1;0;0;66.244719761;0;7;13.783965436
A5374;30800;15428;45495;DebtCon;Other;28;0;0;200.50912433;0;15;42.387985513
A5375;30800;195221;293118;DebtCon;Other;29;0;0;151.95741818;0;22;38.181027322
A5376;30800;147577;187129;DebtCon;Office;11;0;0;;0;0;42.362252638
A5378;30800;125787;175196;DebtCon;Mgr;13;0;0;157.8776807;2;29;41.350974526
A5379;30800;54981;82038;DebtCon;Office;2;0;0;165.07784739;2;19;41.239256279
A5381;30900;189798;301984;DebtCon;Other;28;0;0;150.91736328;0;22;37.236507841
A5382;30900;106717;;DebtCon;Mgr;4;2;4;172.43235473;0;13;47.795906106
A5383;30900;190480;298239;DebtCon;Other;27;0;1;164.60487057;0;23;39.601452126
A5384;31000;133471;188154;DebtCon;ProfExe;0;0;0;218.53826063;2;18;40.315083491
A5385;31000;67794;103535;DebtCon;Mgr;7;0;1;116.89898988;1;31;44.065428782
A5387;31000;118000;167000;DebtCon;ProfExe;17;0;0;127.03333333;1;17;
A5389;31000;13542;58827;DebtCon;Other;0;0;0;92.1329084;0;6;36.256968747
A5390;31000;51370;103298;DebtCon;Office;0;0;0;175.60961458;2;25;38.093414639
A5391;31100;73386;108864;HomeImp;Other;5;;;119.53951836;10;21;42.826600831
A5392;31100;136521;188264;DebtCon;ProfExe;1;1;0;227.65187783;2;19;38.518644882
A5393;31200;22907;46357;DebtCon;Other;0;0;0;62.416296878;0;6;15.028037471
A5394;31200;234304;290923;DebtCon;ProfExe;14;0;1;260.91977587;2;26;27.057234292
A5395;31200;14906;64767;DebtCon;Other;0;0;0;80.355570586;0;5;35.039075366
A5396;31200;124295;176185;DebtCon;Mgr;12;0;0;171.21441633;1;27;43.17681901
A5397;31200;15557;62847;DebtCon;Other;0;0;0;99.560441868;1;6;37.394118746
A5400;31300;119911;171916;DebtCon;ProfExe;16;0;0;140.44947135;0;16;27.689910704
A5401;31300;188655;298090;DebtCon;Other;28;0;0;153.0868546;0;22;40.296770712
A5403;31400;12617;36082;DebtCon;Other;30;0;0;205.4598874;0;15;41.979000667
A5405;31400;37750;76204;DebtCon;Other;;;;268.26493058;0;16;41.448763305
A5407;31500;15391;;HomeImp;;2.6;6;1;57.833333333;0;8;
A5408;31500;22100;35000;DebtCon;Other;1.9;2;0;85.233333333;2;14;
A5410;31500;49020;100700;DebtCon;Office;4;0;0;169.68903889;1;25;36.034644558
A5411;31500;10879;58089;DebtCon;Other;0;0;0;94.248035718;0;5;38.662402273
A5412;31500;224572;282839;DebtCon;ProfExe;7;0;1;212.75533106;0;29;16.626488981
A5413;31600;11478;66275;DebtCon;Other;1;0;0;97.198633924;1;5;35.945205753
A5414;31600;15036;44220;DebtCon;Other;28;0;0;204.70091689;0;14;42.618223461
A5416;31700;55247;103246;DebtCon;Office;3;0;0;177.27692791;1;25;35.302774108
A5417;31800;60279;97875;DebtCon;Mgr;6;0;11;312.43333333;0;46;
A5420;31800;70680;114720;HomeImp;Other;5;;;115.85024915;11;20;43.06942356
A5423;31800;37100;74796;DebtCon;Other;10;;;109.77658256;;23;33.688866161
A5424;31800;226152;283022;DebtCon;ProfExe;4;0;1;209.29737626;0;29;15.734143681
A5426;31900;34498;82962;DebtCon;Other;;;;285.2974893;0;16;41.155241247
A5427;31900;15150;61388;DebtCon;Other;1;0;0;101.85943871;1;5;37.816570803
A5428;31900;104092;143832;DebtCon;Other;15;0;0;235.20181946;1;40;43.691524423
A5429;31900;23517;47805;DebtCon;Other;0;0;0;78.813600281;0;7;16.727748096
A5430;31900;83226;115509;DebtCon;Mgr;11;0;0;79.030115608;0;34;26.521859522
A5431;31900;16363;43218;DebtCon;Other;29;0;0;200.3016025;0;14;42.094179105
A5432;32000;42478;85942;DebtCon;Other;;;;278.36388352;0;16;40.257221713
A5433;32000;33148;69965;DebtCon;ProfExe;13;2;4;112.51086544;3;27;36.021508666
A5434;32000;35219;76888;DebtCon;Other;9;;;110.4525208;;23;32.364212626
A5435;32000;232000;36300;DebtCon;Mgr;3;0;2;206.03333333;3;50;
A5437;32000;22832;43358;DebtCon;Other;1;0;0;68.328984239;0;7;13.665797689
A5438;32100;127901;176592;DebtCon;Mgr;12;0;0;186.6022388;2;27;40.959377082
A5439;32100;120725;168783;DebtCon;ProfExe;15;0;0;121.56041992;1;17;27.902221607
A5440;32200;16232;60238;DebtCon;Other;0;0;0;116.72974546;1;5;37.999081526
A5441;32200;118793;171024;DebtCon;ProfExe;16;0;0;119.60347765;1;16;29.011327721
A5442;32200;188427;293790;DebtCon;Other;27;0;0;157.72629076;0;23;37.065758884
A5444;32300;235343;45270;DebtCon;Mgr;3;0;1;210.92240343;3;49;41.264805515
A5445;32300;195243;294372;DebtCon;Other;27;0;0;150.20938052;0;22;39.072775661
A5446;32300;14163;60626;DebtCon;Other;0;0;0;109.03108797;1;6;36.501086508
A5448;32300;23448;45557;DebtCon;Other;0;0;0;69.199730766;0;7;15.778196676
A5451;32300;194350;299720;DebtCon;Other;28;0;0;170.19686736;0;23;40.251510027
A5452;32300;41877;78220;DebtCon;Other;8;;;121.99772938;;23;31.876262039
A5453;32400;51220;106361;DebtCon;Office;3;0;0;172.36214796;2;24;36.489097213
A5454;32400;103000;149500;DebtCon;Mgr;12;1;0;88.233333333;2;38;
A5455;32400;128523;179390;DebtCon;Mgr;13;0;0;150.08428711;1;28;43.144345509
A5456;32500;124548;169881;DebtCon;ProfExe;16;0;0;129.524283;1;17;28.85081359
A5457;32500;193409;297294;DebtCon;Other;30;0;0;150.79985354;0;22;40.59278045
A5459;32600;17918;40000;DebtCon;Mgr;7;0;0;45.666666667;0;7;
A5460;32600;233216;38583;DebtCon;Mgr;4;0;1;226.14698877;2;49;40.222182864
A5462;32700;14955;38584;DebtCon;Other;29;0;0;197.98631477;0;14;41.529096268
A5463;32700;39796;77819;DebtCon;Other;;;;294.43069578;0;15;40.237072957
A5465;32800;13781;43371;DebtCon;Other;28;0;0;203.83930475;0;14;40.657779937
A5466;32800;189564;296728;DebtCon;Other;27;0;0;155.53689674;0;23;38.05331686
A5467;32800;37231;80347;DebtCon;Other;9;;;113.93659292;;24;32.170019623
A5468;32900;232792;293949;DebtCon;ProfExe;13;0;1;275.69580522;1;26;27.878257844
A5469;32900;;55657;;;1;1;3;210.01226479;10;15;1.909225163
A5473;33000;18026;57436;DebtCon;Other;0;0;0;94.118968045;0;5;37.749933733
A5475;33000;54821;104724;DebtCon;Office;1;0;0;164.30091872;1;24;34.391907469
A5476;33000;153000;164000;DebtCon;Office;9;0;0;117.66666667;4;32;
A5478;33000;227543;289091;DebtCon;ProfExe;3;0;0;203.94158615;0;29;17.425633477
A5480;33100;236847;46091;DebtCon;Mgr;1;0;2;205.6506602;3;49;41.832674281
A5481;33100;111917;156552;DebtCon;Mgr;12;0;0;107.2948996;2;37;41.441548663
A5482;33100;238018;44379;DebtCon;Mgr;3;0;2;195.36525989;3;49;40.415598855
A5483;33200;36705;78040;DebtCon;Mgr;19;2;0;120.09014303;0;13;35.015748716
A5484;33200;195971;298682;DebtCon;Other;29;0;0;138.5666478;0;22;39.887562317
A5485;33200;119049;175867;DebtCon;ProfExe;17;0;0;112.46778525;0;16;28.51781662
A5486;33200;57419;103648;DebtCon;Office;4;0;0;175.38672313;1;25;34.286250508
A5487;33200;23858;40268;DebtCon;Other;0;0;0;56.603895448;0;7;16.695828595
A5489;33300;19675;47894;DebtCon;Mgr;6;0;0;42.435279654;0;7;36.668617075
A5490;33400;59000;85000;HomeImp;Self;2;0;7;240.43333333;3;26;
A5491;33400;20921;37363;DebtCon;Other;28;0;0;198.89704666;0;14;42.556362818
A5492;33400;37262;76717;DebtCon;Other;9;;;131.04498598;;24;32.021051449
A5494;33500;54079;66261;HomeImp;Mgr;15;4;0;142;0;14;
A5495;33500;18934;42328;DebtCon;Mgr;5;0;0;38.699227219;0;6;34.222246713
A5497;33500;240157;42013;DebtCon;Mgr;3;0;2;201.61229884;2;50;41.644794258
A5498;33500;49292;104421;DebtCon;Office;1;0;0;161.83323555;1;25;36.896099455
A5499;33500;18804;43982;DebtCon;Mgr;7;0;0;46.762906451;0;6;34.980371242
A5501;33600;79877;118554;DebtCon;Mgr;9;0;0;78.327767713;1;35;25.012020369
A5502;33600;233630;284049;DebtCon;ProfExe;4;0;0;218.99369621;0;30;14.072353758
A5503;33700;73877;124834;DebtCon;Mgr;10;0;0;68.482694591;0;34;25.960455093
A5504;33700;142468;195770;DebtCon;ProfExe;22;0;0;200.8607367;1;22;36.505271144
A5506;33700;28956;45640;DebtCon;Other;0;0;0;59.042703682;0;6;16.495080637
A5507;33700;132617;172152;DebtCon;Mgr;15;0;0;178.41118328;1;28;42.457644852
A5508;33700;147522;198737;DebtCon;ProfExe;20;0;0;188.14935613;1;21;37.308536262
A5509;33700;83471;133221;DebtCon;Mgr;29;0;0;334.58120661;0;19;39.095566258
A5510;33700;26395;48905;DebtCon;Mgr;6;0;0;48.710053215;0;7;36.42433271
A5512;33800;15648;43726;DebtCon;Other;29;0;0;198.45117369;0;14;42.511975049
A5515;33900;232317;38412;DebtCon;Mgr;2;0;2;213.20965137;3;50;42.557829098
A5516;33900;231455;290039;DebtCon;ProfExe;4;0;0;222.87464794;0;30;16.689490797
A5517;34000;121625;169369;DebtCon;ProfExe;15;0;0;112.31499706;0;17;28.994312374
A5518;34000;232312;286305;DebtCon;ProfExe;4;0;0;219.65893193;0;29;15.735934888
A5519;34000;57025;103563;DebtCon;Office;3;0;0;173.49413187;2;24;36.91389765
A5520;34100;139035;198788;DebtCon;ProfExe;23;0;0;171.96329162;1;22;37.685892078
A5522;34100;138523;196555;DebtCon;ProfExe;21;0;0;185.00543467;1;22;38.896039504
A5523;34100;241931;36486;DebtCon;Mgr;1;0;2;196.00883159;3;50;42.458581788
A5524;34200;119575;175235;DebtCon;ProfExe;16;0;0;131.54243821;1;16;27.149898515
A5525;34300;89000;137000;DebtCon;Other;12;0;0;63.933333333;1;36;
A5526;34300;146171;196270;DebtCon;ProfExe;19;0;0;195.55580104;1;21;37.949593407
A5527;34300;118911;168901;DebtCon;ProfExe;16;0;0;134.73402354;0;17;28.817515455
A5528;34400;97971;145124;DebtCon;Other;13;0;0;67.832041665;1;36;40.402705842
A5530;34500;109000;159500;DebtCon;Other;;0;0;250.63333333;3;14;
A5531;34600;169960;224716;DebtCon;Mgr;2;0;0;182.06846112;2;21;32.710204856
A5533;34600;143542;195327;DebtCon;ProfExe;23;0;0;174.63534866;1;22;37.447384006
A5535;34800;115191;165667;DebtCon;Other;;0;0;244.09766996;4;14;36.131175776
A5536;34800;121399;164000;DebtCon;Office;11;0;1;208;2;34;
A5537;34800;138680;190729;DebtCon;ProfExe;21;0;0;198.12333421;0;21;35.577239252
A5538;34800;139519;195663;DebtCon;ProfExe;22;0;0;182.66477215;0;22;36.955917364
A5539;34900;121550;174507;DebtCon;ProfExe;17;0;0;110.94310953;1;17;30.699303019
A5540;34900;236340;37598;DebtCon;Mgr;2;0;1;220.60253506;4;50;41.857415928
A5542;35000;239058;40848;DebtCon;Mgr;4;0;1;212.01540583;3;49;40.131815447
A5543;35000;227000;316000;HomeImp;ProfExe;3;0;0;160.26666667;1;25;
A5544;35000;31000;50000;DebtCon;Other;;0;0;;7;0;
A5546;35000;391000;505000;DebtCon;ProfExe;4.5;0;0;192.76666667;0;22;
A5547;35100;33844;55100;DebtCon;Other;;0;0;;6;0;34.70302378
A5548;35100;88197;132776;DebtCon;Mgr;30;0;0;333.04631226;0;20;39.294720942
A5549;35200;239513;37076;DebtCon;Mgr;0;0;1;183.37345235;2;49;40.779848704
A5550;35200;234682;37079;DebtCon;Mgr;2;0;1;216.6666372;2;50;40.410051409
A5551;35200;239987;43028;DebtCon;Mgr;2;0;1;210.18900524;3;49;41.336626731
A5553;35400;90295;139602;DebtCon;Other;12;0;0;62.806810713;0;35;40.22961403
A5554;35500;142713;196335;DebtCon;ProfExe;21;0;0;191.86611752;1;22;35.647442566
A5555;35600;116080;163905;DebtCon;Other;;0;0;252.37103693;3;14;34.62775217
A5556;35600;20552;46697;DebtCon;Mgr;7;0;0;45.14448683;0;6;36.062827417
A5557;35600;31807;51823;DebtCon;Other;;0;0;;7;0;34.443092173
A5558;35700;238104;43026;DebtCon;Mgr;3;0;1;206.64707856;3;49;41.276637124
A5560;35800;93309;137370;DebtCon;Other;12;0;0;70.024704689;0;36;41.861646853
A5562;36000;203680;270992;DebtCon;ProfExe;3;0;0;234.02397511;0;32;29.69634581
A5563;36000;124000;176000;DebtCon;Other;21;;;257.7;5;35;
A5564;36000;145908;190303;DebtCon;ProfExe;20;0;0;179.71924547;0;21;38.600764985
A5565;36000;89270;127834;DebtCon;Mgr;30;0;0;350.61952731;0;20;38.669072838
A5566;36100;94801;146627;DebtCon;Other;11;0;0;64.378792887;1;36;40.234871193
A5567;36100;36948;56236;DebtCon;Other;;0;0;;7;0;31.058018699
A5570;36200;36974;54452;DebtCon;Other;;0;0;;7;0;31.164353915
A5571;36200;36661;53622;DebtCon;Other;;0;0;;6;0;32.014691655
A5572;36300;35287;56532;DebtCon;Other;;0;0;;7;0;32.624531901
A5573;36300;22431;42834;DebtCon;Mgr;6;0;0;50.419594354;0;6;33.416148272
A5574;36300;25867;43823;DebtCon;Mgr;6;0;0;56.127339168;0;6;33.676739548
A5575;36300;26662;70000;DebtCon;ProfExe;5;0;0;190.8;2;18;
A5576;36300;142395;195120;DebtCon;ProfExe;22;0;0;185.35937208;0;22;38.355094886
A5577;36300;35072;74829;DebtCon;ProfExe;4;1;0;195.5596417;2;18;23.01985524
A5581;36400;204419;268745;DebtCon;ProfExe;4;0;0;267.92092198;0;31;32.747593119
A5582;36500;141200;195729;DebtCon;ProfExe;23;0;0;182.72889478;0;22;37.405509575
A5583;36500;84978;125000;DebtCon;Self;10;0;1;213.06666667;0;64;
A5584;36500;18101;42320;DebtCon;Mgr;7;0;0;49.746202815;0;7;36.501009332
A5585;36500;114350;164159;DebtCon;Other;;0;0;245.52325495;3;13;37.071332797
A5586;36500;87683;131532;DebtCon;Mgr;32;0;0;351.02575198;0;20;40.178651378
A5587;36600;397299;512650;DebtCon;ProfExe;4;0;0;197.51668389;0;21;43.458327417
A5588;36600;32590;58157;DebtCon;Other;;0;0;;6;0;33.016931024
A5589;36800;35447;59890;DebtCon;Other;;0;0;;7;0;31.17384352
A5590;36800;109378;163684;DebtCon;Other;;0;0;240.23287537;3;13;35.691542689
A5592;36800;125894;172184;DebtCon;Office;11;0;1;214.73116034;1;33;43.847543717
A5593;36900;111151;155000;HomeImp;ProfExe;12;0;0;137.96666667;0;40;
A5594;37000;34085;70596;DebtCon;ProfExe;3;0;0;195.36338382;2;18;25.59242395
A5595;37000;93378;145000;DebtCon;Sales;15;;2;368.7;1;27;
A5596;37000;36910;58338;DebtCon;Other;;0;0;;7;0;34.89158459
A5597;37200;35515;76591;DebtCon;ProfExe;6;0;0;203.70805458;1;17;22.432132089
A5598;37200;205922;267238;DebtCon;ProfExe;2;1;0;238.21147988;0;32;31.622843542
A5599;37200;202627;268857;DebtCon;ProfExe;3;0;0;248.1703603;0;31;31.85939856
A5600;37300;68789;86172;HomeImp;Self;2;0;6;235.63790564;2;25;114.0505277
A5601;37400;96798;145550;DebtCon;Other;12;0;0;63.901676947;1;35;40.594851726
A5602;37500;111248;159739;DebtCon;Other;;0;0;260.08148423;2;13;36.393348123
A5603;37500;127000;190900;DebtCon;Mgr;;1;0;181.63333333;0;25;
A5604;37600;33388;71282;DebtCon;ProfExe;4;0;0;202.1125682;2;18;25.196524185
A5605;37600;141000;200300;HomeImp;ProfExe;5;0;0;145.63333333;0;31;
A5608;37700;37200;51389;DebtCon;Other;;0;0;;6;0;32.774331021
A5609;37800;31214;58282;DebtCon;Other;;0;0;;7;0;34.226189581
A5610;37800;111412;166682;DebtCon;Other;;0;0;251.9567829;3;14;34.883410942
A5612;37900;150044;202894;HomeImp;ProfExe;5;0;0;156.03392791;0;30;36.311407672
A5613;38000;58200;108000;DebtCon;Mgr;16;0;1;195.83333333;0;22;
A5614;38000;24447;;DebtCon;Office;3;0;4;134.9;2;25;
A5615;38000;106000;160000;DebtCon;Other;24;0;6;240.46666667;0;33;
A5616;38000;290000;364000;DebtCon;ProfExe;0.3;0;0;126.83333333;6;32;
A5617;38000;97759;139899;DebtCon;Other;11;0;0;62.858669659;1;36;41.788492175
A5618;38000;94083;132791;DebtCon;Self;10;0;1;212.99272796;0;64;62.801732089
A5620;38100;33446;73289;DebtCon;ProfExe;5;0;0;180.84781496;1;18;23.820415335
A5621;38100;67559;113024;DebtCon;Mgr;16;0;0;190.67667138;0;22;40.239609635
A5622;38100;93544;142231;DebtCon;Other;11;0;0;55.109850313;0;36;41.295400304
A5623;38200;128081;196037;DebtCon;Mgr;;0;0;197.86549208;0;24;32.567856908
A5624;38200;147457;210065;HomeImp;ProfExe;3;0;0;148.73318489;0;31;35.89492543
A5626;38300;93255;144457;DebtCon;Other;10;0;0;73.656853928;1;36;41.939496061
A5627;38400;31458;71821;DebtCon;ProfExe;4;0;0;191.97555843;2;17;24.985362469
A5628;38600;136879;191860;DebtCon;Mgr;;1;0;185.31494511;0;25;35.059163233
A5629;38600;145590;209950;HomeImp;ProfExe;4;0;0;149.88112894;0;31;35.582788826
A5630;38700;;60000;DebtCon;Other;0;0;0;235.36666667;1;15;
A5632;38700;119847;162365;HomeImp;ProfExe;13;0;0;149.80279545;0;39;47.915112415
A5633;38800;31976;;DebtCon;Office;2;0;3;134.54388598;1;24;
A5634;38900;120006;160771;HomeImp;ProfExe;13;0;0;137.6353734;0;40;46.701585238
A5636;38900;31836;54976;DebtCon;Other;;0;0;;6;0;33.459245644
A5637;38900;200731;269450;DebtCon;ProfExe;3;0;0;237.34429659;0;32;29.294487897
A5638;39000;36335;50704;DebtCon;Other;;0;0;;7;0;31.244398501
A5639;39000;399412;511164;DebtCon;ProfExe;5;0;0;181.96240081;0;21;43.730031852
A5640;39000;3372;41500;HomeImp;ProfExe;4.3;0;0;326.66666667;6;15;
A5641;39100;128996;195061;DebtCon;Mgr;;1;0;167.66450863;0;25;31.805596283
A5642;39100;68135;108723;DebtCon;Mgr;15;0;1;193.6861891;0;22;38.578992713
A5643;39300;;62158;DebtCon;Other;0;0;0;238.87412923;1;14;1.0289309682
A5644;39300;27324;73924;DebtCon;ProfExe;6;0;0;190.34457453;1;18;25.053533525
A5645;39400;148631;207976;HomeImp;ProfExe;6;0;0;151.25694622;0;31;35.43199305
A5646;39400;162000;235000;DebtCon;Mgr;10;3;4;77.1;0;21;
A5647;39500;30972;70545;DebtCon;ProfExe;3;0;0;197.45242891;2;17;25.360557346
A5648;39500;;50000;DebtCon;Other;7;0;0;51.766666667;0;14;
A5649;39500;132485;192838;DebtCon;Mgr;;1;0;176.12388138;0;24;31.737478202
A5650;39500;68117;117084;DebtCon;Mgr;15;0;0;198.0997869;0;21;40.204874501
A5651;39600;134552;193455;DebtCon;Mgr;;0;0;185.19383656;0;25;33.217961697
A5652;39600;;44000;DebtCon;Other;;0;3;214.03333333;1;16;
A5653;39700;134586;193219;DebtCon;Mgr;;1;0;179.06935574;0;25;32.041133968
A5654;39700;146341;208296;HomeImp;ProfExe;5;0;0;139.4367339;0;31;35.459160501
A5655;39700;59360;117186;DebtCon;Mgr;16;0;1;203.13996827;0;22;40.138090445
A5656;39800;129611;191175;DebtCon;Mgr;;0;0;183.7992158;0;25;35.552486358
A5657;40000;76769;129000;DebtCon;Sales;30;0;0;286.3;2;35;
A5658;40000;134029;191990;DebtCon;Mgr;;1;0;178.7809596;0;24;34.521450249
A5659;40000;5118;62000;HomeImp;Office;;0;0;311.43333333;0;19;
A5660;40000;362000;465000;HomeImp;ProfExe;3;0;0;313.46666667;4;15;
A5661;40000;147224;225000;DebtCon;Self;2;0;4;158.2;3;28;
A5662;40000;53543;;DebtCon;Other;3.5;1;8;159.3;2;39;
A5663;40000;4742;;DebtCon;Mgr;5;7;1;304.36666667;6;21;
A5664;40000;120000;159000;DebtCon;Other;0;0;1;314.5;6;52;
A5665;40000;159000;225000;HomeImp;Self;5;0;0;6.1333333333;8;3;
A5666;40000;;850000;HomeImp;Other;17;0;0;186.66666667;1;24;
A5667;40000;331000;415000;DebtCon;ProfExe;22;0;0;242.46666667;8;34;
A5668;40000;145351;208657;HomeImp;ProfExe;3;0;0;153.82654377;0;31;36.099926976
A5669;40100;129625;197722;DebtCon;Mgr;;0;0;178.76739355;0;25;33.199310594
A5670;40100;58784;115430;DebtCon;Mgr;17;0;1;183.52005671;0;22;39.389156556
A5671;40300;369874;467112;HomeImp;ProfExe;2;0;0;328.19889377;4;15;40.799921408
A5673;40400;63131;109395;DebtCon;Mgr;14;0;0;198.44841872;0;21;39.55593621
A5674;40400;83786;131000;DebtCon;Office;34;;13;210.6;3;36;
A5675;40400;145423;203712;HomeImp;ProfExe;5;0;0;150.80439683;0;31;37.308013074
A5677;40500;145127;205613;HomeImp;ProfExe;5;0;0;143.1288344;0;30;35.337545404
A5678;40600;362909;466731;HomeImp;ProfExe;4;0;0;305.81241924;4;14;42.930339471
A5679;40600;15024;65109;HomeImp;Office;;0;0;313.6709263;0;19;15.629937413
A5680;40600;14534;60000;DebtCon;Other;20;0;0;206.96666667;1;31;
A5681;40700;150283;208676;HomeImp;ProfExe;5;0;0;152.10227147;0;31;36.90999415
A5682;40700;11541;64714;HomeImp;Office;;1;0;298.64853168;0;19;16.5302805
A5683;40700;371003;467818;HomeImp;ProfExe;1;0;0;316.60444181;3;14;41.723899221
A5684;40800;127034;198587;DebtCon;Mgr;;1;0;186.5429439;0;25;35.400021279
A5685;40800;12064;66193;HomeImp;Office;;0;0;305.78609895;0;18;12.935687689
A5686;40900;18760;69373;DebtCon;Other;19;0;0;211.6988199;1;31;39.922586879
A5687;40900;14719;69488;HomeImp;Office;;0;0;318.05545926;0;18;15.078011146
A5688;40900;217000;290000;DebtCon;ProfExe;30;1;0;230.26666667;2;25;
A5689;40900;149281;202877;HomeImp;ProfExe;4;0;0;156.78306895;0;30;34.416519814
A5690;40900;64674;111877;DebtCon;Mgr;15;0;0;201.73637289;0;21;40.456009873
A5691;41100;129281;194500;DebtCon;Mgr;;1;0;197.43206905;0;25;32.514768714
A5692;41100;94600;151000;DebtCon;Other;15;;1;220.13333333;4;31;
A5693;41100;59463;112626;DebtCon;Mgr;16;0;0;210.20396948;0;22;40.439555696
A5694;41200;48400;99500;DebtCon;Other;3;1;1;203.8;2;38;
A5696;41200;141705;207314;HomeImp;ProfExe;6;0;0;144.62241831;0;31;36.776263557
A5697;41300;42000;98000;DebtCon;ProfExe;12;0;0;222.2;0;23;
A5698;41400;362578;471827;HomeImp;ProfExe;1;0;0;292.13598502;4;15;40.772058491
A5700;41500;97536;158739;DebtCon;Other;13;;1;212.77443455;3;31;42.301907236
A5701;41600;;48319;DebtCon;Other;;5;;113.79890685;;20;29.041253408
A5702;41600;;53078;DebtCon;Other;;6;;108.87011668;;20;26.989440229
A5703;41600;365528;469694;HomeImp;ProfExe;3;0;0;304.98288407;3;15;43.363624328
A5704;41600;;44157;DebtCon;Other;;0;2;202.15154595;0;15;34.908631723
A5706;41700;12375;71029;HomeImp;Office;;0;0;325.28419315;0;19;16.101434141
A5707;41700;;854112;HomeImp;Other;16;0;0;180.60887818;0;23;42.071645383
A5708;41700;;854114;HomeImp;Other;18;0;0;189.09937822;1;23;43.258778977
A5709;41800;147416;227168;DebtCon;Self;2;0;4;157.66823593;3;28;
A5710;41800;5143;67205;HomeImp;Office;;0;0;317.92478397;0;18;14.853341066
A5711;41800;363737;469748;HomeImp;ProfExe;4;0;0;327.74375515;4;14;43.80929207
A5712;42000;9999;50681;HomeImp;ProfExe;3;0;0;326.06798565;5;15;12.386741311
A5713;42000;21314;68047;DebtCon;Other;21;0;0;209.89769417;1;30;39.946385352
A5714;42000;140000;;DebtCon;ProfExe;25;2;1;311.43333333;1;15;
A5715;42000;65889;125000;HomeImp;Other;10;0;0;102.5;1;13;
A5716;42000;102000;165000;DebtCon;Office;12;1;1;237.36666667;0;19;
A5717;42100;17852;65877;DebtCon;Other;18;0;0;201.43027015;1;30;43.195193566
A5718;42100;21137;65676;DebtCon;Other;21;0;0;194.34632446;1;31;43.205910577
A5719;42200;;55578;DebtCon;Other;;6;;115.87818912;;20;28.238412307
A5720;42200;21393;68111;DebtCon;Other;19;0;0;208.52292444;0;30;39.75171656
A5721;42200;21427;61457;DebtCon;Other;19;0;0;183.48181171;1;30;39.864738809
A5722;42300;367089;469771;HomeImp;ProfExe;3;0;0;310.05152353;4;14;42.603640874
A5723;42300;22434;65893;DebtCon;Other;18;0;0;205.53364284;1;31;43.228664583
A5724;42400;220757;297444;DebtCon;ProfExe;30;0;0;237.58980224;1;25;44.471099035
A5725;42500;9898;65778;HomeImp;Office;;0;0;318.25546193;0;18;15.652880789
A5726;42500;104027;158425;DebtCon;Other;14;;0;224.60137563;3;31;42.68375126
A5727;42600;13284;64273;HomeImp;Office;;0;0;310.39832249;0;19;15.249613012
A5728;42600;114000;174000;DebtCon;Self;12;0;0;183.43333333;0;5;
A5729;42600;22446;66485;DebtCon;Other;17;0;0;204.20363317;0;30;41.156275936
A5730;42700;9330;67950;HomeImp;Office;;0;0;305.70315333;0;19;12.846006168
A5731;42800;7382;71331;HomeImp;Office;;0;0;321.78085746;0;19;16.545062841
A5732;42800;9133;44083;HomeImp;ProfExe;5;0;0;333.91337361;5;15;13.417822254
A5734;42800;100919;158981;DebtCon;Other;14;;1;221.11781837;4;30;42.581615327
A5736;42900;101731;155688;DebtCon;Other;14;;1;235.35205699;3;30;43.181424488
A5737;42900;122372;175968;DebtCon;Self;13;0;0;160.72975574;0;4;39.469199606
A5738;43000;18388;64896;DebtCon;Other;20;0;0;207.06646325;0;31;40.77787713
A5739;43100;13356;64852;HomeImp;Office;;0;0;320.31054832;0;19;15.60459962
A5740;43100;8482;64282;HomeImp;Office;;0;0;312.11768946;0;19;16.353642579
A5741;43200;120310;178938;DebtCon;Self;10;0;0;196.28157917;0;5;40.165488129
A5742;43200;217036;291222;DebtCon;ProfExe;30;0;0;228.14645828;1;25;43.789499295
A5743;43200;367917;466755;HomeImp;ProfExe;3;0;0;312.30633923;4;15;42.62357404
A5744;43200;15635;60925;DebtCon;Other;19;0;0;212.11528008;0;30;40.460675816
A5746;43300;;53434;DebtCon;Other;;5;;113.73769083;;20;29.616532894
A5747;43300;;45924;DebtCon;Other;;1;1;207.3007302;0;17;33.678945978
A5748;43300;217840;299171;DebtCon;ProfExe;31;0;0;232.27006776;1;24;43.1146909
A5749;43300;;48908;DebtCon;Other;;5;;123.40285992;;19;28.192353244
A5750;43300;119351;179347;DebtCon;Self;13;0;0;178.95153943;0;4;37.980464023
A5751;43500;;51496;DebtCon;Other;;6;;109.27055956;;20;26.625879351
A5752;43500;;46571;DebtCon;Other;;5;;108.58663256;;19;29.371299872
A5753;43500;;855909;HomeImp;Other;16;0;0;196.40363636;0;23;42.985408377
A5754;43700;5137;67256;HomeImp;Office;;0;0;306.99537109;0;18;16.678676413
A5755;43700;;48535;DebtCon;Other;;6;;95.719805446;;19;26.981182976
A5756;43800;5884;64890;HomeImp;Office;;0;0;309.82754765;0;19;16.160450862
A5757;43800;;54046;DebtCon;Other;;5;;113.10435634;;19;29.997904971
A5758;43900;5149;67021;HomeImp;Office;;0;0;317.40930494;0;18;16.145688872
A5759;43900;120527;174003;DebtCon;Self;13;0;0;167.20836635;0;4;39.289348981
A5761;44000;68600;125000;DebtCon;Self;5;0;2;92.3;0;23;
A5763;44100;;51165;DebtCon;Other;;5;;130.4969829;;19;27.10511582
A5764;44400;100564;154708;DebtCon;Other;14;;0;253.91411096;3;30;43.902152357
A5766;44500;;50696;DebtCon;Other;;5;;128.65639343;;20;28.187139993
A5767;44900;95410;157649;DebtCon;Other;16;;1;216.10104618;4;31;40.483515251
A5768;45000;47321;115000;DebtCon;Other;;0;1;130.3;0;22;
A5769;45000;;76673;HomeImp;Office;11;0;0;297.3;0;13;
A5770;45000;87000;151000;DebtCon;Other;16;0;0;223.2;8;19;
A5771;45100;67552;128659;HomeImp;Other;10;0;0;83.323113419;0;13;43.874079432
A5772;45200;89427;157731;DebtCon;Other;17;0;0;209.76702855;8;18;39.167062892
A5773;45700;118247;174711;DebtCon;Self;11;0;0;170.65222452;0;5;37.730751386
A5776;46100;;86132;HomeImp;Office;10;0;0;301.92568796;0;13;33.914738063
A5778;46300;39800;41600;DebtCon;Other;;0;0;111.6;1;3;
A5781;46900;91672;158953;DebtCon;Other;16;0;0;221.13236316;8;19;38.109227516
A5783;47000;39000;99820;HomeImp;Self;9;0;0;203.8;3;36;
A5784;47000;164411;235500;DebtCon;Office;17;0;1;181.93333333;3;48;
A5785;47000;159500;230000;DebtCon;Office;3;0;0;;0;0;
A5786;47000;42437;109553;HomeImp;Self;10;0;0;206.71407561;2;35;40.142521056
A5787;47100;48062;107824;HomeImp;Self;9;0;0;203.68669838;2;35;41.526317397
A5788;47500;;83607;HomeImp;Office;10;0;0;298.43084814;0;12;32.408686133
A5789;47500;95847;152789;DebtCon;Other;16;0;0;230.06727728;8;18;38.959252878
A5791;47600;39364;108232;HomeImp;Self;9;0;0;199.33328593;2;35;40.189421966
A5792;47600;;86652;HomeImp;Office;7;0;0;304.05810226;0;13;31.571294918
A5793;47700;93909;154158;DebtCon;Other;14;0;0;227.2282602;8;19;41.338124724
A5794;47800;47354;119244;DebtCon;Other;;0;1;128.05109065;0;21;
A5795;47900;95377;157273;DebtCon;Other;16;0;0;236.30265954;8;18;39.103045244
A5796;48000;41392;106075;HomeImp;Self;8;0;0;203.08882088;2;35;38.633827318
A5797;48200;93127;159179;DebtCon;Other;16;0;0;216.00862038;8;19;38.128228035
A5798;48400;33300;60000;DebtCon;Office;5;1;;193.36666667;1;16;
A5799;48800;47476;105332;HomeImp;Self;9;0;0;194.13891853;3;36;40.653434674
A5800;48900;33903;68995;DebtCon;Office;6;0;;204.45211712;1;16;30.999236125
A5801;48900;41260;102771;HomeImp;Self;8;0;0;192.2261774;3;35;41.218714523
A5802;49200;40694;69777;DebtCon;Office;3;1;;205.10488241;0;16;30.214904343
A5804;49500;247500;;;Other;0;0;4;160.33333333;2;25;
A5805;49500;9000;55000;DebtCon;Other;3;0;0;;0;0;
A5806;49800;44462;102203;HomeImp;Self;8;0;0;207.56405016;3;37;40.302867689
A5807;49900;45455;102971;HomeImp;Self;9;0;0;197.96330934;2;36;42.064279228
A5808;50000;43689;104139;HomeImp;Self;9;0;0;219.41723912;2;35;38.559389057
A5809;50000;69400;163000;HomeImp;Other;1.3;0;1;103.13333333;;13;
A5810;50000;235000;295000;HomeImp;Mgr;6;0;1;110.56666667;8;23;
A5811;50000;220528;300900;HomeImp;Self;5;0;0;0;0;2;
A5812;50000;202601;288000;DebtCon;ProfExe;3;1;1;160.66666667;2;30;
A5813;50000;;82200;HomeImp;Other;;0;0;342.86666667;0;7;
A5814;50000;;78703;HomeImp;Self;10;0;0;179.56666667;1;22;
A5815;50000;44000;59000;DebtCon;Office;12;0;1;102.5;2;26;
A5816;50000;174900;250000;DebtCon;ProfExe;5.5;0;0;235.43333333;2;33;
A5817;50000;38000;;DebtCon;ProfExe;26;7;6;150.2;0;25;
A5818;50000;26976;;DebtCon;Mgr;8.3;1;0;111.6;1;6;
A5819;50000;106000;;DebtCon;Mgr;0.8;0;2;252.63333333;3;32;
A5821;50000;80286;145000;DebtCon;Other;12;;1;178.76659936;0;35;
A5822;50000;160000;235000;DebtCon;ProfExe;0.3;0;0;184.7;0;41;
A5824;50100;35910;64042;DebtCon;Office;4;0;;187.39358015;1;16;30.429246645
A5825;50100;;85756;HomeImp;Other;;0;0;348.78600991;0;6;23.219806012
A5827;50100;256431;;;Other;0;0;4;142.34320495;2;25;3.342569837
A5828;50200;;85567;HomeImp;Other;;0;0;351.18565237;0;6;24.084565842
A5829;50200;34668;;DebtCon;Mgr;7;1;0;117.68254783;1;5;36.72448606
A5830;50200;197770;271676;DebtCon;Mgr;16;0;0;146.86254129;1;20;42.926580203
A5831;50200;46670;102264;HomeImp;Self;9;0;0;211.23586038;3;35;38.680519709
A5833;50400;53992;63772;DebtCon;Office;12;0;1;98.822396477;2;25;40.425704342
A5834;50400;168561;244322;DebtCon;Office;16;0;1;184.52328535;3;47;47.417376045
A5835;50400;43635;104114;HomeImp;Self;10;0;0;224.4829394;3;35;40.851444098
A5836;50400;53024;65024;DebtCon;Office;12;0;0;103.18576169;1;25;40.867869732
A5837;50400;40140;103789;HomeImp;Self;9;0;0;208.76657482;3;35;40.015262668
A5838;50500;70318;172288;HomeImp;Other;0;0;1;106.20109859;;13;25.845263881
A5841;50800;;86207;HomeImp;Self;9;0;0;167.82361048;0;21;26.650512244
A5842;50800;48667;63130;DebtCon;Office;12;0;1;97.972183224;1;26;40.02592041
A5843;50800;44992;108486;HomeImp;Self;6;0;0;204.96248827;2;36;40.771305003
A5845;50900;;85196;HomeImp;Other;;0;0;351.45087807;0;6;21.595479997
A5846;50900;42541;68483;DebtCon;Office;5;1;;181.3903357;1;15;30.909712904
A5847;50900;22000;77826;HomeImp;Other;3;2;0;263.73333333;7;14;
A5848;50900;53334;63298;DebtCon;Office;12;0;0;106.68828922;1;25;37.312097364
A5849;51000;39609;60837;DebtCon;Office;5;0;;178.88867078;0;16;30.841045005
A5850;51100;28312;82300;HomeImp;Other;3;2;0;269.33597552;6;14;41.087535376
A5851;51100;178810;252724;DebtCon;ProfExe;6;0;0;252.98507166;2;32;39.351893191
A5853;51400;;79910;HomeImp;Self;13;1;0;169.91216775;0;21;26.251798423
A5854;51500;42041;67770;DebtCon;Office;6;0;;205.65657649;1;16;31.029002604
A5855;51500;;90003;HomeImp;Other;;0;0;347.80251427;0;7;25.324001925
A5857;51600;31536;81233;HomeImp;Other;2;1;0;267.13437417;6;13;40.155031167
A5858;51700;183615;257077;DebtCon;ProfExe;4;0;0;213.75585017;2;32;38.95331304
A5859;51700;181000;255026;DebtCon;ProfExe;6;0;0;253.74209857;1;33;40.017603281
A5861;52000;31305;83147;HomeImp;Other;3;1;0;268.38580771;7;14;42.402933466
A5862;52000;;85298;HomeImp;Self;10;0;0;178.57848226;1;21;25.513965638
A5864;52200;41301;67400;DebtCon;Office;5;1;;181.50235431;1;15;30.626188266
A5865;52200;;81115;HomeImp;Self;10;0;0;173.21428423;1;21;24.981882821
A5866;52300;;84584;HomeImp;Other;;1;0;350.92099628;0;7;24.355304246
A5867;52400;27234;83482;HomeImp;Other;2;2;0;250.61402393;6;14;40.54824598
A5868;52700;23905;82670;HomeImp;Other;4;2;0;253.35130183;7;14;42.836955133
A5869;52700;;80747;HomeImp;Self;10;0;0;174.12561564;0;21;25.264447543
A5871;52900;48825;59418;DebtCon;Office;13;0;0;102.33868297;1;25;38.751994986
A5872;53000;180371;256589;DebtCon;ProfExe;4;0;0;240.15780198;1;33;36.477617807
A5873;53200;182033;258678;DebtCon;ProfExe;5;0;0;227.71772921;2;32;39.931352839
A5874;53300;;84871;HomeImp;Self;8;0;0;169.34372393;1;21;24.031239503
A5875;53400;228236;305514;HomeImp;Self;6;0;0;11.148068505;0;2;34.558416715
A5876;53500;179116;257688;DebtCon;ProfExe;5;0;0;232.59595212;1;33;39.789899148
A5877;53600;235895;299772;HomeImp;Mgr;5;0;0;112.74828189;7;22;44.945929149
A5879;53700;49669;63995;DebtCon;Office;12;0;1;92.966312748;2;26;40.101623422
A5880;53700;25813;78955;HomeImp;Other;3;2;0;243.51485546;7;14;42.998456034
A5881;53700;;84205;HomeImp;Other;;0;0;339.66561472;0;7;22.639940355
A5883;53800;82324;154409;DebtCon;Other;10;;1;157.48401127;0;34;41.659044481
A5884;53800;;81322;HomeImp;Self;9;0;0;171.44755466;0;22;24.709060359
A5885;53900;;91309;HomeImp;Other;;0;0;349.79574811;0;6;22.061329914
A5886;54000;176922;256977;DebtCon;ProfExe;6;0;0;225.56569998;2;33;37.989689206
A5887;56800;95321;169000;DebtCon;Other;3;0;0;239.43333333;4;38;
A5888;57000;38000;68000;DebtCon;Other;3.5;0;0;97.4;0;21;
A5889;58000;39436;75446;DebtCon;Other;2;0;0;102.20935816;0;20;30.164553563
A5890;58100;42615;70584;DebtCon;Other;4;0;0;102.29911691;0;20;28.525768936
A5891;58900;40100;70672;DebtCon;Other;3;0;0;112.31951405;0;20;30.388430585
A5892;59200;119000;198000;DebtCon;ProfExe;9;0;0;309.13333333;2;27;
A5893;59200;43877;74768;DebtCon;Other;5;0;0;102.55031718;0;21;31.304267434
A5894;59500;47485;69981;DebtCon;Other;4;0;0;100.13931115;0;20;29.473673305
A5895;59700;39253;69299;DebtCon;Other;2;0;0;110.87622902;0;21;29.319500536
A5896;59800;42069;72082;DebtCon;Other;4;0;0;78.404073089;0;21;29.01621726
A5897;60000;86573;159920;DebtCon;ProfExe;7;0;5;332.73333333;3;22;
A5898;60000;122729;207797;DebtCon;ProfExe;9;0;0;313.33439671;2;27;35.028577921
A5899;60000;38944;69961;DebtCon;Other;2;0;0;96.693928882;0;20;28.385501018
A5900;60500;40669;70207;DebtCon;Other;3;0;0;96.266067961;0;21;29.36696636
A5902;62500;124491;198338;DebtCon;ProfExe;10;0;0;324.32073181;1;26;38.069751444
A5903;62700;120598;207803;DebtCon;ProfExe;9;0;0;304.31461506;2;26;36.436251812
A5904;62900;119903;201928;DebtCon;ProfExe;9;0;0;297.30748082;1;25;37.636502449
A5906;63900;62200;140030;HomeImp;Office;10;0;1;126.8;0;12;
A5907;64200;64888;145725;HomeImp;Office;10;0;1;136.94781122;0;11;40.531823103
A5908;64900;69786;148769;HomeImp;Office;10;0;0;129.08447886;0;11;43.519942711
A5912;65200;71061;141666;HomeImp;Office;10;0;1;134.68090672;0;11;43.56886383
A5913;65500;205156;290239;DebtCon;ProfExe;2;0;0;98.808205619;1;21;144.18900129
A5914;65800;71611;146689;HomeImp;Office;8;0;1;132.84662311;0;11;41.7807059
A5915;65800;70095;142922;HomeImp;Office;10;0;0;113.06982351;0;12;39.918789844
A5916;66000;62296;143982;HomeImp;Office;12;0;1;121.34944271;0;10;41.6125057
A5917;66400;69588;143926;HomeImp;Office;12;0;0;118.25448658;0;11;39.975347097
A5918;66500;64423;143341;HomeImp;Office;9;0;0;113.98444673;0;11;39.821439755
A5919;67400;66095;147203;HomeImp;Office;10;0;0;118.76476119;0;11;42.045672009
A5920;68000;191000;288000;DebtCon;Self;11;0;0;218.1;3;25;
A5921;68100;193298;288525;DebtCon;Self;10;0;0;228.28729515;2;25;30.395869434
A5922;68700;197356;291242;DebtCon;Self;10;0;0;217.80164742;2;24;29.423058044
A5923;69000;197587;295551;DebtCon;Self;10;0;0;211.77639117;3;24;30.356856518
A5924;69600;198702;293252;DebtCon;Self;10;0;0;208.29900684;2;24;27.761644137
A5925;69700;192163;293901;DebtCon;Self;10;0;0;222.14752562;2;24;29.038235992
A5926;69700;191972;294367;DebtCon;Self;10;0;0;230.70561338;2;25;28.201870511
A5927;70300;197761;294169;DebtCon;Self;9;0;0;212.23972489;2;24;28.907073332
A5929;70800;192044;292380;DebtCon;Self;10;0;0;221.60848575;2;25;30.37854757
A5930;71200;196601;289430;DebtCon;Self;12;0;0;226.91430725;2;25;29.220351072
A5931;72300;;85000;DebtCon;Other;1;0;0;117.16666667;9;23;
A5932;75400;;89609;DebtCon;Other;1;0;0;115.7635338;9;23;41.105568833
A5933;76500;38206;90000;DebtCon;Other;12;0;0;134.9;0;26;
A5934;77200;83962;215000;HomeImp;Self;8;1;2;71.533131923;3;14;
A5935;77400;87651;224630;HomeImp;Self;9;0;2;73.469630013;3;13;40.929793264
A5936;78400;13900;102910;HomeImp;;27;0;1;138;0;14;
A5937;78700;22762;102997;HomeImp;;25;0;0;146.63284161;0;13;34.300201816
A5938;79100;23553;103807;HomeImp;;25;0;1;142.19345794;0;13;31.469937398
A5939;79200;21694;103143;HomeImp;;26;0;1;139.93899893;0;14;31.333684784
A5940;79200;22940;110114;HomeImp;;28;0;1;144.61612625;0;13;32.366511586
A5942;80300;20370;109127;HomeImp;;27;0;1;142.17430035;0;13;33.468763239
A5943;80600;16337;109370;HomeImp;;28;0;0;137.43999135;0;14;34.202005032
A5945;81400;22344;108280;HomeImp;;25;0;0;148.11499352;0;14;34.285741432
A5948;82200;23197;110481;HomeImp;;26;0;1;127.76758759;0;14;30.942695109
A5949;86000;47355;85000;DebtCon;Other;15;0;0;210.96666667;0;16;
A5950;87000;48980;89764;DebtCon;Other;14;0;0;209.04311656;0;16;36.088037065
A5951;87500;55938;86794;DebtCon;Other;15;0;0;223.88104;0;16;36.753652674
A5952;88300;54004;94838;DebtCon;Other;16;0;0;193.70205076;0;15;36.262691334
A5953;88500;50240;94687;DebtCon;Other;16;0;0;214.42620557;0;16;34.751158347
A5954;88800;53307;94058;DebtCon;Other;16;0;0;218.30497768;0;15;34.24246473
A5955;88900;48919;93371;DebtCon;Other;15;0;1;205.65015947;0;15;34.818261819
A5956;88900;57264;90185;DebtCon;Other;16;0;0;221.80871754;0;16;36.112346519
A5958;89200;54045;92924;DebtCon;Other;15;0;0;212.27969667;0;15;35.55659049
A5959;89800;50370;91861;DebtCon;Other;14;0;0;213.89270901;0;16;34.340882368
